Args in experiment:
Namespace(is_training=1, model_id='weather_96_96', model='iTransformer', data='custom', root_path='./dataset/weather/', data_path='weather.csv', features='M', target='OT', freq='h', checkpoints='./checkpoints/', seq_len=96, label_len=48, pred_len=96, training_k=4, test_k=15, beta=0.1, gamma=0.5, enc_in=21, dec_in=21, c_out=21, d_model=512, n_heads=8, e_layers=2, d_layers=1, d_ff=512, moving_avg=25, factor=1, distil=True, dropout=0.1, embed='timeF', activation='gelu', output_attention=False, do_predict=False, num_workers=10, itr=1, train_epochs=30, batch_size=512, patience=3, learning_rate=0.001, des='Exp', loss='MSE', lradj='type1', use_amp=False, use_gpu=True, gpu=0, use_multi_gpu=False, devices='0,1,2,3', exp_name='MTSF', channel_independence=False, inverse=False, class_strategy='projection', target_root_path='./data/electricity/', target_data_path='electricity.csv', efficient_training=False, use_norm=True, partial_start_index=0)
Use GPU: cuda:0
>>>>>>>start training : weather_96_96_iTransformer_custom_M_ft96_sl48_ll96_pl512_dm8_nh2_el1_dl512_df1_fctimeF_ebTrue_dtExp_projection_trk4_tsk15_0>>>>>>>>>>>>>>>>>>>>>>>>>>
train 36408
val 5175
test 10444
Epoch: 1 cost time: 8.972353458404541
Epoch: 1, Steps: 71 | Train Loss: 1.0699294 Vali Loss: 0.4512254
Validation loss decreased (inf --> 0.451225).  Saving model ...
Updating learning rate to 0.0009000000000000001
Epoch: 2 cost time: 8.468740940093994
Epoch: 2, Steps: 71 | Train Loss: 0.9789222 Vali Loss: 0.4394329
Validation loss decreased (0.451225 --> 0.439433).  Saving model ...
Updating learning rate to 0.0008100000000000001
Epoch: 3 cost time: 8.59070897102356
Epoch: 3, Steps: 71 | Train Loss: 0.9540335 Vali Loss: 0.4332864
Validation loss decreased (0.439433 --> 0.433286).  Saving model ...
Updating learning rate to 0.0007290000000000002
Epoch: 4 cost time: 8.615365028381348
Epoch: 4, Steps: 71 | Train Loss: 0.9385575 Vali Loss: 0.4323729
Validation loss decreased (0.433286 --> 0.432373).  Saving model ...
Updating learning rate to 0.0006561000000000001
Epoch: 5 cost time: 8.748481512069702
Epoch: 5, Steps: 71 | Train Loss: 0.9188095 Vali Loss: 0.4297895
Validation loss decreased (0.432373 --> 0.429789).  Saving model ...
Updating learning rate to 0.00059049
Epoch: 6 cost time: 8.723783016204834
Epoch: 6, Steps: 71 | Train Loss: 0.9036789 Vali Loss: 0.4302841
EarlyStopping counter: 1 out of 3
Updating learning rate to 0.000531441
Epoch: 7 cost time: 8.676238536834717
Epoch: 7, Steps: 71 | Train Loss: 0.8949800 Vali Loss: 0.4375152
EarlyStopping counter: 2 out of 3
Updating learning rate to 0.0004782969000000001
Epoch: 8 cost time: 8.689512252807617
Epoch: 8, Steps: 71 | Train Loss: 0.8799664 Vali Loss: 0.4331499
EarlyStopping counter: 3 out of 3
Early stopping
>>>>>>>testing : weather_96_96_iTransformer_custom_M_ft96_sl48_ll96_pl512_dm8_nh2_el1_dl512_df1_fctimeF_ebTrue_dtExp_projection_trk4_tsk15_0<<<<<<<<<<<<<<<<<<<<<<<<<<<<<<<<<
test 9100
test shape: (9100, 1, 1440, 21) (9100, 1, 1440, 21)
test shape: (9100, 1440, 21) (9100, 1440, 21)
prediction length: 96, mse:0.1588732749223709, mae:0.2089425027370453
prediction length: 192, mse:0.2008042186498642, mae:0.24803636968135834
prediction length: 288, mse:0.23261301219463348, mae:0.2737809121608734
prediction length: 384, mse:0.25845441222190857, mae:0.2916678190231323
prediction length: 480, mse:0.27955928444862366, mae:0.3053847849369049
prediction length: 576, mse:0.2983749508857727, mae:0.3168531656265259
prediction length: 672, mse:0.3160321116447449, mae:0.327862024307251
prediction length: 768, mse:0.33141615986824036, mae:0.3376358449459076
prediction length: 864, mse:0.34546005725860596, mae:0.34643760323524475
prediction length: 960, mse:0.35802486538887024, mae:0.35410138964653015
prediction length: 1056, mse:0.36919355392456055, mae:0.3605082631111145
prediction length: 1152, mse:0.3799285888671875, mae:0.36638373136520386
prediction length: 1248, mse:0.3907822370529175, mae:0.37259194254875183
prediction length: 1344, mse:0.4011203348636627, mae:0.3785594701766968
prediction length: 1440, mse:0.41104257106781006, mae:0.3840320408344269
Args in experiment:
Namespace(is_training=1, model_id='weather_96_96', model='iTransformer', data='custom', root_path='./dataset/weather/', data_path='weather.csv', features='M', target='OT', freq='h', checkpoints='./checkpoints/', seq_len=96, label_len=48, pred_len=96, training_k=4, test_k=15, beta=0.1, gamma=0.5, enc_in=21, dec_in=21, c_out=21, d_model=512, n_heads=8, e_layers=2, d_layers=1, d_ff=512, moving_avg=25, factor=1, distil=True, dropout=0.1, embed='timeF', activation='gelu', output_attention=False, do_predict=False, num_workers=10, itr=2, train_epochs=30, batch_size=512, patience=3, learning_rate=0.001, des='Exp', loss='MSE', lradj='type1', use_amp=False, use_gpu=True, gpu=0, use_multi_gpu=False, devices='0,1,2,3', exp_name='MTSF', channel_independence=False, inverse=False, class_strategy='projection', target_root_path='./data/electricity/', target_data_path='electricity.csv', efficient_training=False, use_norm=True, partial_start_index=0)
Use GPU: cuda:0
>>>>>>>start training : weather_96_96_iTransformer_custom_M_ft96_sl48_ll96_pl512_dm8_nh2_el1_dl512_df1_fctimeF_ebTrue_dtExp_projection_trk4_tsk15_0>>>>>>>>>>>>>>>>>>>>>>>>>>
train 36408
val 5175
test 10444
Epoch: 1 cost time: 8.851147413253784
Epoch: 1, Steps: 71 | Train Loss: 1.0663440 Vali Loss: 0.4670559
Validation loss decreased (inf --> 0.467056).  Saving model ...
Updating learning rate to 0.0009000000000000001
Epoch: 2 cost time: 8.676417827606201
Epoch: 2, Steps: 71 | Train Loss: 0.9797833 Vali Loss: 0.4324332
Validation loss decreased (0.467056 --> 0.432433).  Saving model ...
Updating learning rate to 0.0008100000000000001
Epoch: 3 cost time: 8.705875873565674
Epoch: 3, Steps: 71 | Train Loss: 0.9501017 Vali Loss: 0.4321488
Validation loss decreased (0.432433 --> 0.432149).  Saving model ...
Updating learning rate to 0.0007290000000000002
Epoch: 4 cost time: 8.72407865524292
Epoch: 4, Steps: 71 | Train Loss: 0.9322161 Vali Loss: 0.4332682
EarlyStopping counter: 1 out of 3
Updating learning rate to 0.0006561000000000001
Epoch: 5 cost time: 8.724335193634033
Epoch: 5, Steps: 71 | Train Loss: 0.9288237 Vali Loss: 0.4313294
Validation loss decreased (0.432149 --> 0.431329).  Saving model ...
Updating learning rate to 0.00059049
Epoch: 6 cost time: 8.814847946166992
Epoch: 6, Steps: 71 | Train Loss: 0.9067450 Vali Loss: 0.4327170
EarlyStopping counter: 1 out of 3
Updating learning rate to 0.000531441
Epoch: 7 cost time: 8.851554870605469
Epoch: 7, Steps: 71 | Train Loss: 0.8917292 Vali Loss: 0.4310730
Validation loss decreased (0.431329 --> 0.431073).  Saving model ...
Updating learning rate to 0.0004782969000000001
Epoch: 8 cost time: 8.900505781173706
Epoch: 8, Steps: 71 | Train Loss: 0.8973075 Vali Loss: 0.4351065
EarlyStopping counter: 1 out of 3
Updating learning rate to 0.0004304672100000001
Epoch: 9 cost time: 8.896020650863647
Epoch: 9, Steps: 71 | Train Loss: 0.8787176 Vali Loss: 0.4352709
EarlyStopping counter: 2 out of 3
Updating learning rate to 0.0003874204890000001
Epoch: 10 cost time: 8.85499882698059
Epoch: 10, Steps: 71 | Train Loss: 0.8671931 Vali Loss: 0.4326726
EarlyStopping counter: 3 out of 3
Early stopping
>>>>>>>testing : weather_96_96_iTransformer_custom_M_ft96_sl48_ll96_pl512_dm8_nh2_el1_dl512_df1_fctimeF_ebTrue_dtExp_projection_trk4_tsk15_0<<<<<<<<<<<<<<<<<<<<<<<<<<<<<<<<<
test 9100
test shape: (9100, 1, 1440, 21) (9100, 1, 1440, 21)
test shape: (9100, 1440, 21) (9100, 1440, 21)
prediction length: 96, mse:0.15726587176322937, mae:0.20565539598464966
prediction length: 192, mse:0.19976650178432465, mae:0.24596823751926422
prediction length: 288, mse:0.23206636309623718, mae:0.27207401394844055
prediction length: 384, mse:0.25776758790016174, mae:0.2900339663028717
prediction length: 480, mse:0.27928707003593445, mae:0.30399006605148315
prediction length: 576, mse:0.29856181144714355, mae:0.3157322406768799
prediction length: 672, mse:0.31652575731277466, mae:0.3269766867160797
prediction length: 768, mse:0.3324603736400604, mae:0.33711543679237366
prediction length: 864, mse:0.34709370136260986, mae:0.3463302254676819
prediction length: 960, mse:0.36013063788414, mae:0.3542627692222595
prediction length: 1056, mse:0.3718836009502411, mae:0.3609029948711395
prediction length: 1152, mse:0.3831799030303955, mae:0.36705636978149414
prediction length: 1248, mse:0.39465445280075073, mae:0.37356117367744446
prediction length: 1344, mse:0.4055304527282715, mae:0.37979748845100403
prediction length: 1440, mse:0.41583311557769775, mae:0.38551515340805054
Use GPU: cuda:0
>>>>>>>start training : weather_96_96_iTransformer_custom_M_ft96_sl48_ll96_pl512_dm8_nh2_el1_dl512_df1_fctimeF_ebTrue_dtExp_projection_trk4_tsk15_1>>>>>>>>>>>>>>>>>>>>>>>>>>
train 36408
val 5175
test 10444
Epoch: 1 cost time: 8.927610635757446
Epoch: 1, Steps: 71 | Train Loss: 1.0644268 Vali Loss: 0.4515188
Validation loss decreased (inf --> 0.451519).  Saving model ...
Updating learning rate to 0.0009000000000000001
Epoch: 2 cost time: 9.03382396697998
Epoch: 2, Steps: 71 | Train Loss: 0.9809316 Vali Loss: 0.4423040
Validation loss decreased (0.451519 --> 0.442304).  Saving model ...
Updating learning rate to 0.0008100000000000001
Epoch: 3 cost time: 9.059197664260864
Epoch: 3, Steps: 71 | Train Loss: 0.9544089 Vali Loss: 0.4393760
Validation loss decreased (0.442304 --> 0.439376).  Saving model ...
Updating learning rate to 0.0007290000000000002
Epoch: 4 cost time: 9.139033317565918
Epoch: 4, Steps: 71 | Train Loss: 0.9300541 Vali Loss: 0.4292001
Validation loss decreased (0.439376 --> 0.429200).  Saving model ...
Updating learning rate to 0.0006561000000000001
Epoch: 5 cost time: 9.123679876327515
Epoch: 5, Steps: 71 | Train Loss: 0.9362251 Vali Loss: 0.4265033
Validation loss decreased (0.429200 --> 0.426503).  Saving model ...
Updating learning rate to 0.00059049
Epoch: 6 cost time: 9.146555423736572
Epoch: 6, Steps: 71 | Train Loss: 0.9129156 Vali Loss: 0.4384726
EarlyStopping counter: 1 out of 3
Updating learning rate to 0.000531441
Epoch: 7 cost time: 9.182430267333984
Epoch: 7, Steps: 71 | Train Loss: 0.8974145 Vali Loss: 0.4404057
EarlyStopping counter: 2 out of 3
Updating learning rate to 0.0004782969000000001
Epoch: 8 cost time: 9.217801094055176
Epoch: 8, Steps: 71 | Train Loss: 0.8861763 Vali Loss: 0.4407443
EarlyStopping counter: 3 out of 3
Early stopping
>>>>>>>testing : weather_96_96_iTransformer_custom_M_ft96_sl48_ll96_pl512_dm8_nh2_el1_dl512_df1_fctimeF_ebTrue_dtExp_projection_trk4_tsk15_1<<<<<<<<<<<<<<<<<<<<<<<<<<<<<<<<<
test 9100
test shape: (9100, 1, 1440, 21) (9100, 1, 1440, 21)
test shape: (9100, 1440, 21) (9100, 1440, 21)
prediction length: 96, mse:0.16042731702327728, mae:0.21024291217327118
prediction length: 192, mse:0.20180560648441315, mae:0.24891139566898346
prediction length: 288, mse:0.23326463997364044, mae:0.27380815148353577
prediction length: 384, mse:0.259385347366333, mae:0.29209139943122864
prediction length: 480, mse:0.2805645763874054, mae:0.3057679831981659
prediction length: 576, mse:0.29968664050102234, mae:0.3173213303089142
prediction length: 672, mse:0.31746360659599304, mae:0.3286842703819275
prediction length: 768, mse:0.3329637348651886, mae:0.3386361598968506
prediction length: 864, mse:0.34721729159355164, mae:0.3475744426250458
prediction length: 960, mse:0.3600021004676819, mae:0.3554297089576721
prediction length: 1056, mse:0.37145841121673584, mae:0.3619118928909302
prediction length: 1152, mse:0.3825801908969879, mae:0.36791980266571045
prediction length: 1248, mse:0.39371827244758606, mae:0.37423017621040344
prediction length: 1344, mse:0.40428426861763, mae:0.38019993901252747
prediction length: 1440, mse:0.4143131375312805, mae:0.38566523790359497
Args in experiment:
Namespace(is_training=1, model_id='weather_96_96', model='iTransformer', data='custom', root_path='./dataset/weather/', data_path='weather.csv', features='M', target='OT', freq='h', checkpoints='./checkpoints/', seq_len=96, label_len=48, pred_len=96, training_k=4, test_k=15, beta=0.1, gamma=0.5, enc_in=21, dec_in=21, c_out=21, d_model=512, n_heads=8, e_layers=2, d_layers=1, d_ff=512, moving_avg=25, factor=1, distil=True, dropout=0.1, embed='timeF', activation='gelu', output_attention=False, do_predict=False, num_workers=10, itr=3, train_epochs=30, batch_size=512, patience=3, learning_rate=0.001, des='Exp', loss='MSE', lradj='type1', use_amp=False, use_gpu=True, gpu=0, use_multi_gpu=False, devices='0,1,2,3', exp_name='MTSF', channel_independence=False, inverse=False, class_strategy='projection', target_root_path='./data/electricity/', target_data_path='electricity.csv', efficient_training=False, use_norm=True, partial_start_index=0)
Use GPU: cuda:0
>>>>>>>start training : weather_96_96_iTransformer_custom_M_ft96_sl48_ll96_pl512_dm8_nh2_el1_dl512_df1_fctimeF_ebTrue_dtExp_projection_trk4_tsk15_0>>>>>>>>>>>>>>>>>>>>>>>>>>
train 36408
val 5175
test 10444
Epoch: 1 cost time: 8.86201000213623
Epoch: 1, Steps: 71 | Train Loss: 1.0625452 Vali Loss: 0.4601466
Validation loss decreased (inf --> 0.460147).  Saving model ...
Updating learning rate to 0.0009000000000000001
Epoch: 2 cost time: 8.680861473083496
Epoch: 2, Steps: 71 | Train Loss: 0.9792017 Vali Loss: 0.4359697
Validation loss decreased (0.460147 --> 0.435970).  Saving model ...
Updating learning rate to 0.0008100000000000001
Epoch: 3 cost time: 8.701502799987793
Epoch: 3, Steps: 71 | Train Loss: 0.9511280 Vali Loss: 0.4350659
Validation loss decreased (0.435970 --> 0.435066).  Saving model ...
Updating learning rate to 0.0007290000000000002
Epoch: 4 cost time: 8.737866878509521
Epoch: 4, Steps: 71 | Train Loss: 0.9300288 Vali Loss: 0.4221395
Validation loss decreased (0.435066 --> 0.422139).  Saving model ...
Updating learning rate to 0.0006561000000000001
Epoch: 5 cost time: 8.760243892669678
Epoch: 5, Steps: 71 | Train Loss: 0.9187409 Vali Loss: 0.4296235
EarlyStopping counter: 1 out of 3
Updating learning rate to 0.00059049
Epoch: 6 cost time: 8.76633882522583
Epoch: 6, Steps: 71 | Train Loss: 0.9044770 Vali Loss: 0.4226971
EarlyStopping counter: 2 out of 3
Updating learning rate to 0.000531441
Epoch: 7 cost time: 8.812196254730225
Epoch: 7, Steps: 71 | Train Loss: 0.8896038 Vali Loss: 0.4234487
EarlyStopping counter: 3 out of 3
Early stopping
>>>>>>>testing : weather_96_96_iTransformer_custom_M_ft96_sl48_ll96_pl512_dm8_nh2_el1_dl512_df1_fctimeF_ebTrue_dtExp_projection_trk4_tsk15_0<<<<<<<<<<<<<<<<<<<<<<<<<<<<<<<<<
test 9100
test shape: (9100, 1, 1440, 21) (9100, 1, 1440, 21)
test shape: (9100, 1440, 21) (9100, 1440, 21)
prediction length: 96, mse:0.1589418351650238, mae:0.20910239219665527
prediction length: 192, mse:0.20093528926372528, mae:0.24829135835170746
prediction length: 288, mse:0.23330630362033844, mae:0.27400529384613037
prediction length: 384, mse:0.25920677185058594, mae:0.2920772135257721
prediction length: 480, mse:0.28056007623672485, mae:0.3058876693248749
prediction length: 576, mse:0.2999429404735565, mae:0.3175986707210541
prediction length: 672, mse:0.3178788721561432, mae:0.32876336574554443
prediction length: 768, mse:0.3336903154850006, mae:0.3387032747268677
prediction length: 864, mse:0.3484065532684326, mae:0.34786126017570496
prediction length: 960, mse:0.3614789843559265, mae:0.35573360323905945
prediction length: 1056, mse:0.3732449412345886, mae:0.3622698187828064
prediction length: 1152, mse:0.3847048580646515, mae:0.36840420961380005
prediction length: 1248, mse:0.39611849188804626, mae:0.3747546672821045
prediction length: 1344, mse:0.40701285004615784, mae:0.38083165884017944
prediction length: 1440, mse:0.41747039556503296, mae:0.3864896893501282
Use GPU: cuda:0
>>>>>>>start training : weather_96_96_iTransformer_custom_M_ft96_sl48_ll96_pl512_dm8_nh2_el1_dl512_df1_fctimeF_ebTrue_dtExp_projection_trk4_tsk15_1>>>>>>>>>>>>>>>>>>>>>>>>>>
train 36408
val 5175
test 10444
Epoch: 1 cost time: 8.888689041137695
Epoch: 1, Steps: 71 | Train Loss: 1.0659278 Vali Loss: 0.4565203
Validation loss decreased (inf --> 0.456520).  Saving model ...
Updating learning rate to 0.0009000000000000001
Epoch: 2 cost time: 8.947887182235718
Epoch: 2, Steps: 71 | Train Loss: 0.9772833 Vali Loss: 0.4471604
Validation loss decreased (0.456520 --> 0.447160).  Saving model ...
Updating learning rate to 0.0008100000000000001
Epoch: 3 cost time: 8.991209506988525
Epoch: 3, Steps: 71 | Train Loss: 0.9563378 Vali Loss: 0.4342888
Validation loss decreased (0.447160 --> 0.434289).  Saving model ...
Updating learning rate to 0.0007290000000000002
Epoch: 4 cost time: 9.00642466545105
Epoch: 4, Steps: 71 | Train Loss: 0.9388043 Vali Loss: 0.4351453
EarlyStopping counter: 1 out of 3
Updating learning rate to 0.0006561000000000001
Epoch: 5 cost time: 9.015026569366455
Epoch: 5, Steps: 71 | Train Loss: 0.9240110 Vali Loss: 0.4336678
Validation loss decreased (0.434289 --> 0.433668).  Saving model ...
Updating learning rate to 0.00059049
Epoch: 6 cost time: 9.079684972763062
Epoch: 6, Steps: 71 | Train Loss: 0.9047993 Vali Loss: 0.4316852
Validation loss decreased (0.433668 --> 0.431685).  Saving model ...
Updating learning rate to 0.000531441
Epoch: 7 cost time: 9.178639650344849
Epoch: 7, Steps: 71 | Train Loss: 0.8940215 Vali Loss: 0.4445350
EarlyStopping counter: 1 out of 3
Updating learning rate to 0.0004782969000000001
Epoch: 8 cost time: 9.117326974868774
Epoch: 8, Steps: 71 | Train Loss: 0.8834962 Vali Loss: 0.4432071
EarlyStopping counter: 2 out of 3
Updating learning rate to 0.0004304672100000001
Epoch: 9 cost time: 9.049197435379028
Epoch: 9, Steps: 71 | Train Loss: 0.8709156 Vali Loss: 0.4468472
EarlyStopping counter: 3 out of 3
Early stopping
>>>>>>>testing : weather_96_96_iTransformer_custom_M_ft96_sl48_ll96_pl512_dm8_nh2_el1_dl512_df1_fctimeF_ebTrue_dtExp_projection_trk4_tsk15_1<<<<<<<<<<<<<<<<<<<<<<<<<<<<<<<<<
test 9100
test shape: (9100, 1, 1440, 21) (9100, 1, 1440, 21)
test shape: (9100, 1440, 21) (9100, 1440, 21)
prediction length: 96, mse:0.1584751456975937, mae:0.20681487023830414
prediction length: 192, mse:0.2010151445865631, mae:0.2471608966588974
prediction length: 288, mse:0.23338057100772858, mae:0.273366779088974
prediction length: 384, mse:0.25953230261802673, mae:0.2917495667934418
prediction length: 480, mse:0.28092485666275024, mae:0.305912047624588
prediction length: 576, mse:0.30009517073631287, mae:0.31768301129341125
prediction length: 672, mse:0.3181423842906952, mae:0.3290044367313385
prediction length: 768, mse:0.3341512978076935, mae:0.33915194869041443
prediction length: 864, mse:0.3489018976688385, mae:0.3483063578605652
prediction length: 960, mse:0.36205628514289856, mae:0.35625624656677246
prediction length: 1056, mse:0.37406861782073975, mae:0.36298543214797974
prediction length: 1152, mse:0.38564422726631165, mae:0.36917051672935486
prediction length: 1248, mse:0.3973841667175293, mae:0.37569624185562134
prediction length: 1344, mse:0.4086211919784546, mae:0.38200342655181885
prediction length: 1440, mse:0.4192698299884796, mae:0.38780102133750916
Use GPU: cuda:0
>>>>>>>start training : weather_96_96_iTransformer_custom_M_ft96_sl48_ll96_pl512_dm8_nh2_el1_dl512_df1_fctimeF_ebTrue_dtExp_projection_trk4_tsk15_2>>>>>>>>>>>>>>>>>>>>>>>>>>
train 36408
val 5175
test 10444
Epoch: 1 cost time: 8.890396356582642
Epoch: 1, Steps: 71 | Train Loss: 1.0653871 Vali Loss: 0.4700305
Validation loss decreased (inf --> 0.470030).  Saving model ...
Updating learning rate to 0.0009000000000000001
Epoch: 2 cost time: 8.98358678817749
Epoch: 2, Steps: 71 | Train Loss: 0.9850693 Vali Loss: 0.4563262
Validation loss decreased (0.470030 --> 0.456326).  Saving model ...
Updating learning rate to 0.0008100000000000001
Epoch: 3 cost time: 9.024579286575317
Epoch: 3, Steps: 71 | Train Loss: 0.9570199 Vali Loss: 0.4514028
Validation loss decreased (0.456326 --> 0.451403).  Saving model ...
Updating learning rate to 0.0007290000000000002
Epoch: 4 cost time: 9.055474758148193
Epoch: 4, Steps: 71 | Train Loss: 0.9390402 Vali Loss: 0.4370239
Validation loss decreased (0.451403 --> 0.437024).  Saving model ...
Updating learning rate to 0.0006561000000000001
Epoch: 5 cost time: 9.023449182510376
Epoch: 5, Steps: 71 | Train Loss: 0.9253412 Vali Loss: 0.4456798
EarlyStopping counter: 1 out of 3
Updating learning rate to 0.00059049
Epoch: 6 cost time: 9.069397449493408
Epoch: 6, Steps: 71 | Train Loss: 0.9239869 Vali Loss: 0.4355733
Validation loss decreased (0.437024 --> 0.435573).  Saving model ...
Updating learning rate to 0.000531441
Epoch: 7 cost time: 9.14503526687622
Epoch: 7, Steps: 71 | Train Loss: 0.9000708 Vali Loss: 0.4451360
EarlyStopping counter: 1 out of 3
Updating learning rate to 0.0004782969000000001
Epoch: 8 cost time: 9.1803719997406
Epoch: 8, Steps: 71 | Train Loss: 0.8879754 Vali Loss: 0.4450824
EarlyStopping counter: 2 out of 3
Updating learning rate to 0.0004304672100000001
Epoch: 9 cost time: 9.180968284606934
Epoch: 9, Steps: 71 | Train Loss: 0.8767014 Vali Loss: 0.4413969
EarlyStopping counter: 3 out of 3
Early stopping
>>>>>>>testing : weather_96_96_iTransformer_custom_M_ft96_sl48_ll96_pl512_dm8_nh2_el1_dl512_df1_fctimeF_ebTrue_dtExp_projection_trk4_tsk15_2<<<<<<<<<<<<<<<<<<<<<<<<<<<<<<<<<
test 9100
test shape: (9100, 1, 1440, 21) (9100, 1, 1440, 21)
test shape: (9100, 1440, 21) (9100, 1440, 21)
prediction length: 96, mse:0.16024412214756012, mae:0.2085951268672943
prediction length: 192, mse:0.2026597112417221, mae:0.24793203175067902
prediction length: 288, mse:0.23438085615634918, mae:0.27363377809524536
prediction length: 384, mse:0.2602958679199219, mae:0.29173192381858826
prediction length: 480, mse:0.2814185321331024, mae:0.3053168058395386
prediction length: 576, mse:0.3002585470676422, mae:0.3167988359928131
prediction length: 672, mse:0.318169504404068, mae:0.32801923155784607
prediction length: 768, mse:0.3338469862937927, mae:0.33787965774536133
prediction length: 864, mse:0.3481205403804779, mae:0.3467555344104767
prediction length: 960, mse:0.3610067665576935, mae:0.3545819818973541
prediction length: 1056, mse:0.3726223111152649, mae:0.3610762357711792
prediction length: 1152, mse:0.38369688391685486, mae:0.3670329749584198
prediction length: 1248, mse:0.3949851095676422, mae:0.37339484691619873
prediction length: 1344, mse:0.4056975841522217, mae:0.37939751148223877
prediction length: 1440, mse:0.41575300693511963, mae:0.3848296105861664
Args in experiment:
Namespace(is_training=1, model_id='weather_96_96', model='iTransformer', data='custom', root_path='./dataset/weather/', data_path='weather.csv', features='M', target='OT', freq='h', checkpoints='./checkpoints/', seq_len=96, label_len=48, pred_len=96, training_k=4, test_k=15, beta=0.1, gamma=0.5, enc_in=21, dec_in=21, c_out=21, d_model=512, n_heads=8, e_layers=2, d_layers=1, d_ff=512, moving_avg=25, factor=1, distil=True, dropout=0.1, embed='timeF', activation='gelu', output_attention=False, do_predict=False, num_workers=10, itr=4, train_epochs=30, batch_size=512, patience=3, learning_rate=0.001, des='Exp', loss='MSE', lradj='type1', use_amp=False, use_gpu=True, gpu=0, use_multi_gpu=False, devices='0,1,2,3', exp_name='MTSF', channel_independence=False, inverse=False, class_strategy='projection', target_root_path='./data/electricity/', target_data_path='electricity.csv', efficient_training=False, use_norm=True, partial_start_index=0)
Use GPU: cuda:0
>>>>>>>start training : weather_96_96_iTransformer_custom_M_ft96_sl48_ll96_pl512_dm8_nh2_el1_dl512_df1_fctimeF_ebTrue_dtExp_projection_trk4_tsk15_0>>>>>>>>>>>>>>>>>>>>>>>>>>
train 36408
val 5175
test 10444
Epoch: 1 cost time: 8.839494466781616
Epoch: 1, Steps: 71 | Train Loss: 1.0647199 Vali Loss: 0.4654636
Validation loss decreased (inf --> 0.465464).  Saving model ...
Updating learning rate to 0.0009000000000000001
Epoch: 2 cost time: 8.640117883682251
Epoch: 2, Steps: 71 | Train Loss: 0.9820797 Vali Loss: 0.4481227
Validation loss decreased (0.465464 --> 0.448123).  Saving model ...
Updating learning rate to 0.0008100000000000001
Epoch: 3 cost time: 8.722157716751099
Epoch: 3, Steps: 71 | Train Loss: 0.9617999 Vali Loss: 0.4469745
Validation loss decreased (0.448123 --> 0.446974).  Saving model ...
Updating learning rate to 0.0007290000000000002
Epoch: 4 cost time: 8.749899625778198
Epoch: 4, Steps: 71 | Train Loss: 0.9405977 Vali Loss: 0.4352129
Validation loss decreased (0.446974 --> 0.435213).  Saving model ...
Updating learning rate to 0.0006561000000000001
Epoch: 5 cost time: 8.75756549835205
Epoch: 5, Steps: 71 | Train Loss: 0.9241480 Vali Loss: 0.4383593
EarlyStopping counter: 1 out of 3
Updating learning rate to 0.00059049
Epoch: 6 cost time: 8.748118162155151
Epoch: 6, Steps: 71 | Train Loss: 0.9207513 Vali Loss: 0.4391523
EarlyStopping counter: 2 out of 3
Updating learning rate to 0.000531441
Epoch: 7 cost time: 8.80105471611023
Epoch: 7, Steps: 71 | Train Loss: 0.9026130 Vali Loss: 0.4405185
EarlyStopping counter: 3 out of 3
Early stopping
>>>>>>>testing : weather_96_96_iTransformer_custom_M_ft96_sl48_ll96_pl512_dm8_nh2_el1_dl512_df1_fctimeF_ebTrue_dtExp_projection_trk4_tsk15_0<<<<<<<<<<<<<<<<<<<<<<<<<<<<<<<<<
test 9100
test shape: (9100, 1, 1440, 21) (9100, 1, 1440, 21)
test shape: (9100, 1440, 21) (9100, 1440, 21)
prediction length: 96, mse:0.16219930350780487, mae:0.21115373075008392
prediction length: 192, mse:0.20338968932628632, mae:0.24935117363929749
prediction length: 288, mse:0.2348625808954239, mae:0.274541974067688
prediction length: 384, mse:0.26061949133872986, mae:0.29290738701820374
prediction length: 480, mse:0.2820233702659607, mae:0.30699270963668823
prediction length: 576, mse:0.3013700544834137, mae:0.3188606798648834
prediction length: 672, mse:0.3193162679672241, mae:0.3303650915622711
prediction length: 768, mse:0.3352629542350769, mae:0.3406441807746887
prediction length: 864, mse:0.34986448287963867, mae:0.3499264121055603
prediction length: 960, mse:0.36296606063842773, mae:0.35806646943092346
prediction length: 1056, mse:0.3750731348991394, mae:0.36505943536758423
prediction length: 1152, mse:0.3867422640323639, mae:0.371507853269577
prediction length: 1248, mse:0.39854592084884644, mae:0.3782770335674286
prediction length: 1344, mse:0.40995195508003235, mae:0.38483405113220215
prediction length: 1440, mse:0.4207933843135834, mae:0.3908407986164093
Use GPU: cuda:0
>>>>>>>start training : weather_96_96_iTransformer_custom_M_ft96_sl48_ll96_pl512_dm8_nh2_el1_dl512_df1_fctimeF_ebTrue_dtExp_projection_trk4_tsk15_1>>>>>>>>>>>>>>>>>>>>>>>>>>
train 36408
val 5175
test 10444
Epoch: 1 cost time: 8.923516511917114
Epoch: 1, Steps: 71 | Train Loss: 1.0611941 Vali Loss: 0.4349228
Validation loss decreased (inf --> 0.434923).  Saving model ...
Updating learning rate to 0.0009000000000000001
Epoch: 2 cost time: 8.9799165725708
Epoch: 2, Steps: 71 | Train Loss: 0.9747146 Vali Loss: 0.4396707
EarlyStopping counter: 1 out of 3
Updating learning rate to 0.0008100000000000001
Epoch: 3 cost time: 8.963999271392822
Epoch: 3, Steps: 71 | Train Loss: 0.9546751 Vali Loss: 0.4556695
EarlyStopping counter: 2 out of 3
Updating learning rate to 0.0007290000000000002
Epoch: 4 cost time: 9.039214372634888
Epoch: 4, Steps: 71 | Train Loss: 0.9436887 Vali Loss: 0.4345178
Validation loss decreased (0.434923 --> 0.434518).  Saving model ...
Updating learning rate to 0.0006561000000000001
Epoch: 5 cost time: 9.05582571029663
Epoch: 5, Steps: 71 | Train Loss: 0.9225707 Vali Loss: 0.4285640
Validation loss decreased (0.434518 --> 0.428564).  Saving model ...
Updating learning rate to 0.00059049
Epoch: 6 cost time: 9.147369861602783
Epoch: 6, Steps: 71 | Train Loss: 0.9066675 Vali Loss: 0.4438201
EarlyStopping counter: 1 out of 3
Updating learning rate to 0.000531441
Epoch: 7 cost time: 9.091440200805664
Epoch: 7, Steps: 71 | Train Loss: 0.8949711 Vali Loss: 0.4469369
EarlyStopping counter: 2 out of 3
Updating learning rate to 0.0004782969000000001
Epoch: 8 cost time: 9.132776737213135
Epoch: 8, Steps: 71 | Train Loss: 0.8849925 Vali Loss: 0.4354255
EarlyStopping counter: 3 out of 3
Early stopping
>>>>>>>testing : weather_96_96_iTransformer_custom_M_ft96_sl48_ll96_pl512_dm8_nh2_el1_dl512_df1_fctimeF_ebTrue_dtExp_projection_trk4_tsk15_1<<<<<<<<<<<<<<<<<<<<<<<<<<<<<<<<<
test 9100
test shape: (9100, 1, 1440, 21) (9100, 1, 1440, 21)
test shape: (9100, 1440, 21) (9100, 1440, 21)
prediction length: 96, mse:0.15946471691131592, mae:0.20864656567573547
prediction length: 192, mse:0.2020931988954544, mae:0.24843095242977142
prediction length: 288, mse:0.23454549908638, mae:0.27477768063545227
prediction length: 384, mse:0.26043859124183655, mae:0.2931954264640808
prediction length: 480, mse:0.2824314832687378, mae:0.3078363537788391
prediction length: 576, mse:0.3018294870853424, mae:0.31979838013648987
prediction length: 672, mse:0.31983840465545654, mae:0.33140572905540466
prediction length: 768, mse:0.33614638447761536, mae:0.34214678406715393
prediction length: 864, mse:0.3511420786380768, mae:0.3517731726169586
prediction length: 960, mse:0.3644818067550659, mae:0.3602880835533142
prediction length: 1056, mse:0.3768760561943054, mae:0.36760276556015015
prediction length: 1152, mse:0.3887251913547516, mae:0.37427082657814026
prediction length: 1248, mse:0.40059834718704224, mae:0.3813086152076721
prediction length: 1344, mse:0.41226211190223694, mae:0.3882211446762085
prediction length: 1440, mse:0.42332926392555237, mae:0.39459097385406494
Use GPU: cuda:0
>>>>>>>start training : weather_96_96_iTransformer_custom_M_ft96_sl48_ll96_pl512_dm8_nh2_el1_dl512_df1_fctimeF_ebTrue_dtExp_projection_trk4_tsk15_2>>>>>>>>>>>>>>>>>>>>>>>>>>
train 36408
val 5175
test 10444
Epoch: 1 cost time: 8.940946578979492
Epoch: 1, Steps: 71 | Train Loss: 1.0693147 Vali Loss: 0.4599941
Validation loss decreased (inf --> 0.459994).  Saving model ...
Updating learning rate to 0.0009000000000000001
Epoch: 2 cost time: 9.001800775527954
Epoch: 2, Steps: 71 | Train Loss: 0.9807679 Vali Loss: 0.4427353
Validation loss decreased (0.459994 --> 0.442735).  Saving model ...
Updating learning rate to 0.0008100000000000001
Epoch: 3 cost time: 9.04413914680481
Epoch: 3, Steps: 71 | Train Loss: 0.9578687 Vali Loss: 0.4373754
Validation loss decreased (0.442735 --> 0.437375).  Saving model ...
Updating learning rate to 0.0007290000000000002
Epoch: 4 cost time: 9.081570625305176
Epoch: 4, Steps: 71 | Train Loss: 0.9377811 Vali Loss: 0.4480236
EarlyStopping counter: 1 out of 3
Updating learning rate to 0.0006561000000000001
Epoch: 5 cost time: 9.086491107940674
Epoch: 5, Steps: 71 | Train Loss: 0.9233160 Vali Loss: 0.4338345
Validation loss decreased (0.437375 --> 0.433834).  Saving model ...
Updating learning rate to 0.00059049
Epoch: 6 cost time: 9.104012250900269
Epoch: 6, Steps: 71 | Train Loss: 0.9080373 Vali Loss: 0.4479263
EarlyStopping counter: 1 out of 3
Updating learning rate to 0.000531441
Epoch: 7 cost time: 9.130431413650513
Epoch: 7, Steps: 71 | Train Loss: 0.8942169 Vali Loss: 0.4451620
EarlyStopping counter: 2 out of 3
Updating learning rate to 0.0004782969000000001
Epoch: 8 cost time: 9.176970481872559
Epoch: 8, Steps: 71 | Train Loss: 0.8794511 Vali Loss: 0.4507112
EarlyStopping counter: 3 out of 3
Early stopping
>>>>>>>testing : weather_96_96_iTransformer_custom_M_ft96_sl48_ll96_pl512_dm8_nh2_el1_dl512_df1_fctimeF_ebTrue_dtExp_projection_trk4_tsk15_2<<<<<<<<<<<<<<<<<<<<<<<<<<<<<<<<<
test 9100
test shape: (9100, 1, 1440, 21) (9100, 1, 1440, 21)
test shape: (9100, 1440, 21) (9100, 1440, 21)
prediction length: 96, mse:0.15962664783000946, mae:0.20944057404994965
prediction length: 192, mse:0.20239262282848358, mae:0.24921223521232605
prediction length: 288, mse:0.23440653085708618, mae:0.2748090624809265
prediction length: 384, mse:0.2605538070201874, mae:0.2929748296737671
prediction length: 480, mse:0.2821842133998871, mae:0.30695605278015137
prediction length: 576, mse:0.30168232321739197, mae:0.3188779652118683
prediction length: 672, mse:0.31986522674560547, mae:0.3303624391555786
prediction length: 768, mse:0.33602815866470337, mae:0.340707391500473
prediction length: 864, mse:0.3507910668849945, mae:0.3499862253665924
prediction length: 960, mse:0.3640863299369812, mae:0.3581099808216095
prediction length: 1056, mse:0.3760891556739807, mae:0.3649756908416748
prediction length: 1152, mse:0.38777822256088257, mae:0.37131166458129883
prediction length: 1248, mse:0.39951249957084656, mae:0.37797313928604126
prediction length: 1344, mse:0.4107200801372528, mae:0.3844568729400635
prediction length: 1440, mse:0.4212895333766937, mae:0.390389084815979
Use GPU: cuda:0
>>>>>>>start training : weather_96_96_iTransformer_custom_M_ft96_sl48_ll96_pl512_dm8_nh2_el1_dl512_df1_fctimeF_ebTrue_dtExp_projection_trk4_tsk15_3>>>>>>>>>>>>>>>>>>>>>>>>>>
train 36408
val 5175
test 10444
Epoch: 1 cost time: 8.903865575790405
Epoch: 1, Steps: 71 | Train Loss: 1.0703426 Vali Loss: 0.4652868
Validation loss decreased (inf --> 0.465287).  Saving model ...
Updating learning rate to 0.0009000000000000001
Epoch: 2 cost time: 9.017683744430542
Epoch: 2, Steps: 71 | Train Loss: 0.9782601 Vali Loss: 0.4344398
Validation loss decreased (0.465287 --> 0.434440).  Saving model ...
Updating learning rate to 0.0008100000000000001
Epoch: 3 cost time: 8.981265306472778
Epoch: 3, Steps: 71 | Train Loss: 0.9546616 Vali Loss: 0.4300843
Validation loss decreased (0.434440 --> 0.430084).  Saving model ...
Updating learning rate to 0.0007290000000000002
Epoch: 4 cost time: 9.033839464187622
Epoch: 4, Steps: 71 | Train Loss: 0.9376256 Vali Loss: 0.4316435
EarlyStopping counter: 1 out of 3
Updating learning rate to 0.0006561000000000001
Epoch: 5 cost time: 9.066737413406372
Epoch: 5, Steps: 71 | Train Loss: 0.9264840 Vali Loss: 0.4302212
EarlyStopping counter: 2 out of 3
Updating learning rate to 0.00059049
Epoch: 6 cost time: 9.067495107650757
Epoch: 6, Steps: 71 | Train Loss: 0.9221110 Vali Loss: 0.4343658
EarlyStopping counter: 3 out of 3
Early stopping
>>>>>>>testing : weather_96_96_iTransformer_custom_M_ft96_sl48_ll96_pl512_dm8_nh2_el1_dl512_df1_fctimeF_ebTrue_dtExp_projection_trk4_tsk15_3<<<<<<<<<<<<<<<<<<<<<<<<<<<<<<<<<
test 9100
test shape: (9100, 1, 1440, 21) (9100, 1, 1440, 21)
test shape: (9100, 1440, 21) (9100, 1440, 21)
prediction length: 96, mse:0.16580531001091003, mae:0.2162197083234787
prediction length: 192, mse:0.20683826506137848, mae:0.2534320652484894
prediction length: 288, mse:0.23763522505760193, mae:0.2773469090461731
prediction length: 384, mse:0.26334795355796814, mae:0.2953606843948364
prediction length: 480, mse:0.28467267751693726, mae:0.30938151478767395
prediction length: 576, mse:0.30377689003944397, mae:0.32080549001693726
prediction length: 672, mse:0.32127493619918823, mae:0.3319571614265442
prediction length: 768, mse:0.3371447026729584, mae:0.3421817123889923
prediction length: 864, mse:0.35177507996559143, mae:0.35132962465286255
prediction length: 960, mse:0.36442986130714417, mae:0.35911622643470764
prediction length: 1056, mse:0.3762475550174713, mae:0.36579665541648865
prediction length: 1152, mse:0.3876725435256958, mae:0.37195318937301636
prediction length: 1248, mse:0.3989344537258148, mae:0.3783605694770813
prediction length: 1344, mse:0.4098872244358063, mae:0.38455551862716675
prediction length: 1440, mse:0.4203721582889557, mae:0.3902961313724518
Args in experiment:
Namespace(is_training=1, model_id='weather_96_96', model='iTransformer', data='custom', root_path='./dataset/weather/', data_path='weather.csv', features='M', target='OT', freq='h', checkpoints='./checkpoints/', seq_len=96, label_len=48, pred_len=96, training_k=4, test_k=15, beta=0.1, gamma=0.5, enc_in=21, dec_in=21, c_out=21, d_model=512, n_heads=8, e_layers=2, d_layers=1, d_ff=512, moving_avg=25, factor=1, distil=True, dropout=0.1, embed='timeF', activation='gelu', output_attention=False, do_predict=False, num_workers=10, itr=5, train_epochs=30, batch_size=512, patience=3, learning_rate=0.001, des='Exp', loss='MSE', lradj='type1', use_amp=False, use_gpu=True, gpu=0, use_multi_gpu=False, devices='0,1,2,3', exp_name='MTSF', channel_independence=False, inverse=False, class_strategy='projection', target_root_path='./data/electricity/', target_data_path='electricity.csv', efficient_training=False, use_norm=True, partial_start_index=0)
Use GPU: cuda:0
>>>>>>>start training : weather_96_96_iTransformer_custom_M_ft96_sl48_ll96_pl512_dm8_nh2_el1_dl512_df1_fctimeF_ebTrue_dtExp_projection_trk4_tsk15_0>>>>>>>>>>>>>>>>>>>>>>>>>>
train 36408
val 5175
test 10444
Epoch: 1 cost time: 8.801551580429077
Epoch: 1, Steps: 71 | Train Loss: 1.0662764 Vali Loss: 0.4473295
Validation loss decreased (inf --> 0.447330).  Saving model ...
Updating learning rate to 0.0009000000000000001
Epoch: 2 cost time: 8.650691509246826
Epoch: 2, Steps: 71 | Train Loss: 0.9815718 Vali Loss: 0.4500341
EarlyStopping counter: 1 out of 3
Updating learning rate to 0.0008100000000000001
Epoch: 3 cost time: 8.612109661102295
Epoch: 3, Steps: 71 | Train Loss: 0.9632438 Vali Loss: 0.4521780
EarlyStopping counter: 2 out of 3
Updating learning rate to 0.0007290000000000002
Epoch: 4 cost time: 8.680550813674927
Epoch: 4, Steps: 71 | Train Loss: 0.9418189 Vali Loss: 0.4365138
Validation loss decreased (0.447330 --> 0.436514).  Saving model ...
Updating learning rate to 0.0006561000000000001
Epoch: 5 cost time: 8.74982738494873
Epoch: 5, Steps: 71 | Train Loss: 0.9249930 Vali Loss: 0.4420567
EarlyStopping counter: 1 out of 3
Updating learning rate to 0.00059049
Epoch: 6 cost time: 8.744064331054688
Epoch: 6, Steps: 71 | Train Loss: 0.9169559 Vali Loss: 0.4516947
EarlyStopping counter: 2 out of 3
Updating learning rate to 0.000531441
Epoch: 7 cost time: 8.810422897338867
Epoch: 7, Steps: 71 | Train Loss: 0.9012471 Vali Loss: 0.4379810
EarlyStopping counter: 3 out of 3
Early stopping
>>>>>>>testing : weather_96_96_iTransformer_custom_M_ft96_sl48_ll96_pl512_dm8_nh2_el1_dl512_df1_fctimeF_ebTrue_dtExp_projection_trk4_tsk15_0<<<<<<<<<<<<<<<<<<<<<<<<<<<<<<<<<
test 9100
test shape: (9100, 1, 1440, 21) (9100, 1, 1440, 21)
test shape: (9100, 1440, 21) (9100, 1440, 21)
prediction length: 96, mse:0.16218875348567963, mae:0.21103356778621674
prediction length: 192, mse:0.20367559790611267, mae:0.249883234500885
prediction length: 288, mse:0.2354883998632431, mae:0.2754175662994385
prediction length: 384, mse:0.2611832022666931, mae:0.2935124933719635
prediction length: 480, mse:0.28222376108169556, mae:0.3072584867477417
prediction length: 576, mse:0.3013581931591034, mae:0.3189108967781067
prediction length: 672, mse:0.31923985481262207, mae:0.3301568627357483
prediction length: 768, mse:0.33501672744750977, mae:0.3401781916618347
prediction length: 864, mse:0.3497608006000519, mae:0.34940022230148315
prediction length: 960, mse:0.3628622591495514, mae:0.3573116660118103
prediction length: 1056, mse:0.37472790479660034, mae:0.36393460631370544
prediction length: 1152, mse:0.38635557889938354, mae:0.3702129125595093
prediction length: 1248, mse:0.39789921045303345, mae:0.37669894099235535
prediction length: 1344, mse:0.40894269943237305, mae:0.38291653990745544
prediction length: 1440, mse:0.4195549190044403, mae:0.3887116611003876
Use GPU: cuda:0
>>>>>>>start training : weather_96_96_iTransformer_custom_M_ft96_sl48_ll96_pl512_dm8_nh2_el1_dl512_df1_fctimeF_ebTrue_dtExp_projection_trk4_tsk15_1>>>>>>>>>>>>>>>>>>>>>>>>>>
train 36408
val 5175
test 10444
Epoch: 1 cost time: 8.856569766998291
Epoch: 1, Steps: 71 | Train Loss: 1.0639750 Vali Loss: 0.4517334
Validation loss decreased (inf --> 0.451733).  Saving model ...
Updating learning rate to 0.0009000000000000001
Epoch: 2 cost time: 8.937249898910522
Epoch: 2, Steps: 71 | Train Loss: 0.9815617 Vali Loss: 0.4378856
Validation loss decreased (0.451733 --> 0.437886).  Saving model ...
Updating learning rate to 0.0008100000000000001
Epoch: 3 cost time: 8.986566066741943
Epoch: 3, Steps: 71 | Train Loss: 0.9558556 Vali Loss: 0.4438047
EarlyStopping counter: 1 out of 3
Updating learning rate to 0.0007290000000000002
Epoch: 4 cost time: 8.965374946594238
Epoch: 4, Steps: 71 | Train Loss: 0.9380817 Vali Loss: 0.4461482
EarlyStopping counter: 2 out of 3
Updating learning rate to 0.0006561000000000001
Epoch: 5 cost time: 8.984048843383789
Epoch: 5, Steps: 71 | Train Loss: 0.9230986 Vali Loss: 0.4246244
Validation loss decreased (0.437886 --> 0.424624).  Saving model ...
Updating learning rate to 0.00059049
Epoch: 6 cost time: 9.041314363479614
Epoch: 6, Steps: 71 | Train Loss: 0.9058170 Vali Loss: 0.4303370
EarlyStopping counter: 1 out of 3
Updating learning rate to 0.000531441
Epoch: 7 cost time: 9.06628155708313
Epoch: 7, Steps: 71 | Train Loss: 0.8917324 Vali Loss: 0.4408131
EarlyStopping counter: 2 out of 3
Updating learning rate to 0.0004782969000000001
Epoch: 8 cost time: 9.162400960922241
Epoch: 8, Steps: 71 | Train Loss: 0.8807872 Vali Loss: 0.4431509
EarlyStopping counter: 3 out of 3
Early stopping
>>>>>>>testing : weather_96_96_iTransformer_custom_M_ft96_sl48_ll96_pl512_dm8_nh2_el1_dl512_df1_fctimeF_ebTrue_dtExp_projection_trk4_tsk15_1<<<<<<<<<<<<<<<<<<<<<<<<<<<<<<<<<
test 9100
test shape: (9100, 1, 1440, 21) (9100, 1, 1440, 21)
test shape: (9100, 1440, 21) (9100, 1440, 21)
prediction length: 96, mse:0.15918760001659393, mae:0.2076532542705536
prediction length: 192, mse:0.20192885398864746, mae:0.24775202572345734
prediction length: 288, mse:0.23435603082180023, mae:0.27399277687072754
prediction length: 384, mse:0.26042988896369934, mae:0.2923239767551422
prediction length: 480, mse:0.2815302014350891, mae:0.30606698989868164
prediction length: 576, mse:0.3009129464626312, mae:0.3178703784942627
prediction length: 672, mse:0.3190906047821045, mae:0.32926416397094727
prediction length: 768, mse:0.33505967259407043, mae:0.339359849691391
prediction length: 864, mse:0.3496667444705963, mae:0.34849345684051514
prediction length: 960, mse:0.3625956177711487, mae:0.35639840364456177
prediction length: 1056, mse:0.3741978704929352, mae:0.36291518807411194
prediction length: 1152, mse:0.38547131419181824, mae:0.36898744106292725
prediction length: 1248, mse:0.3967556357383728, mae:0.37534841895103455
prediction length: 1344, mse:0.4074898362159729, mae:0.3814397156238556
prediction length: 1440, mse:0.41777941584587097, mae:0.3870892822742462
Use GPU: cuda:0
>>>>>>>start training : weather_96_96_iTransformer_custom_M_ft96_sl48_ll96_pl512_dm8_nh2_el1_dl512_df1_fctimeF_ebTrue_dtExp_projection_trk4_tsk15_2>>>>>>>>>>>>>>>>>>>>>>>>>>
train 36408
val 5175
test 10444
Epoch: 1 cost time: 8.890649318695068
Epoch: 1, Steps: 71 | Train Loss: 1.0656015 Vali Loss: 0.4770575
Validation loss decreased (inf --> 0.477057).  Saving model ...
Updating learning rate to 0.0009000000000000001
Epoch: 2 cost time: 9.025866508483887
Epoch: 2, Steps: 71 | Train Loss: 0.9752071 Vali Loss: 0.4432933
Validation loss decreased (0.477057 --> 0.443293).  Saving model ...
Updating learning rate to 0.0008100000000000001
Epoch: 3 cost time: 9.020353317260742
Epoch: 3, Steps: 71 | Train Loss: 0.9518575 Vali Loss: 0.4372272
Validation loss decreased (0.443293 --> 0.437227).  Saving model ...
Updating learning rate to 0.0007290000000000002
Epoch: 4 cost time: 9.088768482208252
Epoch: 4, Steps: 71 | Train Loss: 0.9353526 Vali Loss: 0.4298697
Validation loss decreased (0.437227 --> 0.429870).  Saving model ...
Updating learning rate to 0.0006561000000000001
Epoch: 5 cost time: 9.12790822982788
Epoch: 5, Steps: 71 | Train Loss: 0.9248822 Vali Loss: 0.4412855
EarlyStopping counter: 1 out of 3
Updating learning rate to 0.00059049
Epoch: 6 cost time: 9.095353126525879
Epoch: 6, Steps: 71 | Train Loss: 0.9076835 Vali Loss: 0.4433177
EarlyStopping counter: 2 out of 3
Updating learning rate to 0.000531441
Epoch: 7 cost time: 9.124822854995728
Epoch: 7, Steps: 71 | Train Loss: 0.9121996 Vali Loss: 0.4461778
EarlyStopping counter: 3 out of 3
Early stopping
>>>>>>>testing : weather_96_96_iTransformer_custom_M_ft96_sl48_ll96_pl512_dm8_nh2_el1_dl512_df1_fctimeF_ebTrue_dtExp_projection_trk4_tsk15_2<<<<<<<<<<<<<<<<<<<<<<<<<<<<<<<<<
test 9100
test shape: (9100, 1, 1440, 21) (9100, 1, 1440, 21)
test shape: (9100, 1440, 21) (9100, 1440, 21)
prediction length: 96, mse:0.16139303147792816, mae:0.21114979684352875
prediction length: 192, mse:0.20316478610038757, mae:0.249996155500412
prediction length: 288, mse:0.23499204218387604, mae:0.27534377574920654
prediction length: 384, mse:0.261294424533844, mae:0.2940501272678375
prediction length: 480, mse:0.28286483883857727, mae:0.308319628238678
prediction length: 576, mse:0.30187511444091797, mae:0.3200784921646118
prediction length: 672, mse:0.31999191641807556, mae:0.33165353536605835
prediction length: 768, mse:0.33636313676834106, mae:0.34207209944725037
prediction length: 864, mse:0.3514164090156555, mae:0.3515317142009735
prediction length: 960, mse:0.3650292158126831, mae:0.35977479815483093
prediction length: 1056, mse:0.37746649980545044, mae:0.3667263686656952
prediction length: 1152, mse:0.38928288221359253, mae:0.37309902906417847
prediction length: 1248, mse:0.4013823866844177, mae:0.3798666298389435
prediction length: 1344, mse:0.4131614565849304, mae:0.3864569067955017
prediction length: 1440, mse:0.42425593733787537, mae:0.39246100187301636
Use GPU: cuda:0
>>>>>>>start training : weather_96_96_iTransformer_custom_M_ft96_sl48_ll96_pl512_dm8_nh2_el1_dl512_df1_fctimeF_ebTrue_dtExp_projection_trk4_tsk15_3>>>>>>>>>>>>>>>>>>>>>>>>>>
train 36408
val 5175
test 10444
Epoch: 1 cost time: 8.951093196868896
Epoch: 1, Steps: 71 | Train Loss: 1.0689526 Vali Loss: 0.4439874
Validation loss decreased (inf --> 0.443987).  Saving model ...
Updating learning rate to 0.0009000000000000001
Epoch: 2 cost time: 8.98149847984314
Epoch: 2, Steps: 71 | Train Loss: 0.9811539 Vali Loss: 0.4432424
Validation loss decreased (0.443987 --> 0.443242).  Saving model ...
Updating learning rate to 0.0008100000000000001
Epoch: 3 cost time: 9.046207427978516
Epoch: 3, Steps: 71 | Train Loss: 0.9585986 Vali Loss: 0.4384214
Validation loss decreased (0.443242 --> 0.438421).  Saving model ...
Updating learning rate to 0.0007290000000000002
Epoch: 4 cost time: 9.10960078239441
Epoch: 4, Steps: 71 | Train Loss: 0.9387103 Vali Loss: 0.4437572
EarlyStopping counter: 1 out of 3
Updating learning rate to 0.0006561000000000001
Epoch: 5 cost time: 9.06415605545044
Epoch: 5, Steps: 71 | Train Loss: 0.9220067 Vali Loss: 0.4358244
Validation loss decreased (0.438421 --> 0.435824).  Saving model ...
Updating learning rate to 0.00059049
Epoch: 6 cost time: 9.131523847579956
Epoch: 6, Steps: 71 | Train Loss: 0.9066949 Vali Loss: 0.4393533
EarlyStopping counter: 1 out of 3
Updating learning rate to 0.000531441
Epoch: 7 cost time: 9.144156217575073
Epoch: 7, Steps: 71 | Train Loss: 0.8934881 Vali Loss: 0.4453524
EarlyStopping counter: 2 out of 3
Updating learning rate to 0.0004782969000000001
Epoch: 8 cost time: 9.16907787322998
Epoch: 8, Steps: 71 | Train Loss: 0.8921423 Vali Loss: 0.4589681
EarlyStopping counter: 3 out of 3
Early stopping
>>>>>>>testing : weather_96_96_iTransformer_custom_M_ft96_sl48_ll96_pl512_dm8_nh2_el1_dl512_df1_fctimeF_ebTrue_dtExp_projection_trk4_tsk15_3<<<<<<<<<<<<<<<<<<<<<<<<<<<<<<<<<
test 9100
test shape: (9100, 1, 1440, 21) (9100, 1, 1440, 21)
test shape: (9100, 1440, 21) (9100, 1440, 21)
prediction length: 96, mse:0.1586453914642334, mae:0.20830272138118744
prediction length: 192, mse:0.20088714361190796, mae:0.24773788452148438
prediction length: 288, mse:0.2325407862663269, mae:0.27345162630081177
prediction length: 384, mse:0.25872886180877686, mae:0.2920481860637665
prediction length: 480, mse:0.27999332547187805, mae:0.30602115392684937
prediction length: 576, mse:0.29912999272346497, mae:0.31774428486824036
prediction length: 672, mse:0.3173781931400299, mae:0.3293665051460266
prediction length: 768, mse:0.33366021513938904, mae:0.33967360854148865
prediction length: 864, mse:0.34859177470207214, mae:0.3490579426288605
prediction length: 960, mse:0.36228734254837036, mae:0.35742002725601196
prediction length: 1056, mse:0.3745945990085602, mae:0.36430624127388
prediction length: 1152, mse:0.3863014280796051, mae:0.37064579129219055
prediction length: 1248, mse:0.3984414041042328, mae:0.377494215965271
prediction length: 1344, mse:0.41003933548927307, mae:0.3839448392391205
prediction length: 1440, mse:0.42099878191947937, mae:0.3898116648197174
Use GPU: cuda:0
>>>>>>>start training : weather_96_96_iTransformer_custom_M_ft96_sl48_ll96_pl512_dm8_nh2_el1_dl512_df1_fctimeF_ebTrue_dtExp_projection_trk4_tsk15_4>>>>>>>>>>>>>>>>>>>>>>>>>>
train 36408
val 5175
test 10444
Epoch: 1 cost time: 8.904981851577759
Epoch: 1, Steps: 71 | Train Loss: 1.0645483 Vali Loss: 0.4456333
Validation loss decreased (inf --> 0.445633).  Saving model ...
Updating learning rate to 0.0009000000000000001
Epoch: 2 cost time: 9.009705543518066
Epoch: 2, Steps: 71 | Train Loss: 0.9792736 Vali Loss: 0.4433183
Validation loss decreased (0.445633 --> 0.443318).  Saving model ...
Updating learning rate to 0.0008100000000000001
Epoch: 3 cost time: 9.034621953964233
Epoch: 3, Steps: 71 | Train Loss: 0.9572769 Vali Loss: 0.4470789
EarlyStopping counter: 1 out of 3
Updating learning rate to 0.0007290000000000002
Epoch: 4 cost time: 9.036259651184082
Epoch: 4, Steps: 71 | Train Loss: 0.9446332 Vali Loss: 0.4303487
Validation loss decreased (0.443318 --> 0.430349).  Saving model ...
Updating learning rate to 0.0006561000000000001
Epoch: 5 cost time: 9.130735635757446
Epoch: 5, Steps: 71 | Train Loss: 0.9242362 Vali Loss: 0.4230866
Validation loss decreased (0.430349 --> 0.423087).  Saving model ...
Updating learning rate to 0.00059049
Epoch: 6 cost time: 9.181201457977295
Epoch: 6, Steps: 71 | Train Loss: 0.9084612 Vali Loss: 0.4276736
EarlyStopping counter: 1 out of 3
Updating learning rate to 0.000531441
Epoch: 7 cost time: 9.101551532745361
Epoch: 7, Steps: 71 | Train Loss: 0.8969610 Vali Loss: 0.4327825
EarlyStopping counter: 2 out of 3
Updating learning rate to 0.0004782969000000001
Epoch: 8 cost time: 9.151973009109497
Epoch: 8, Steps: 71 | Train Loss: 0.8828604 Vali Loss: 0.4249092
EarlyStopping counter: 3 out of 3
Early stopping
>>>>>>>testing : weather_96_96_iTransformer_custom_M_ft96_sl48_ll96_pl512_dm8_nh2_el1_dl512_df1_fctimeF_ebTrue_dtExp_projection_trk4_tsk15_4<<<<<<<<<<<<<<<<<<<<<<<<<<<<<<<<<
test 9100
test shape: (9100, 1, 1440, 21) (9100, 1, 1440, 21)
test shape: (9100, 1440, 21) (9100, 1440, 21)
prediction length: 96, mse:0.15814407169818878, mae:0.20686587691307068
prediction length: 192, mse:0.201043963432312, mae:0.24691054224967957
prediction length: 288, mse:0.23328159749507904, mae:0.2728011906147003
prediction length: 384, mse:0.25929340720176697, mae:0.2910532057285309
prediction length: 480, mse:0.28095364570617676, mae:0.30520135164260864
prediction length: 576, mse:0.3003612160682678, mae:0.31707847118377686
prediction length: 672, mse:0.3186071217060089, mae:0.3286401927471161
prediction length: 768, mse:0.334830105304718, mae:0.3389926254749298
prediction length: 864, mse:0.34983566403388977, mae:0.34841689467430115
prediction length: 960, mse:0.36333364248275757, mae:0.35661351680755615
prediction length: 1056, mse:0.3754778504371643, mae:0.36343157291412354
prediction length: 1152, mse:0.3872598707675934, mae:0.3697519898414612
prediction length: 1248, mse:0.39920470118522644, mae:0.3764360249042511
prediction length: 1344, mse:0.41072627902030945, mae:0.38300228118896484
prediction length: 1440, mse:0.4216257333755493, mae:0.389052152633667
Args in experiment:
Namespace(is_training=1, model_id='weather_96_96', model='iInformer', data='custom', root_path='./dataset/weather/', data_path='weather.csv', features='M', target='OT', freq='h', checkpoints='./checkpoints/', seq_len=96, label_len=48, pred_len=96, training_k=4, test_k=15, beta=0.1, gamma=0.5, enc_in=21, dec_in=21, c_out=21, d_model=512, n_heads=8, e_layers=2, d_layers=1, d_ff=2048, moving_avg=25, factor=1, distil=True, dropout=0.1, embed='timeF', activation='gelu', output_attention=False, do_predict=False, num_workers=10, itr=1, train_epochs=30, batch_size=512, patience=3, learning_rate=0.001, des='Exp', loss='MSE', lradj='type1', use_amp=False, use_gpu=True, gpu=0, use_multi_gpu=False, devices='0,1,2,3', exp_name='MTSF', channel_independence=False, inverse=False, class_strategy='projection', target_root_path='./data/electricity/', target_data_path='electricity.csv', efficient_training=False, use_norm=True, partial_start_index=0)
Use GPU: cuda:0
>>>>>>>start training : weather_96_96_iInformer_custom_M_ft96_sl48_ll96_pl512_dm8_nh2_el1_dl2048_df1_fctimeF_ebTrue_dtExp_projection_trk4_tsk15_0>>>>>>>>>>>>>>>>>>>>>>>>>>
train 36408
val 5175
test 10444
Epoch: 1 cost time: 13.463967084884644
Epoch: 1, Steps: 71 | Train Loss: 1.0106532 Vali Loss: 0.4315407
Validation loss decreased (inf --> 0.431541).  Saving model ...
Updating learning rate to 0.0009000000000000001
Epoch: 2 cost time: 13.254127264022827
Epoch: 2, Steps: 71 | Train Loss: 0.9259047 Vali Loss: 0.4080820
Validation loss decreased (0.431541 --> 0.408082).  Saving model ...
Updating learning rate to 0.0008100000000000001
Epoch: 3 cost time: 13.26004409790039
Epoch: 3, Steps: 71 | Train Loss: 0.8981481 Vali Loss: 0.4046014
Validation loss decreased (0.408082 --> 0.404601).  Saving model ...
Updating learning rate to 0.0007290000000000002
Epoch: 4 cost time: 13.301670551300049
Epoch: 4, Steps: 71 | Train Loss: 0.8839605 Vali Loss: 0.3988386
Validation loss decreased (0.404601 --> 0.398839).  Saving model ...
Updating learning rate to 0.0006561000000000001
Epoch: 5 cost time: 13.541045188903809
Epoch: 5, Steps: 71 | Train Loss: 0.8660669 Vali Loss: 0.3968535
Validation loss decreased (0.398839 --> 0.396854).  Saving model ...
Updating learning rate to 0.00059049
Epoch: 6 cost time: 13.594865560531616
Epoch: 6, Steps: 71 | Train Loss: 0.8511539 Vali Loss: 0.3958497
Validation loss decreased (0.396854 --> 0.395850).  Saving model ...
Updating learning rate to 0.000531441
Epoch: 7 cost time: 13.5761878490448
Epoch: 7, Steps: 71 | Train Loss: 0.8381613 Vali Loss: 0.4022361
EarlyStopping counter: 1 out of 3
Updating learning rate to 0.0004782969000000001
Epoch: 8 cost time: 13.538970947265625
Epoch: 8, Steps: 71 | Train Loss: 0.8282407 Vali Loss: 0.4050338
EarlyStopping counter: 2 out of 3
Updating learning rate to 0.0004304672100000001
Epoch: 9 cost time: 13.580355405807495
Epoch: 9, Steps: 71 | Train Loss: 0.8185974 Vali Loss: 0.4100184
EarlyStopping counter: 3 out of 3
Early stopping
>>>>>>>testing : weather_96_96_iInformer_custom_M_ft96_sl48_ll96_pl512_dm8_nh2_el1_dl2048_df1_fctimeF_ebTrue_dtExp_projection_trk4_tsk15_0<<<<<<<<<<<<<<<<<<<<<<<<<<<<<<<<<
test 9100
test shape: (9100, 1, 1440, 21) (9100, 1, 1440, 21)
test shape: (9100, 1440, 21) (9100, 1440, 21)
prediction length: 96, mse:0.14806126058101654, mae:0.20258867740631104
prediction length: 192, mse:0.1899326592683792, mae:0.24316564202308655
prediction length: 288, mse:0.22234924137592316, mae:0.269577294588089
prediction length: 384, mse:0.24832433462142944, mae:0.28800883889198303
prediction length: 480, mse:0.2702949643135071, mae:0.3026275634765625
prediction length: 576, mse:0.2895446717739105, mae:0.3146907389163971
prediction length: 672, mse:0.30738911032676697, mae:0.3262174427509308
prediction length: 768, mse:0.3234650194644928, mae:0.336533784866333
prediction length: 864, mse:0.3380145728588104, mae:0.34555336833000183
prediction length: 960, mse:0.3512236177921295, mae:0.35374772548675537
prediction length: 1056, mse:0.36368706822395325, mae:0.3609503507614136
prediction length: 1152, mse:0.37562504410743713, mae:0.36752358078956604
prediction length: 1248, mse:0.3878272473812103, mae:0.37450551986694336
prediction length: 1344, mse:0.40018078684806824, mae:0.3815076947212219
prediction length: 1440, mse:0.41218987107276917, mae:0.3880364000797272
Args in experiment:
Namespace(is_training=1, model_id='weather_96_96', model='iInformer', data='custom', root_path='./dataset/weather/', data_path='weather.csv', features='M', target='OT', freq='h', checkpoints='./checkpoints/', seq_len=96, label_len=48, pred_len=96, training_k=4, test_k=15, beta=0.1, gamma=0.5, enc_in=21, dec_in=21, c_out=21, d_model=512, n_heads=8, e_layers=2, d_layers=1, d_ff=2048, moving_avg=25, factor=1, distil=True, dropout=0.1, embed='timeF', activation='gelu', output_attention=False, do_predict=False, num_workers=10, itr=2, train_epochs=30, batch_size=512, patience=3, learning_rate=0.001, des='Exp', loss='MSE', lradj='type1', use_amp=False, use_gpu=True, gpu=0, use_multi_gpu=False, devices='0,1,2,3', exp_name='MTSF', channel_independence=False, inverse=False, class_strategy='projection', target_root_path='./data/electricity/', target_data_path='electricity.csv', efficient_training=False, use_norm=True, partial_start_index=0)
Use GPU: cuda:0
>>>>>>>start training : weather_96_96_iInformer_custom_M_ft96_sl48_ll96_pl512_dm8_nh2_el1_dl2048_df1_fctimeF_ebTrue_dtExp_projection_trk4_tsk15_0>>>>>>>>>>>>>>>>>>>>>>>>>>
train 36408
val 5175
test 10444
Epoch: 1 cost time: 13.414331436157227
Epoch: 1, Steps: 71 | Train Loss: 1.0153840 Vali Loss: 0.4226916
Validation loss decreased (inf --> 0.422692).  Saving model ...
Updating learning rate to 0.0009000000000000001
Epoch: 2 cost time: 13.320122003555298
Epoch: 2, Steps: 71 | Train Loss: 0.9260329 Vali Loss: 0.4060571
Validation loss decreased (0.422692 --> 0.406057).  Saving model ...
Updating learning rate to 0.0008100000000000001
Epoch: 3 cost time: 13.36839509010315
Epoch: 3, Steps: 71 | Train Loss: 0.9015289 Vali Loss: 0.4043528
Validation loss decreased (0.406057 --> 0.404353).  Saving model ...
Updating learning rate to 0.0007290000000000002
Epoch: 4 cost time: 13.330379724502563
Epoch: 4, Steps: 71 | Train Loss: 0.8863377 Vali Loss: 0.4206481
EarlyStopping counter: 1 out of 3
Updating learning rate to 0.0006561000000000001
Epoch: 5 cost time: 13.495682954788208
Epoch: 5, Steps: 71 | Train Loss: 0.8821517 Vali Loss: 0.3998948
Validation loss decreased (0.404353 --> 0.399895).  Saving model ...
Updating learning rate to 0.00059049
Epoch: 6 cost time: 13.576799631118774
Epoch: 6, Steps: 71 | Train Loss: 0.8572887 Vali Loss: 0.3960459
Validation loss decreased (0.399895 --> 0.396046).  Saving model ...
Updating learning rate to 0.000531441
Epoch: 7 cost time: 13.560199975967407
Epoch: 7, Steps: 71 | Train Loss: 0.8422029 Vali Loss: 0.3997443
EarlyStopping counter: 1 out of 3
Updating learning rate to 0.0004782969000000001
Epoch: 8 cost time: 13.459968566894531
Epoch: 8, Steps: 71 | Train Loss: 0.8294669 Vali Loss: 0.3971309
EarlyStopping counter: 2 out of 3
Updating learning rate to 0.0004304672100000001
Epoch: 9 cost time: 13.452001571655273
Epoch: 9, Steps: 71 | Train Loss: 0.8167674 Vali Loss: 0.3970300
EarlyStopping counter: 3 out of 3
Early stopping
>>>>>>>testing : weather_96_96_iInformer_custom_M_ft96_sl48_ll96_pl512_dm8_nh2_el1_dl2048_df1_fctimeF_ebTrue_dtExp_projection_trk4_tsk15_0<<<<<<<<<<<<<<<<<<<<<<<<<<<<<<<<<
test 9100
test shape: (9100, 1, 1440, 21) (9100, 1, 1440, 21)
test shape: (9100, 1440, 21) (9100, 1440, 21)
prediction length: 96, mse:0.147641122341156, mae:0.20119477808475494
prediction length: 192, mse:0.18956796824932098, mae:0.24192923307418823
prediction length: 288, mse:0.22198009490966797, mae:0.26852962374687195
prediction length: 384, mse:0.2479856163263321, mae:0.28679513931274414
prediction length: 480, mse:0.2696892023086548, mae:0.3011823296546936
prediction length: 576, mse:0.28873875737190247, mae:0.31289589405059814
prediction length: 672, mse:0.3065139055252075, mae:0.32390648126602173
prediction length: 768, mse:0.32251787185668945, mae:0.3339190185070038
prediction length: 864, mse:0.3369419276714325, mae:0.3426169455051422
prediction length: 960, mse:0.35032662749290466, mae:0.35041770339012146
prediction length: 1056, mse:0.3628177046775818, mae:0.3571721911430359
prediction length: 1152, mse:0.37456151843070984, mae:0.36318424344062805
prediction length: 1248, mse:0.38697493076324463, mae:0.36958760023117065
prediction length: 1344, mse:0.3993457555770874, mae:0.37596946954727173
prediction length: 1440, mse:0.41106462478637695, mae:0.38180094957351685
Use GPU: cuda:0
>>>>>>>start training : weather_96_96_iInformer_custom_M_ft96_sl48_ll96_pl512_dm8_nh2_el1_dl2048_df1_fctimeF_ebTrue_dtExp_projection_trk4_tsk15_1>>>>>>>>>>>>>>>>>>>>>>>>>>
train 36408
val 5175
test 10444
Epoch: 1 cost time: 13.386755466461182
Epoch: 1, Steps: 71 | Train Loss: 1.0140962 Vali Loss: 0.4263731
Validation loss decreased (inf --> 0.426373).  Saving model ...
Updating learning rate to 0.0009000000000000001
Epoch: 2 cost time: 13.463289260864258
Epoch: 2, Steps: 71 | Train Loss: 0.9296541 Vali Loss: 0.4130976
Validation loss decreased (0.426373 --> 0.413098).  Saving model ...
Updating learning rate to 0.0008100000000000001
Epoch: 3 cost time: 13.553777694702148
Epoch: 3, Steps: 71 | Train Loss: 0.9076861 Vali Loss: 0.4087347
Validation loss decreased (0.413098 --> 0.408735).  Saving model ...
Updating learning rate to 0.0007290000000000002
Epoch: 4 cost time: 13.643090963363647
Epoch: 4, Steps: 71 | Train Loss: 0.8939646 Vali Loss: 0.3983334
Validation loss decreased (0.408735 --> 0.398333).  Saving model ...
Updating learning rate to 0.0006561000000000001
Epoch: 5 cost time: 13.77567744255066
Epoch: 5, Steps: 71 | Train Loss: 0.8696433 Vali Loss: 0.3949730
Validation loss decreased (0.398333 --> 0.394973).  Saving model ...
Updating learning rate to 0.00059049
Epoch: 6 cost time: 13.76692533493042
Epoch: 6, Steps: 71 | Train Loss: 0.8547656 Vali Loss: 0.3914374
Validation loss decreased (0.394973 --> 0.391437).  Saving model ...
Updating learning rate to 0.000531441
Epoch: 7 cost time: 13.662219524383545
Epoch: 7, Steps: 71 | Train Loss: 0.8422804 Vali Loss: 0.3965719
EarlyStopping counter: 1 out of 3
Updating learning rate to 0.0004782969000000001
Epoch: 8 cost time: 13.755953788757324
Epoch: 8, Steps: 71 | Train Loss: 0.8305456 Vali Loss: 0.4008031
EarlyStopping counter: 2 out of 3
Updating learning rate to 0.0004304672100000001
Epoch: 9 cost time: 13.760309934616089
Epoch: 9, Steps: 71 | Train Loss: 0.8201831 Vali Loss: 0.4075899
EarlyStopping counter: 3 out of 3
Early stopping
>>>>>>>testing : weather_96_96_iInformer_custom_M_ft96_sl48_ll96_pl512_dm8_nh2_el1_dl2048_df1_fctimeF_ebTrue_dtExp_projection_trk4_tsk15_1<<<<<<<<<<<<<<<<<<<<<<<<<<<<<<<<<
test 9100
test shape: (9100, 1, 1440, 21) (9100, 1, 1440, 21)
test shape: (9100, 1440, 21) (9100, 1440, 21)
prediction length: 96, mse:0.1472589522600174, mae:0.20127607882022858
prediction length: 192, mse:0.18937844038009644, mae:0.24220968782901764
prediction length: 288, mse:0.2216942459344864, mae:0.26873302459716797
prediction length: 384, mse:0.24762476980686188, mae:0.2869984805583954
prediction length: 480, mse:0.2693520784378052, mae:0.3014985918998718
prediction length: 576, mse:0.28851401805877686, mae:0.3133716285228729
prediction length: 672, mse:0.3063667416572571, mae:0.3244890868663788
prediction length: 768, mse:0.32234469056129456, mae:0.3345015048980713
prediction length: 864, mse:0.3368096351623535, mae:0.3432990610599518
prediction length: 960, mse:0.3498746156692505, mae:0.3510350286960602
prediction length: 1056, mse:0.3618515729904175, mae:0.35766860842704773
prediction length: 1152, mse:0.3731408417224884, mae:0.36356306076049805
prediction length: 1248, mse:0.3845173120498657, mae:0.36973440647125244
prediction length: 1344, mse:0.3957230746746063, mae:0.3758530914783478
prediction length: 1440, mse:0.4065108895301819, mae:0.3814091384410858
Args in experiment:
Namespace(is_training=1, model_id='weather_96_96', model='iInformer', data='custom', root_path='./dataset/weather/', data_path='weather.csv', features='M', target='OT', freq='h', checkpoints='./checkpoints/', seq_len=96, label_len=48, pred_len=96, training_k=4, test_k=15, beta=0.1, gamma=0.5, enc_in=21, dec_in=21, c_out=21, d_model=512, n_heads=8, e_layers=2, d_layers=1, d_ff=2048, moving_avg=25, factor=1, distil=True, dropout=0.1, embed='timeF', activation='gelu', output_attention=False, do_predict=False, num_workers=10, itr=3, train_epochs=30, batch_size=512, patience=3, learning_rate=0.001, des='Exp', loss='MSE', lradj='type1', use_amp=False, use_gpu=True, gpu=0, use_multi_gpu=False, devices='0,1,2,3', exp_name='MTSF', channel_independence=False, inverse=False, class_strategy='projection', target_root_path='./data/electricity/', target_data_path='electricity.csv', efficient_training=False, use_norm=True, partial_start_index=0)
Use GPU: cuda:0
>>>>>>>start training : weather_96_96_iInformer_custom_M_ft96_sl48_ll96_pl512_dm8_nh2_el1_dl2048_df1_fctimeF_ebTrue_dtExp_projection_trk4_tsk15_0>>>>>>>>>>>>>>>>>>>>>>>>>>
train 36408
val 5175
test 10444
Epoch: 1 cost time: 13.33276653289795
Epoch: 1, Steps: 71 | Train Loss: 1.0139959 Vali Loss: 0.4162856
Validation loss decreased (inf --> 0.416286).  Saving model ...
Updating learning rate to 0.0009000000000000001
Epoch: 2 cost time: 13.290160417556763
Epoch: 2, Steps: 71 | Train Loss: 0.9316189 Vali Loss: 0.4144403
Validation loss decreased (0.416286 --> 0.414440).  Saving model ...
Updating learning rate to 0.0008100000000000001
Epoch: 3 cost time: 13.376675128936768
Epoch: 3, Steps: 71 | Train Loss: 0.9050782 Vali Loss: 0.4053384
Validation loss decreased (0.414440 --> 0.405338).  Saving model ...
Updating learning rate to 0.0007290000000000002
Epoch: 4 cost time: 13.442255973815918
Epoch: 4, Steps: 71 | Train Loss: 0.8857624 Vali Loss: 0.4011776
Validation loss decreased (0.405338 --> 0.401178).  Saving model ...
Updating learning rate to 0.0006561000000000001
Epoch: 5 cost time: 13.55860447883606
Epoch: 5, Steps: 71 | Train Loss: 0.8670099 Vali Loss: 0.3968171
Validation loss decreased (0.401178 --> 0.396817).  Saving model ...
Updating learning rate to 0.00059049
Epoch: 6 cost time: 13.532904386520386
Epoch: 6, Steps: 71 | Train Loss: 0.8511552 Vali Loss: 0.3991539
EarlyStopping counter: 1 out of 3
Updating learning rate to 0.000531441
Epoch: 7 cost time: 13.515725135803223
Epoch: 7, Steps: 71 | Train Loss: 0.8362116 Vali Loss: 0.4070362
EarlyStopping counter: 2 out of 3
Updating learning rate to 0.0004782969000000001
Epoch: 8 cost time: 13.49785590171814
Epoch: 8, Steps: 71 | Train Loss: 0.8235065 Vali Loss: 0.3969678
EarlyStopping counter: 3 out of 3
Early stopping
>>>>>>>testing : weather_96_96_iInformer_custom_M_ft96_sl48_ll96_pl512_dm8_nh2_el1_dl2048_df1_fctimeF_ebTrue_dtExp_projection_trk4_tsk15_0<<<<<<<<<<<<<<<<<<<<<<<<<<<<<<<<<
test 9100
test shape: (9100, 1, 1440, 21) (9100, 1, 1440, 21)
test shape: (9100, 1440, 21) (9100, 1440, 21)
prediction length: 96, mse:0.14967697858810425, mae:0.20340555906295776
prediction length: 192, mse:0.19363127648830414, mae:0.2452489137649536
prediction length: 288, mse:0.22705639898777008, mae:0.27233320474624634
prediction length: 384, mse:0.2534973621368408, mae:0.29096850752830505
prediction length: 480, mse:0.2756938636302948, mae:0.30571672320365906
prediction length: 576, mse:0.29513677954673767, mae:0.31761959195137024
prediction length: 672, mse:0.3129827678203583, mae:0.32886168360710144
prediction length: 768, mse:0.32895946502685547, mae:0.339074045419693
prediction length: 864, mse:0.34315967559814453, mae:0.34785547852516174
prediction length: 960, mse:0.3560762107372284, mae:0.355771005153656
prediction length: 1056, mse:0.36814358830451965, mae:0.36269402503967285
prediction length: 1152, mse:0.3792542517185211, mae:0.3686957061290741
prediction length: 1248, mse:0.3906547725200653, mae:0.37514638900756836
prediction length: 1344, mse:0.4020799994468689, mae:0.3816273510456085
prediction length: 1440, mse:0.41281038522720337, mae:0.3875415325164795
Use GPU: cuda:0
>>>>>>>start training : weather_96_96_iInformer_custom_M_ft96_sl48_ll96_pl512_dm8_nh2_el1_dl2048_df1_fctimeF_ebTrue_dtExp_projection_trk4_tsk15_1>>>>>>>>>>>>>>>>>>>>>>>>>>
train 36408
val 5175
test 10444
Epoch: 1 cost time: 13.328674554824829
Epoch: 1, Steps: 71 | Train Loss: 1.0126746 Vali Loss: 0.4280556
Validation loss decreased (inf --> 0.428056).  Saving model ...
Updating learning rate to 0.0009000000000000001
Epoch: 2 cost time: 13.394861459732056
Epoch: 2, Steps: 71 | Train Loss: 0.9252827 Vali Loss: 0.4131584
Validation loss decreased (0.428056 --> 0.413158).  Saving model ...
Updating learning rate to 0.0008100000000000001
Epoch: 3 cost time: 13.556280374526978
Epoch: 3, Steps: 71 | Train Loss: 0.8993046 Vali Loss: 0.4155898
EarlyStopping counter: 1 out of 3
Updating learning rate to 0.0007290000000000002
Epoch: 4 cost time: 13.497331857681274
Epoch: 4, Steps: 71 | Train Loss: 0.8896851 Vali Loss: 0.4006831
Validation loss decreased (0.413158 --> 0.400683).  Saving model ...
Updating learning rate to 0.0006561000000000001
Epoch: 5 cost time: 13.67461371421814
Epoch: 5, Steps: 71 | Train Loss: 0.8657898 Vali Loss: 0.3958125
Validation loss decreased (0.400683 --> 0.395812).  Saving model ...
Updating learning rate to 0.00059049
Epoch: 6 cost time: 13.622395753860474
Epoch: 6, Steps: 71 | Train Loss: 0.8511538 Vali Loss: 0.4007075
EarlyStopping counter: 1 out of 3
Updating learning rate to 0.000531441
Epoch: 7 cost time: 13.683242797851562
Epoch: 7, Steps: 71 | Train Loss: 0.8365733 Vali Loss: 0.3954118
Validation loss decreased (0.395812 --> 0.395412).  Saving model ...
Updating learning rate to 0.0004782969000000001
Epoch: 8 cost time: 13.703972101211548
Epoch: 8, Steps: 71 | Train Loss: 0.8228505 Vali Loss: 0.4049020
EarlyStopping counter: 1 out of 3
Updating learning rate to 0.0004304672100000001
Epoch: 9 cost time: 13.65402340888977
Epoch: 9, Steps: 71 | Train Loss: 0.8097089 Vali Loss: 0.4049021
EarlyStopping counter: 2 out of 3
Updating learning rate to 0.0003874204890000001
Epoch: 10 cost time: 13.672340869903564
Epoch: 10, Steps: 71 | Train Loss: 0.7971833 Vali Loss: 0.4097123
EarlyStopping counter: 3 out of 3
Early stopping
>>>>>>>testing : weather_96_96_iInformer_custom_M_ft96_sl48_ll96_pl512_dm8_nh2_el1_dl2048_df1_fctimeF_ebTrue_dtExp_projection_trk4_tsk15_1<<<<<<<<<<<<<<<<<<<<<<<<<<<<<<<<<
test 9100
test shape: (9100, 1, 1440, 21) (9100, 1, 1440, 21)
test shape: (9100, 1440, 21) (9100, 1440, 21)
prediction length: 96, mse:0.14709725975990295, mae:0.20136283338069916
prediction length: 192, mse:0.18977373838424683, mae:0.24258700013160706
prediction length: 288, mse:0.22277912497520447, mae:0.2695327401161194
prediction length: 384, mse:0.24929074943065643, mae:0.2880937159061432
prediction length: 480, mse:0.2713649272918701, mae:0.302636981010437
prediction length: 576, mse:0.29057085514068604, mae:0.31447798013687134
prediction length: 672, mse:0.3084201216697693, mae:0.3256869912147522
prediction length: 768, mse:0.3243083357810974, mae:0.3356975317001343
prediction length: 864, mse:0.3388248682022095, mae:0.34447261691093445
prediction length: 960, mse:0.3519127070903778, mae:0.3522630035877228
prediction length: 1056, mse:0.36406204104423523, mae:0.35896623134613037
prediction length: 1152, mse:0.3758271634578705, mae:0.36508503556251526
prediction length: 1248, mse:0.38780882954597473, mae:0.37157556414604187
prediction length: 1344, mse:0.39979586005210876, mae:0.3780321180820465
prediction length: 1440, mse:0.4115586280822754, mae:0.38405826687812805
Use GPU: cuda:0
>>>>>>>start training : weather_96_96_iInformer_custom_M_ft96_sl48_ll96_pl512_dm8_nh2_el1_dl2048_df1_fctimeF_ebTrue_dtExp_projection_trk4_tsk15_2>>>>>>>>>>>>>>>>>>>>>>>>>>
train 36408
val 5175
test 10444
Epoch: 1 cost time: 13.434115171432495
Epoch: 1, Steps: 71 | Train Loss: 1.0115979 Vali Loss: 0.4221291
Validation loss decreased (inf --> 0.422129).  Saving model ...
Updating learning rate to 0.0009000000000000001
Epoch: 2 cost time: 13.55594801902771
Epoch: 2, Steps: 71 | Train Loss: 0.9301472 Vali Loss: 0.4066977
Validation loss decreased (0.422129 --> 0.406698).  Saving model ...
Updating learning rate to 0.0008100000000000001
Epoch: 3 cost time: 13.650133609771729
Epoch: 3, Steps: 71 | Train Loss: 0.9006562 Vali Loss: 0.4052373
Validation loss decreased (0.406698 --> 0.405237).  Saving model ...
Updating learning rate to 0.0007290000000000002
Epoch: 4 cost time: 13.665488004684448
Epoch: 4, Steps: 71 | Train Loss: 0.8812880 Vali Loss: 0.3955503
Validation loss decreased (0.405237 --> 0.395550).  Saving model ...
Updating learning rate to 0.0006561000000000001
Epoch: 5 cost time: 13.77541708946228
Epoch: 5, Steps: 71 | Train Loss: 0.8851172 Vali Loss: 0.4002832
EarlyStopping counter: 1 out of 3
Updating learning rate to 0.00059049
Epoch: 6 cost time: 13.789013624191284
Epoch: 6, Steps: 71 | Train Loss: 0.8569747 Vali Loss: 0.4023841
EarlyStopping counter: 2 out of 3
Updating learning rate to 0.000531441
Epoch: 7 cost time: 13.703263282775879
Epoch: 7, Steps: 71 | Train Loss: 0.8424569 Vali Loss: 0.4013235
EarlyStopping counter: 3 out of 3
Early stopping
>>>>>>>testing : weather_96_96_iInformer_custom_M_ft96_sl48_ll96_pl512_dm8_nh2_el1_dl2048_df1_fctimeF_ebTrue_dtExp_projection_trk4_tsk15_2<<<<<<<<<<<<<<<<<<<<<<<<<<<<<<<<<
test 9100
test shape: (9100, 1, 1440, 21) (9100, 1, 1440, 21)
test shape: (9100, 1440, 21) (9100, 1440, 21)
prediction length: 96, mse:0.14930519461631775, mae:0.20239077508449554
prediction length: 192, mse:0.1925281286239624, mae:0.24344052374362946
prediction length: 288, mse:0.2254841923713684, mae:0.27010637521743774
prediction length: 384, mse:0.25192946195602417, mae:0.288502961397171
prediction length: 480, mse:0.27389007806777954, mae:0.3030395805835724
prediction length: 576, mse:0.29329225420951843, mae:0.31488272547721863
prediction length: 672, mse:0.3111696243286133, mae:0.32606443762779236
prediction length: 768, mse:0.3271770477294922, mae:0.33616217970848083
prediction length: 864, mse:0.3415204584598541, mae:0.34485548734664917
prediction length: 960, mse:0.3544066250324249, mae:0.3525570333003998
prediction length: 1056, mse:0.36629071831703186, mae:0.35921627283096313
prediction length: 1152, mse:0.3773232698440552, mae:0.364984929561615
prediction length: 1248, mse:0.3883952498435974, mae:0.3710998296737671
prediction length: 1344, mse:0.3993781507015228, mae:0.3772179186344147
prediction length: 1440, mse:0.4097673296928406, mae:0.3826964795589447
Args in experiment:
Namespace(is_training=1, model_id='weather_96_96', model='iInformer', data='custom', root_path='./dataset/weather/', data_path='weather.csv', features='M', target='OT', freq='h', checkpoints='./checkpoints/', seq_len=96, label_len=48, pred_len=96, training_k=4, test_k=15, beta=0.1, gamma=0.5, enc_in=21, dec_in=21, c_out=21, d_model=512, n_heads=8, e_layers=2, d_layers=1, d_ff=2048, moving_avg=25, factor=1, distil=True, dropout=0.1, embed='timeF', activation='gelu', output_attention=False, do_predict=False, num_workers=10, itr=4, train_epochs=30, batch_size=512, patience=3, learning_rate=0.001, des='Exp', loss='MSE', lradj='type1', use_amp=False, use_gpu=True, gpu=0, use_multi_gpu=False, devices='0,1,2,3', exp_name='MTSF', channel_independence=False, inverse=False, class_strategy='projection', target_root_path='./data/electricity/', target_data_path='electricity.csv', efficient_training=False, use_norm=True, partial_start_index=0)
Use GPU: cuda:0
>>>>>>>start training : weather_96_96_iInformer_custom_M_ft96_sl48_ll96_pl512_dm8_nh2_el1_dl2048_df1_fctimeF_ebTrue_dtExp_projection_trk4_tsk15_0>>>>>>>>>>>>>>>>>>>>>>>>>>
train 36408
val 5175
test 10444
Epoch: 1 cost time: 13.477006435394287
Epoch: 1, Steps: 71 | Train Loss: 1.0152488 Vali Loss: 0.4203483
Validation loss decreased (inf --> 0.420348).  Saving model ...
Updating learning rate to 0.0009000000000000001
Epoch: 2 cost time: 13.290765762329102
Epoch: 2, Steps: 71 | Train Loss: 0.9273260 Vali Loss: 0.4121256
Validation loss decreased (0.420348 --> 0.412126).  Saving model ...
Updating learning rate to 0.0008100000000000001
Epoch: 3 cost time: 13.36914348602295
Epoch: 3, Steps: 71 | Train Loss: 0.9001687 Vali Loss: 0.4024300
Validation loss decreased (0.412126 --> 0.402430).  Saving model ...
Updating learning rate to 0.0007290000000000002
Epoch: 4 cost time: 13.33615231513977
Epoch: 4, Steps: 71 | Train Loss: 0.8794971 Vali Loss: 0.3970297
Validation loss decreased (0.402430 --> 0.397030).  Saving model ...
Updating learning rate to 0.0006561000000000001
Epoch: 5 cost time: 13.502047300338745
Epoch: 5, Steps: 71 | Train Loss: 0.8653637 Vali Loss: 0.3958791
Validation loss decreased (0.397030 --> 0.395879).  Saving model ...
Updating learning rate to 0.00059049
Epoch: 6 cost time: 13.56725263595581
Epoch: 6, Steps: 71 | Train Loss: 0.8514433 Vali Loss: 0.3942467
Validation loss decreased (0.395879 --> 0.394247).  Saving model ...
Updating learning rate to 0.000531441
Epoch: 7 cost time: 13.451772689819336
Epoch: 7, Steps: 71 | Train Loss: 0.8343837 Vali Loss: 0.3952240
EarlyStopping counter: 1 out of 3
Updating learning rate to 0.0004782969000000001
Epoch: 8 cost time: 13.529255628585815
Epoch: 8, Steps: 71 | Train Loss: 0.8509132 Vali Loss: 0.4047800
EarlyStopping counter: 2 out of 3
Updating learning rate to 0.0004304672100000001
Epoch: 9 cost time: 13.386255025863647
Epoch: 9, Steps: 71 | Train Loss: 0.8207136 Vali Loss: 0.4102809
EarlyStopping counter: 3 out of 3
Early stopping
>>>>>>>testing : weather_96_96_iInformer_custom_M_ft96_sl48_ll96_pl512_dm8_nh2_el1_dl2048_df1_fctimeF_ebTrue_dtExp_projection_trk4_tsk15_0<<<<<<<<<<<<<<<<<<<<<<<<<<<<<<<<<
test 9100
test shape: (9100, 1, 1440, 21) (9100, 1, 1440, 21)
test shape: (9100, 1440, 21) (9100, 1440, 21)
prediction length: 96, mse:0.14702536165714264, mae:0.20109052956104279
prediction length: 192, mse:0.18889597058296204, mae:0.24164071679115295
prediction length: 288, mse:0.22175660729408264, mae:0.2684725821018219
prediction length: 384, mse:0.24790887534618378, mae:0.2869075536727905
prediction length: 480, mse:0.26977869868278503, mae:0.3014651834964752
prediction length: 576, mse:0.2888878285884857, mae:0.31322959065437317
prediction length: 672, mse:0.3063487708568573, mae:0.32423073053359985
prediction length: 768, mse:0.322092741727829, mae:0.3342062830924988
prediction length: 864, mse:0.33622103929519653, mae:0.3428506851196289
prediction length: 960, mse:0.34877586364746094, mae:0.3504551947116852
prediction length: 1056, mse:0.360566645860672, mae:0.3571362793445587
prediction length: 1152, mse:0.37162840366363525, mae:0.3630560636520386
prediction length: 1248, mse:0.382760226726532, mae:0.3693067133426666
prediction length: 1344, mse:0.39394232630729675, mae:0.37559953331947327
prediction length: 1440, mse:0.40459173917770386, mae:0.38130849599838257
Use GPU: cuda:0
>>>>>>>start training : weather_96_96_iInformer_custom_M_ft96_sl48_ll96_pl512_dm8_nh2_el1_dl2048_df1_fctimeF_ebTrue_dtExp_projection_trk4_tsk15_1>>>>>>>>>>>>>>>>>>>>>>>>>>
train 36408
val 5175
test 10444
Epoch: 1 cost time: 13.394768238067627
Epoch: 1, Steps: 71 | Train Loss: 1.0137568 Vali Loss: 0.4230995
Validation loss decreased (inf --> 0.423100).  Saving model ...
Updating learning rate to 0.0009000000000000001
Epoch: 2 cost time: 13.520535469055176
Epoch: 2, Steps: 71 | Train Loss: 0.9275366 Vali Loss: 0.4104338
Validation loss decreased (0.423100 --> 0.410434).  Saving model ...
Updating learning rate to 0.0008100000000000001
Epoch: 3 cost time: 13.592581987380981
Epoch: 3, Steps: 71 | Train Loss: 0.9105622 Vali Loss: 0.4063575
Validation loss decreased (0.410434 --> 0.406357).  Saving model ...
Updating learning rate to 0.0007290000000000002
Epoch: 4 cost time: 13.540629625320435
Epoch: 4, Steps: 71 | Train Loss: 0.8843659 Vali Loss: 0.3997121
Validation loss decreased (0.406357 --> 0.399712).  Saving model ...
Updating learning rate to 0.0006561000000000001
Epoch: 5 cost time: 13.638068437576294
Epoch: 5, Steps: 71 | Train Loss: 0.8667646 Vali Loss: 0.4032188
EarlyStopping counter: 1 out of 3
Updating learning rate to 0.00059049
Epoch: 6 cost time: 13.7171630859375
Epoch: 6, Steps: 71 | Train Loss: 0.8516309 Vali Loss: 0.4005688
EarlyStopping counter: 2 out of 3
Updating learning rate to 0.000531441
Epoch: 7 cost time: 13.677304029464722
Epoch: 7, Steps: 71 | Train Loss: 0.8399182 Vali Loss: 0.3991868
Validation loss decreased (0.399712 --> 0.399187).  Saving model ...
Updating learning rate to 0.0004782969000000001
Epoch: 8 cost time: 13.705811500549316
Epoch: 8, Steps: 71 | Train Loss: 0.8250515 Vali Loss: 0.4055966
EarlyStopping counter: 1 out of 3
Updating learning rate to 0.0004304672100000001
Epoch: 9 cost time: 13.681527137756348
Epoch: 9, Steps: 71 | Train Loss: 0.8126355 Vali Loss: 0.4092867
EarlyStopping counter: 2 out of 3
Updating learning rate to 0.0003874204890000001
Epoch: 10 cost time: 13.659250020980835
Epoch: 10, Steps: 71 | Train Loss: 0.7997269 Vali Loss: 0.4119544
EarlyStopping counter: 3 out of 3
Early stopping
>>>>>>>testing : weather_96_96_iInformer_custom_M_ft96_sl48_ll96_pl512_dm8_nh2_el1_dl2048_df1_fctimeF_ebTrue_dtExp_projection_trk4_tsk15_1<<<<<<<<<<<<<<<<<<<<<<<<<<<<<<<<<
test 9100
test shape: (9100, 1, 1440, 21) (9100, 1, 1440, 21)
test shape: (9100, 1440, 21) (9100, 1440, 21)
prediction length: 96, mse:0.14778678119182587, mae:0.20157043635845184
prediction length: 192, mse:0.19048483669757843, mae:0.24266821146011353
prediction length: 288, mse:0.22389669716358185, mae:0.2699071764945984
prediction length: 384, mse:0.2500097453594208, mae:0.28807729482650757
prediction length: 480, mse:0.2714998722076416, mae:0.30203428864479065
prediction length: 576, mse:0.290620356798172, mae:0.3136154115200043
prediction length: 672, mse:0.30823251605033875, mae:0.3244664669036865
prediction length: 768, mse:0.3238435983657837, mae:0.33412790298461914
prediction length: 864, mse:0.33813172578811646, mae:0.3426453471183777
prediction length: 960, mse:0.35098904371261597, mae:0.35020461678504944
prediction length: 1056, mse:0.3628826439380646, mae:0.3567487299442291
prediction length: 1152, mse:0.3743375241756439, mae:0.36268243193626404
prediction length: 1248, mse:0.38583827018737793, mae:0.36890551447868347
prediction length: 1344, mse:0.3972790241241455, mae:0.3752163052558899
prediction length: 1440, mse:0.40838029980659485, mae:0.38107192516326904
Use GPU: cuda:0
>>>>>>>start training : weather_96_96_iInformer_custom_M_ft96_sl48_ll96_pl512_dm8_nh2_el1_dl2048_df1_fctimeF_ebTrue_dtExp_projection_trk4_tsk15_2>>>>>>>>>>>>>>>>>>>>>>>>>>
train 36408
val 5175
test 10444
Epoch: 1 cost time: 13.457766771316528
Epoch: 1, Steps: 71 | Train Loss: 1.0189148 Vali Loss: 0.4275008
Validation loss decreased (inf --> 0.427501).  Saving model ...
Updating learning rate to 0.0009000000000000001
Epoch: 2 cost time: 13.586211204528809
Epoch: 2, Steps: 71 | Train Loss: 0.9267700 Vali Loss: 0.4081738
Validation loss decreased (0.427501 --> 0.408174).  Saving model ...
Updating learning rate to 0.0008100000000000001
Epoch: 3 cost time: 13.550554752349854
Epoch: 3, Steps: 71 | Train Loss: 0.8988681 Vali Loss: 0.4038109
Validation loss decreased (0.408174 --> 0.403811).  Saving model ...
Updating learning rate to 0.0007290000000000002
Epoch: 4 cost time: 13.697518348693848
Epoch: 4, Steps: 71 | Train Loss: 0.8808414 Vali Loss: 0.4021959
Validation loss decreased (0.403811 --> 0.402196).  Saving model ...
Updating learning rate to 0.0006561000000000001
Epoch: 5 cost time: 13.767987966537476
Epoch: 5, Steps: 71 | Train Loss: 0.8652938 Vali Loss: 0.3982373
Validation loss decreased (0.402196 --> 0.398237).  Saving model ...
Updating learning rate to 0.00059049
Epoch: 6 cost time: 13.790975570678711
Epoch: 6, Steps: 71 | Train Loss: 0.8570155 Vali Loss: 0.3981968
Validation loss decreased (0.398237 --> 0.398197).  Saving model ...
Updating learning rate to 0.000531441
Epoch: 7 cost time: 13.833714485168457
Epoch: 7, Steps: 71 | Train Loss: 0.8387690 Vali Loss: 0.4042324
EarlyStopping counter: 1 out of 3
Updating learning rate to 0.0004782969000000001
Epoch: 8 cost time: 13.754621982574463
Epoch: 8, Steps: 71 | Train Loss: 0.8260198 Vali Loss: 0.4011406
EarlyStopping counter: 2 out of 3
Updating learning rate to 0.0004304672100000001
Epoch: 9 cost time: 13.782816886901855
Epoch: 9, Steps: 71 | Train Loss: 0.8124699 Vali Loss: 0.4143162
EarlyStopping counter: 3 out of 3
Early stopping
>>>>>>>testing : weather_96_96_iInformer_custom_M_ft96_sl48_ll96_pl512_dm8_nh2_el1_dl2048_df1_fctimeF_ebTrue_dtExp_projection_trk4_tsk15_2<<<<<<<<<<<<<<<<<<<<<<<<<<<<<<<<<
test 9100
test shape: (9100, 1, 1440, 21) (9100, 1, 1440, 21)
test shape: (9100, 1440, 21) (9100, 1440, 21)
prediction length: 96, mse:0.14743715524673462, mae:0.20174022018909454
prediction length: 192, mse:0.1899634748697281, mae:0.24228796362876892
prediction length: 288, mse:0.22277995944023132, mae:0.26884520053863525
prediction length: 384, mse:0.2488943636417389, mae:0.28702428936958313
prediction length: 480, mse:0.2704516351222992, mae:0.30112603306770325
prediction length: 576, mse:0.28958311676979065, mae:0.31259244680404663
prediction length: 672, mse:0.30710339546203613, mae:0.3233596980571747
prediction length: 768, mse:0.32266926765441895, mae:0.3330491781234741
prediction length: 864, mse:0.33689382672309875, mae:0.3415566682815552
prediction length: 960, mse:0.3496769070625305, mae:0.34908339381217957
prediction length: 1056, mse:0.36140987277030945, mae:0.355502188205719
prediction length: 1152, mse:0.37261512875556946, mae:0.3612683415412903
prediction length: 1248, mse:0.38378027081489563, mae:0.3673223853111267
prediction length: 1344, mse:0.39472469687461853, mae:0.3733401298522949
prediction length: 1440, mse:0.40521976351737976, mae:0.37885430455207825
Use GPU: cuda:0
>>>>>>>start training : weather_96_96_iInformer_custom_M_ft96_sl48_ll96_pl512_dm8_nh2_el1_dl2048_df1_fctimeF_ebTrue_dtExp_projection_trk4_tsk15_3>>>>>>>>>>>>>>>>>>>>>>>>>>
train 36408
val 5175
test 10444
Epoch: 1 cost time: 13.4369637966156
Epoch: 1, Steps: 71 | Train Loss: 1.0094594 Vali Loss: 0.4224851
Validation loss decreased (inf --> 0.422485).  Saving model ...
Updating learning rate to 0.0009000000000000001
Epoch: 2 cost time: 13.612120628356934
Epoch: 2, Steps: 71 | Train Loss: 0.9273037 Vali Loss: 0.4109221
Validation loss decreased (0.422485 --> 0.410922).  Saving model ...
Updating learning rate to 0.0008100000000000001
Epoch: 3 cost time: 13.571511030197144
Epoch: 3, Steps: 71 | Train Loss: 0.8994891 Vali Loss: 0.4034634
Validation loss decreased (0.410922 --> 0.403463).  Saving model ...
Updating learning rate to 0.0007290000000000002
Epoch: 4 cost time: 13.685954332351685
Epoch: 4, Steps: 71 | Train Loss: 0.8907733 Vali Loss: 0.4054512
EarlyStopping counter: 1 out of 3
Updating learning rate to 0.0006561000000000001
Epoch: 5 cost time: 13.657581090927124
Epoch: 5, Steps: 71 | Train Loss: 0.8702865 Vali Loss: 0.3995807
Validation loss decreased (0.403463 --> 0.399581).  Saving model ...
Updating learning rate to 0.00059049
Epoch: 6 cost time: 13.753347396850586
Epoch: 6, Steps: 71 | Train Loss: 0.8536205 Vali Loss: 0.3994526
Validation loss decreased (0.399581 --> 0.399453).  Saving model ...
Updating learning rate to 0.000531441
Epoch: 7 cost time: 13.756821155548096
Epoch: 7, Steps: 71 | Train Loss: 0.8368382 Vali Loss: 0.3984448
Validation loss decreased (0.399453 --> 0.398445).  Saving model ...
Updating learning rate to 0.0004782969000000001
Epoch: 8 cost time: 13.758378744125366
Epoch: 8, Steps: 71 | Train Loss: 0.8267710 Vali Loss: 0.4039105
EarlyStopping counter: 1 out of 3
Updating learning rate to 0.0004304672100000001
Epoch: 9 cost time: 13.682113409042358
Epoch: 9, Steps: 71 | Train Loss: 0.8121263 Vali Loss: 0.4097086
EarlyStopping counter: 2 out of 3
Updating learning rate to 0.0003874204890000001
Epoch: 10 cost time: 13.64204216003418
Epoch: 10, Steps: 71 | Train Loss: 0.7997961 Vali Loss: 0.4095296
EarlyStopping counter: 3 out of 3
Early stopping
>>>>>>>testing : weather_96_96_iInformer_custom_M_ft96_sl48_ll96_pl512_dm8_nh2_el1_dl2048_df1_fctimeF_ebTrue_dtExp_projection_trk4_tsk15_3<<<<<<<<<<<<<<<<<<<<<<<<<<<<<<<<<
test 9100
test shape: (9100, 1, 1440, 21) (9100, 1, 1440, 21)
test shape: (9100, 1440, 21) (9100, 1440, 21)
prediction length: 96, mse:0.1476738005876541, mae:0.2012074589729309
prediction length: 192, mse:0.19000987708568573, mae:0.2419896125793457
prediction length: 288, mse:0.22312620282173157, mae:0.2692810893058777
prediction length: 384, mse:0.249479278922081, mae:0.28763407468795776
prediction length: 480, mse:0.27118101716041565, mae:0.3017728924751282
prediction length: 576, mse:0.29039379954338074, mae:0.31350085139274597
prediction length: 672, mse:0.3079223036766052, mae:0.3243090808391571
prediction length: 768, mse:0.32329654693603516, mae:0.33388474583625793
prediction length: 864, mse:0.33736273646354675, mae:0.3423958420753479
prediction length: 960, mse:0.34969577193260193, mae:0.34977835416793823
prediction length: 1056, mse:0.36083391308784485, mae:0.35602137446403503
prediction length: 1152, mse:0.37148889899253845, mae:0.36166030168533325
prediction length: 1248, mse:0.3820173740386963, mae:0.36751335859298706
prediction length: 1344, mse:0.39242032170295715, mae:0.3734035789966583
prediction length: 1440, mse:0.4024007320404053, mae:0.3788551092147827
Args in experiment:
Namespace(is_training=1, model_id='weather_96_96', model='iInformer', data='custom', root_path='./dataset/weather/', data_path='weather.csv', features='M', target='OT', freq='h', checkpoints='./checkpoints/', seq_len=96, label_len=48, pred_len=96, training_k=4, test_k=15, beta=0.1, gamma=0.5, enc_in=21, dec_in=21, c_out=21, d_model=512, n_heads=8, e_layers=2, d_layers=1, d_ff=2048, moving_avg=25, factor=1, distil=True, dropout=0.1, embed='timeF', activation='gelu', output_attention=False, do_predict=False, num_workers=10, itr=5, train_epochs=30, batch_size=512, patience=3, learning_rate=0.001, des='Exp', loss='MSE', lradj='type1', use_amp=False, use_gpu=True, gpu=0, use_multi_gpu=False, devices='0,1,2,3', exp_name='MTSF', channel_independence=False, inverse=False, class_strategy='projection', target_root_path='./data/electricity/', target_data_path='electricity.csv', efficient_training=False, use_norm=True, partial_start_index=0)
Use GPU: cuda:0
>>>>>>>start training : weather_96_96_iInformer_custom_M_ft96_sl48_ll96_pl512_dm8_nh2_el1_dl2048_df1_fctimeF_ebTrue_dtExp_projection_trk4_tsk15_0>>>>>>>>>>>>>>>>>>>>>>>>>>
train 36408
val 5175
test 10444
Epoch: 1 cost time: 13.452697992324829
Epoch: 1, Steps: 71 | Train Loss: 1.0184199 Vali Loss: 0.4369742
Validation loss decreased (inf --> 0.436974).  Saving model ...
Updating learning rate to 0.0009000000000000001
Epoch: 2 cost time: 13.285035133361816
Epoch: 2, Steps: 71 | Train Loss: 0.9318368 Vali Loss: 0.4155949
Validation loss decreased (0.436974 --> 0.415595).  Saving model ...
Updating learning rate to 0.0008100000000000001
Epoch: 3 cost time: 13.353830814361572
Epoch: 3, Steps: 71 | Train Loss: 0.9010980 Vali Loss: 0.4031608
Validation loss decreased (0.415595 --> 0.403161).  Saving model ...
Updating learning rate to 0.0007290000000000002
Epoch: 4 cost time: 13.388680934906006
Epoch: 4, Steps: 71 | Train Loss: 0.8818419 Vali Loss: 0.4030341
Validation loss decreased (0.403161 --> 0.403034).  Saving model ...
Updating learning rate to 0.0006561000000000001
Epoch: 5 cost time: 13.51934552192688
Epoch: 5, Steps: 71 | Train Loss: 0.8787382 Vali Loss: 0.4006179
Validation loss decreased (0.403034 --> 0.400618).  Saving model ...
Updating learning rate to 0.00059049
Epoch: 6 cost time: 13.468010902404785
Epoch: 6, Steps: 71 | Train Loss: 0.8601346 Vali Loss: 0.4014425
EarlyStopping counter: 1 out of 3
Updating learning rate to 0.000531441
Epoch: 7 cost time: 13.50757622718811
Epoch: 7, Steps: 71 | Train Loss: 0.8439015 Vali Loss: 0.3977865
Validation loss decreased (0.400618 --> 0.397786).  Saving model ...
Updating learning rate to 0.0004782969000000001
Epoch: 8 cost time: 13.455381870269775
Epoch: 8, Steps: 71 | Train Loss: 0.8314648 Vali Loss: 0.4061252
EarlyStopping counter: 1 out of 3
Updating learning rate to 0.0004304672100000001
Epoch: 9 cost time: 13.334837913513184
Epoch: 9, Steps: 71 | Train Loss: 0.8196665 Vali Loss: 0.3995761
EarlyStopping counter: 2 out of 3
Updating learning rate to 0.0003874204890000001
Epoch: 10 cost time: 13.46513819694519
Epoch: 10, Steps: 71 | Train Loss: 0.8086329 Vali Loss: 0.4054591
EarlyStopping counter: 3 out of 3
Early stopping
>>>>>>>testing : weather_96_96_iInformer_custom_M_ft96_sl48_ll96_pl512_dm8_nh2_el1_dl2048_df1_fctimeF_ebTrue_dtExp_projection_trk4_tsk15_0<<<<<<<<<<<<<<<<<<<<<<<<<<<<<<<<<
test 9100
test shape: (9100, 1, 1440, 21) (9100, 1, 1440, 21)
test shape: (9100, 1440, 21) (9100, 1440, 21)
prediction length: 96, mse:0.14736975729465485, mae:0.20057138800621033
prediction length: 192, mse:0.18941271305084229, mae:0.24132421612739563
prediction length: 288, mse:0.2226654589176178, mae:0.26856714487075806
prediction length: 384, mse:0.24882212281227112, mae:0.28693103790283203
prediction length: 480, mse:0.2704871892929077, mae:0.30115804076194763
prediction length: 576, mse:0.28970783948898315, mae:0.31296974420547485
prediction length: 672, mse:0.3072340488433838, mae:0.3238970935344696
prediction length: 768, mse:0.3228931128978729, mae:0.3337344229221344
prediction length: 864, mse:0.33704957365989685, mae:0.3423148989677429
prediction length: 960, mse:0.349600225687027, mae:0.3498821258544922
prediction length: 1056, mse:0.36131566762924194, mae:0.3564300835132599
prediction length: 1152, mse:0.3724948763847351, mae:0.3623605966567993
prediction length: 1248, mse:0.383613646030426, mae:0.3685758709907532
prediction length: 1344, mse:0.3947811424732208, mae:0.374818354845047
prediction length: 1440, mse:0.40541398525238037, mae:0.3805283010005951
Use GPU: cuda:0
>>>>>>>start training : weather_96_96_iInformer_custom_M_ft96_sl48_ll96_pl512_dm8_nh2_el1_dl2048_df1_fctimeF_ebTrue_dtExp_projection_trk4_tsk15_1>>>>>>>>>>>>>>>>>>>>>>>>>>
train 36408
val 5175
test 10444
Epoch: 1 cost time: 13.417237758636475
Epoch: 1, Steps: 71 | Train Loss: 1.0116417 Vali Loss: 0.4199828
Validation loss decreased (inf --> 0.419983).  Saving model ...
Updating learning rate to 0.0009000000000000001
Epoch: 2 cost time: 13.533982992172241
Epoch: 2, Steps: 71 | Train Loss: 0.9293423 Vali Loss: 0.4131410
Validation loss decreased (0.419983 --> 0.413141).  Saving model ...
Updating learning rate to 0.0008100000000000001
Epoch: 3 cost time: 13.649909019470215
Epoch: 3, Steps: 71 | Train Loss: 0.9012204 Vali Loss: 0.4006778
Validation loss decreased (0.413141 --> 0.400678).  Saving model ...
Updating learning rate to 0.0007290000000000002
Epoch: 4 cost time: 13.600935697555542
Epoch: 4, Steps: 71 | Train Loss: 0.8784399 Vali Loss: 0.3947375
Validation loss decreased (0.400678 --> 0.394737).  Saving model ...
Updating learning rate to 0.0006561000000000001
Epoch: 5 cost time: 13.754871845245361
Epoch: 5, Steps: 71 | Train Loss: 0.8603227 Vali Loss: 0.4048744
EarlyStopping counter: 1 out of 3
Updating learning rate to 0.00059049
Epoch: 6 cost time: 13.749032497406006
Epoch: 6, Steps: 71 | Train Loss: 0.8485015 Vali Loss: 0.4049076
EarlyStopping counter: 2 out of 3
Updating learning rate to 0.000531441
Epoch: 7 cost time: 13.703813076019287
Epoch: 7, Steps: 71 | Train Loss: 0.8376954 Vali Loss: 0.4079046
EarlyStopping counter: 3 out of 3
Early stopping
>>>>>>>testing : weather_96_96_iInformer_custom_M_ft96_sl48_ll96_pl512_dm8_nh2_el1_dl2048_df1_fctimeF_ebTrue_dtExp_projection_trk4_tsk15_1<<<<<<<<<<<<<<<<<<<<<<<<<<<<<<<<<
test 9100
test shape: (9100, 1, 1440, 21) (9100, 1, 1440, 21)
test shape: (9100, 1440, 21) (9100, 1440, 21)
prediction length: 96, mse:0.14921949803829193, mae:0.20223963260650635
prediction length: 192, mse:0.19095246493816376, mae:0.24253331124782562
prediction length: 288, mse:0.2231290489435196, mae:0.2686631679534912
prediction length: 384, mse:0.24913132190704346, mae:0.2872486710548401
prediction length: 480, mse:0.27077388763427734, mae:0.3017199635505676
prediction length: 576, mse:0.28986167907714844, mae:0.3135952949523926
prediction length: 672, mse:0.30751392245292664, mae:0.32498106360435486
prediction length: 768, mse:0.32325297594070435, mae:0.33511215448379517
prediction length: 864, mse:0.33742064237594604, mae:0.3439507782459259
prediction length: 960, mse:0.35019195079803467, mae:0.3518790006637573
prediction length: 1056, mse:0.36188286542892456, mae:0.3586232364177704
prediction length: 1152, mse:0.3728692829608917, mae:0.36458805203437805
prediction length: 1248, mse:0.38401368260383606, mae:0.3710430860519409
prediction length: 1344, mse:0.3948433995246887, mae:0.3772648274898529
prediction length: 1440, mse:0.4051028788089752, mae:0.38291481137275696
Use GPU: cuda:0
>>>>>>>start training : weather_96_96_iInformer_custom_M_ft96_sl48_ll96_pl512_dm8_nh2_el1_dl2048_df1_fctimeF_ebTrue_dtExp_projection_trk4_tsk15_2>>>>>>>>>>>>>>>>>>>>>>>>>>
train 36408
val 5175
test 10444
Epoch: 1 cost time: 13.31697702407837
Epoch: 1, Steps: 71 | Train Loss: 1.0150971 Vali Loss: 0.4241184
Validation loss decreased (inf --> 0.424118).  Saving model ...
Updating learning rate to 0.0009000000000000001
Epoch: 2 cost time: 13.544732093811035
Epoch: 2, Steps: 71 | Train Loss: 0.9215828 Vali Loss: 0.4093933
Validation loss decreased (0.424118 --> 0.409393).  Saving model ...
Updating learning rate to 0.0008100000000000001
Epoch: 3 cost time: 13.642524719238281
Epoch: 3, Steps: 71 | Train Loss: 0.8934968 Vali Loss: 0.4005488
Validation loss decreased (0.409393 --> 0.400549).  Saving model ...
Updating learning rate to 0.0007290000000000002
Epoch: 4 cost time: 13.62097978591919
Epoch: 4, Steps: 71 | Train Loss: 0.8789695 Vali Loss: 0.4015194
EarlyStopping counter: 1 out of 3
Updating learning rate to 0.0006561000000000001
Epoch: 5 cost time: 13.756750345230103
Epoch: 5, Steps: 71 | Train Loss: 0.8612655 Vali Loss: 0.3951122
Validation loss decreased (0.400549 --> 0.395112).  Saving model ...
Updating learning rate to 0.00059049
Epoch: 6 cost time: 13.825902700424194
Epoch: 6, Steps: 71 | Train Loss: 0.8447867 Vali Loss: 0.4022854
EarlyStopping counter: 1 out of 3
Updating learning rate to 0.000531441
Epoch: 7 cost time: 13.780797481536865
Epoch: 7, Steps: 71 | Train Loss: 0.8322391 Vali Loss: 0.4023395
EarlyStopping counter: 2 out of 3
Updating learning rate to 0.0004782969000000001
Epoch: 8 cost time: 13.720338582992554
Epoch: 8, Steps: 71 | Train Loss: 0.8184603 Vali Loss: 0.4051281
EarlyStopping counter: 3 out of 3
Early stopping
>>>>>>>testing : weather_96_96_iInformer_custom_M_ft96_sl48_ll96_pl512_dm8_nh2_el1_dl2048_df1_fctimeF_ebTrue_dtExp_projection_trk4_tsk15_2<<<<<<<<<<<<<<<<<<<<<<<<<<<<<<<<<
test 9100
test shape: (9100, 1, 1440, 21) (9100, 1, 1440, 21)
test shape: (9100, 1440, 21) (9100, 1440, 21)
prediction length: 96, mse:0.14781345427036285, mae:0.20263850688934326
prediction length: 192, mse:0.19015592336654663, mae:0.24298220872879028
prediction length: 288, mse:0.2229621708393097, mae:0.26985543966293335
prediction length: 384, mse:0.24917985498905182, mae:0.28824830055236816
prediction length: 480, mse:0.271161824464798, mae:0.302676796913147
prediction length: 576, mse:0.29056254029273987, mae:0.31459951400756836
prediction length: 672, mse:0.3087056875228882, mae:0.32572245597839355
prediction length: 768, mse:0.3253558278083801, mae:0.3359047472476959
prediction length: 864, mse:0.3405631184577942, mae:0.34489190578460693
prediction length: 960, mse:0.3546702265739441, mae:0.3529576063156128
prediction length: 1056, mse:0.3682584762573242, mae:0.36015889048576355
prediction length: 1152, mse:0.38096168637275696, mae:0.3665584623813629
prediction length: 1248, mse:0.39429283142089844, mae:0.37331295013427734
prediction length: 1344, mse:0.40817803144454956, mae:0.3802604675292969
prediction length: 1440, mse:0.42166903614997864, mae:0.3867383301258087
Use GPU: cuda:0
>>>>>>>start training : weather_96_96_iInformer_custom_M_ft96_sl48_ll96_pl512_dm8_nh2_el1_dl2048_df1_fctimeF_ebTrue_dtExp_projection_trk4_tsk15_3>>>>>>>>>>>>>>>>>>>>>>>>>>
train 36408
val 5175
test 10444
Epoch: 1 cost time: 13.472381353378296
Epoch: 1, Steps: 71 | Train Loss: 1.0141566 Vali Loss: 0.4367104
Validation loss decreased (inf --> 0.436710).  Saving model ...
Updating learning rate to 0.0009000000000000001
Epoch: 2 cost time: 13.683485984802246
Epoch: 2, Steps: 71 | Train Loss: 0.9302951 Vali Loss: 0.4105465
Validation loss decreased (0.436710 --> 0.410546).  Saving model ...
Updating learning rate to 0.0008100000000000001
Epoch: 3 cost time: 13.664704084396362
Epoch: 3, Steps: 71 | Train Loss: 0.8982251 Vali Loss: 0.4085096
Validation loss decreased (0.410546 --> 0.408510).  Saving model ...
Updating learning rate to 0.0007290000000000002
Epoch: 4 cost time: 13.757604360580444
Epoch: 4, Steps: 71 | Train Loss: 0.8791107 Vali Loss: 0.3981007
Validation loss decreased (0.408510 --> 0.398101).  Saving model ...
Updating learning rate to 0.0006561000000000001
Epoch: 5 cost time: 13.761765003204346
Epoch: 5, Steps: 71 | Train Loss: 0.8712179 Vali Loss: 0.3956452
Validation loss decreased (0.398101 --> 0.395645).  Saving model ...
Updating learning rate to 0.00059049
Epoch: 6 cost time: 13.79040241241455
Epoch: 6, Steps: 71 | Train Loss: 0.8528758 Vali Loss: 0.3994945
EarlyStopping counter: 1 out of 3
Updating learning rate to 0.000531441
Epoch: 7 cost time: 13.804640054702759
Epoch: 7, Steps: 71 | Train Loss: 0.8339658 Vali Loss: 0.4022107
EarlyStopping counter: 2 out of 3
Updating learning rate to 0.0004782969000000001
Epoch: 8 cost time: 13.764066934585571
Epoch: 8, Steps: 71 | Train Loss: 0.8228666 Vali Loss: 0.4022089
EarlyStopping counter: 3 out of 3
Early stopping
>>>>>>>testing : weather_96_96_iInformer_custom_M_ft96_sl48_ll96_pl512_dm8_nh2_el1_dl2048_df1_fctimeF_ebTrue_dtExp_projection_trk4_tsk15_3<<<<<<<<<<<<<<<<<<<<<<<<<<<<<<<<<
test 9100
test shape: (9100, 1, 1440, 21) (9100, 1, 1440, 21)
test shape: (9100, 1440, 21) (9100, 1440, 21)
prediction length: 96, mse:0.1506093591451645, mae:0.20447249710559845
prediction length: 192, mse:0.19302873313426971, mae:0.2452096939086914
prediction length: 288, mse:0.22509147226810455, mae:0.270990252494812
prediction length: 384, mse:0.25096628069877625, mae:0.28901207447052
prediction length: 480, mse:0.27298784255981445, mae:0.30354854464530945
prediction length: 576, mse:0.2920677661895752, mae:0.3152066171169281
prediction length: 672, mse:0.30985280871391296, mae:0.3262730836868286
prediction length: 768, mse:0.32620927691459656, mae:0.3365498483181
prediction length: 864, mse:0.3407043516635895, mae:0.3453214764595032
prediction length: 960, mse:0.35385945439338684, mae:0.35310250520706177
prediction length: 1056, mse:0.36628371477127075, mae:0.36003029346466064
prediction length: 1152, mse:0.37766382098197937, mae:0.3660048842430115
prediction length: 1248, mse:0.38916102051734924, mae:0.3722870647907257
prediction length: 1344, mse:0.40054550766944885, mae:0.3786015808582306
prediction length: 1440, mse:0.4112628400325775, mae:0.3841884434223175
Use GPU: cuda:0
>>>>>>>start training : weather_96_96_iInformer_custom_M_ft96_sl48_ll96_pl512_dm8_nh2_el1_dl2048_df1_fctimeF_ebTrue_dtExp_projection_trk4_tsk15_4>>>>>>>>>>>>>>>>>>>>>>>>>>
train 36408
val 5175
test 10444
Epoch: 1 cost time: 13.474294662475586
Epoch: 1, Steps: 71 | Train Loss: 1.0115887 Vali Loss: 0.4236674
Validation loss decreased (inf --> 0.423667).  Saving model ...
Updating learning rate to 0.0009000000000000001
Epoch: 2 cost time: 13.67442011833191
Epoch: 2, Steps: 71 | Train Loss: 0.9285412 Vali Loss: 0.4111373
Validation loss decreased (0.423667 --> 0.411137).  Saving model ...
Updating learning rate to 0.0008100000000000001
Epoch: 3 cost time: 13.692144870758057
Epoch: 3, Steps: 71 | Train Loss: 0.8999426 Vali Loss: 0.4031229
Validation loss decreased (0.411137 --> 0.403123).  Saving model ...
Updating learning rate to 0.0007290000000000002
Epoch: 4 cost time: 13.755481958389282
Epoch: 4, Steps: 71 | Train Loss: 0.8991750 Vali Loss: 0.4024649
Validation loss decreased (0.403123 --> 0.402465).  Saving model ...
Updating learning rate to 0.0006561000000000001
Epoch: 5 cost time: 13.844709634780884
Epoch: 5, Steps: 71 | Train Loss: 0.8741593 Vali Loss: 0.3998062
Validation loss decreased (0.402465 --> 0.399806).  Saving model ...
Updating learning rate to 0.00059049
Epoch: 6 cost time: 13.891870737075806
Epoch: 6, Steps: 71 | Train Loss: 0.8564651 Vali Loss: 0.3975254
Validation loss decreased (0.399806 --> 0.397525).  Saving model ...
Updating learning rate to 0.000531441
Epoch: 7 cost time: 13.818302869796753
Epoch: 7, Steps: 71 | Train Loss: 0.8491942 Vali Loss: 0.4008457
EarlyStopping counter: 1 out of 3
Updating learning rate to 0.0004782969000000001
Epoch: 8 cost time: 13.827565431594849
Epoch: 8, Steps: 71 | Train Loss: 0.8471651 Vali Loss: 0.4020062
EarlyStopping counter: 2 out of 3
Updating learning rate to 0.0004304672100000001
Epoch: 9 cost time: 13.866090297698975
Epoch: 9, Steps: 71 | Train Loss: 0.8261026 Vali Loss: 0.4015470
EarlyStopping counter: 3 out of 3
Early stopping
>>>>>>>testing : weather_96_96_iInformer_custom_M_ft96_sl48_ll96_pl512_dm8_nh2_el1_dl2048_df1_fctimeF_ebTrue_dtExp_projection_trk4_tsk15_4<<<<<<<<<<<<<<<<<<<<<<<<<<<<<<<<<
test 9100
test shape: (9100, 1, 1440, 21) (9100, 1, 1440, 21)
test shape: (9100, 1440, 21) (9100, 1440, 21)
prediction length: 96, mse:0.14753194153308868, mae:0.2005624622106552
prediction length: 192, mse:0.19078177213668823, mae:0.24243910610675812
prediction length: 288, mse:0.22354809939861298, mae:0.2690788507461548
prediction length: 384, mse:0.24986155331134796, mae:0.287521094083786
prediction length: 480, mse:0.27216166257858276, mae:0.30229049921035767
prediction length: 576, mse:0.2914772927761078, mae:0.31416887044906616
prediction length: 672, mse:0.3095972537994385, mae:0.32549718022346497
prediction length: 768, mse:0.3259190618991852, mae:0.3357740342617035
prediction length: 864, mse:0.34040603041648865, mae:0.34454265236854553
prediction length: 960, mse:0.3538820743560791, mae:0.35249897837638855
prediction length: 1056, mse:0.366655558347702, mae:0.35954204201698303
prediction length: 1152, mse:0.37845122814178467, mae:0.36570265889167786
prediction length: 1248, mse:0.3908720016479492, mae:0.3723302483558655
prediction length: 1344, mse:0.40343236923217773, mae:0.3790464997291565
prediction length: 1440, mse:0.4152606427669525, mae:0.38515955209732056
Args in experiment:
Namespace(is_training=1, model_id='weather_96_96', model='iFlowformer', data='custom', root_path='./dataset/weather/', data_path='weather.csv', features='M', target='OT', freq='h', checkpoints='./checkpoints/', seq_len=96, label_len=48, pred_len=96, training_k=4, test_k=15, beta=0.1, gamma=0.5, enc_in=21, dec_in=21, c_out=21, d_model=512, n_heads=8, e_layers=2, d_layers=1, d_ff=2048, moving_avg=25, factor=1, distil=True, dropout=0.1, embed='timeF', activation='gelu', output_attention=False, do_predict=False, num_workers=10, itr=1, train_epochs=30, batch_size=512, patience=3, learning_rate=0.001, des='Exp', loss='MSE', lradj='type1', use_amp=False, use_gpu=True, gpu=0, use_multi_gpu=False, devices='0,1,2,3', exp_name='MTSF', channel_independence=False, inverse=False, class_strategy='projection', target_root_path='./data/electricity/', target_data_path='electricity.csv', efficient_training=False, use_norm=True, partial_start_index=0)
Use GPU: cuda:0
>>>>>>>start training : weather_96_96_iFlowformer_custom_M_ft96_sl48_ll96_pl512_dm8_nh2_el1_dl2048_df1_fctimeF_ebTrue_dtExp_projection_trk4_tsk15_0>>>>>>>>>>>>>>>>>>>>>>>>>>
train 36408
val 5175
test 10444
Epoch: 1 cost time: 15.420140504837036
Epoch: 1, Steps: 71 | Train Loss: 1.0719470 Vali Loss: 0.4562147
Validation loss decreased (inf --> 0.456215).  Saving model ...
Updating learning rate to 0.0009000000000000001
Epoch: 2 cost time: 15.425434112548828
Epoch: 2, Steps: 71 | Train Loss: 0.9878932 Vali Loss: 0.4394944
Validation loss decreased (0.456215 --> 0.439494).  Saving model ...
Updating learning rate to 0.0008100000000000001
Epoch: 3 cost time: 15.501321792602539
Epoch: 3, Steps: 71 | Train Loss: 0.9605998 Vali Loss: 0.4398139
EarlyStopping counter: 1 out of 3
Updating learning rate to 0.0007290000000000002
Epoch: 4 cost time: 15.588016510009766
Epoch: 4, Steps: 71 | Train Loss: 0.9354085 Vali Loss: 0.4258304
Validation loss decreased (0.439494 --> 0.425830).  Saving model ...
Updating learning rate to 0.0006561000000000001
Epoch: 5 cost time: 15.68124794960022
Epoch: 5, Steps: 71 | Train Loss: 0.9194397 Vali Loss: 0.4393478
EarlyStopping counter: 1 out of 3
Updating learning rate to 0.00059049
Epoch: 6 cost time: 15.644121646881104
Epoch: 6, Steps: 71 | Train Loss: 0.9008349 Vali Loss: 0.4437179
EarlyStopping counter: 2 out of 3
Updating learning rate to 0.000531441
Epoch: 7 cost time: 15.648339033126831
Epoch: 7, Steps: 71 | Train Loss: 0.8884612 Vali Loss: 0.4529997
EarlyStopping counter: 3 out of 3
Early stopping
>>>>>>>testing : weather_96_96_iFlowformer_custom_M_ft96_sl48_ll96_pl512_dm8_nh2_el1_dl2048_df1_fctimeF_ebTrue_dtExp_projection_trk4_tsk15_0<<<<<<<<<<<<<<<<<<<<<<<<<<<<<<<<<
test 9100
test shape: (9100, 1, 1440, 21) (9100, 1, 1440, 21)
test shape: (9100, 1440, 21) (9100, 1440, 21)
prediction length: 96, mse:0.15880778431892395, mae:0.2091544270515442
prediction length: 192, mse:0.20206257700920105, mae:0.2499656081199646
prediction length: 288, mse:0.23398151993751526, mae:0.27542710304260254
prediction length: 384, mse:0.26015418767929077, mae:0.29381078481674194
prediction length: 480, mse:0.2820025682449341, mae:0.30824723839759827
prediction length: 576, mse:0.301878422498703, mae:0.3204929530620575
prediction length: 672, mse:0.32022857666015625, mae:0.33208125829696655
prediction length: 768, mse:0.3363972008228302, mae:0.3425416946411133
prediction length: 864, mse:0.35140153765678406, mae:0.3520757853984833
prediction length: 960, mse:0.3647788166999817, mae:0.36039867997169495
prediction length: 1056, mse:0.3771016597747803, mae:0.36750301718711853
prediction length: 1152, mse:0.38926610350608826, mae:0.3742305636405945
prediction length: 1248, mse:0.40132883191108704, mae:0.3811757266521454
prediction length: 1344, mse:0.41287973523139954, mae:0.3879978060722351
prediction length: 1440, mse:0.423910915851593, mae:0.394305944442749
Args in experiment:
Namespace(is_training=1, model_id='weather_96_96', model='iFlowformer', data='custom', root_path='./dataset/weather/', data_path='weather.csv', features='M', target='OT', freq='h', checkpoints='./checkpoints/', seq_len=96, label_len=48, pred_len=96, training_k=4, test_k=15, beta=0.1, gamma=0.5, enc_in=21, dec_in=21, c_out=21, d_model=512, n_heads=8, e_layers=2, d_layers=1, d_ff=2048, moving_avg=25, factor=1, distil=True, dropout=0.1, embed='timeF', activation='gelu', output_attention=False, do_predict=False, num_workers=10, itr=2, train_epochs=30, batch_size=512, patience=3, learning_rate=0.001, des='Exp', loss='MSE', lradj='type1', use_amp=False, use_gpu=True, gpu=0, use_multi_gpu=False, devices='0,1,2,3', exp_name='MTSF', channel_independence=False, inverse=False, class_strategy='projection', target_root_path='./data/electricity/', target_data_path='electricity.csv', efficient_training=False, use_norm=True, partial_start_index=0)
Use GPU: cuda:0
>>>>>>>start training : weather_96_96_iFlowformer_custom_M_ft96_sl48_ll96_pl512_dm8_nh2_el1_dl2048_df1_fctimeF_ebTrue_dtExp_projection_trk4_tsk15_0>>>>>>>>>>>>>>>>>>>>>>>>>>
train 36408
val 5175
test 10444
Epoch: 1 cost time: 15.420872449874878
Epoch: 1, Steps: 71 | Train Loss: 1.0703170 Vali Loss: 0.4625684
Validation loss decreased (inf --> 0.462568).  Saving model ...
Updating learning rate to 0.0009000000000000001
Epoch: 2 cost time: 15.435846090316772
Epoch: 2, Steps: 71 | Train Loss: 0.9862519 Vali Loss: 0.4411694
Validation loss decreased (0.462568 --> 0.441169).  Saving model ...
Updating learning rate to 0.0008100000000000001
Epoch: 3 cost time: 15.519235372543335
Epoch: 3, Steps: 71 | Train Loss: 0.9538696 Vali Loss: 0.4444248
EarlyStopping counter: 1 out of 3
Updating learning rate to 0.0007290000000000002
Epoch: 4 cost time: 15.58224868774414
Epoch: 4, Steps: 71 | Train Loss: 0.9397286 Vali Loss: 0.4470655
EarlyStopping counter: 2 out of 3
Updating learning rate to 0.0006561000000000001
Epoch: 5 cost time: 15.660741567611694
Epoch: 5, Steps: 71 | Train Loss: 0.9230251 Vali Loss: 0.4437827
EarlyStopping counter: 3 out of 3
Early stopping
>>>>>>>testing : weather_96_96_iFlowformer_custom_M_ft96_sl48_ll96_pl512_dm8_nh2_el1_dl2048_df1_fctimeF_ebTrue_dtExp_projection_trk4_tsk15_0<<<<<<<<<<<<<<<<<<<<<<<<<<<<<<<<<
test 9100
test shape: (9100, 1, 1440, 21) (9100, 1, 1440, 21)
test shape: (9100, 1440, 21) (9100, 1440, 21)
prediction length: 96, mse:0.16574329137802124, mae:0.2163914144039154
prediction length: 192, mse:0.2062014490365982, mae:0.25317779183387756
prediction length: 288, mse:0.23710975050926208, mae:0.27739885449409485
prediction length: 384, mse:0.2623767554759979, mae:0.29545077681541443
prediction length: 480, mse:0.2831248939037323, mae:0.30896031856536865
prediction length: 576, mse:0.30175450444221497, mae:0.32027143239974976
prediction length: 672, mse:0.31911811232566833, mae:0.33134907484054565
prediction length: 768, mse:0.33458414673805237, mae:0.3411898910999298
prediction length: 864, mse:0.34873124957084656, mae:0.35006070137023926
prediction length: 960, mse:0.36164554953575134, mae:0.3579789698123932
prediction length: 1056, mse:0.3731928765773773, mae:0.3645435571670532
prediction length: 1152, mse:0.38415640592575073, mae:0.3705441355705261
prediction length: 1248, mse:0.3952309191226959, mae:0.37688887119293213
prediction length: 1344, mse:0.4057857394218445, mae:0.3828536570072174
prediction length: 1440, mse:0.41580256819725037, mae:0.38820746541023254
Use GPU: cuda:0
>>>>>>>start training : weather_96_96_iFlowformer_custom_M_ft96_sl48_ll96_pl512_dm8_nh2_el1_dl2048_df1_fctimeF_ebTrue_dtExp_projection_trk4_tsk15_1>>>>>>>>>>>>>>>>>>>>>>>>>>
train 36408
val 5175
test 10444
Epoch: 1 cost time: 15.528818845748901
Epoch: 1, Steps: 71 | Train Loss: 1.0730803 Vali Loss: 0.4653688
Validation loss decreased (inf --> 0.465369).  Saving model ...
Updating learning rate to 0.0009000000000000001
Epoch: 2 cost time: 15.743221282958984
Epoch: 2, Steps: 71 | Train Loss: 0.9873538 Vali Loss: 0.4351423
Validation loss decreased (0.465369 --> 0.435142).  Saving model ...
Updating learning rate to 0.0008100000000000001
Epoch: 3 cost time: 15.771631479263306
Epoch: 3, Steps: 71 | Train Loss: 0.9644630 Vali Loss: 0.4492815
EarlyStopping counter: 1 out of 3
Updating learning rate to 0.0007290000000000002
Epoch: 4 cost time: 15.82924771308899
Epoch: 4, Steps: 71 | Train Loss: 0.9409102 Vali Loss: 0.4357841
EarlyStopping counter: 2 out of 3
Updating learning rate to 0.0006561000000000001
Epoch: 5 cost time: 15.931297302246094
Epoch: 5, Steps: 71 | Train Loss: 0.9219567 Vali Loss: 0.4427761
EarlyStopping counter: 3 out of 3
Early stopping
>>>>>>>testing : weather_96_96_iFlowformer_custom_M_ft96_sl48_ll96_pl512_dm8_nh2_el1_dl2048_df1_fctimeF_ebTrue_dtExp_projection_trk4_tsk15_1<<<<<<<<<<<<<<<<<<<<<<<<<<<<<<<<<
test 9100
test shape: (9100, 1, 1440, 21) (9100, 1, 1440, 21)
test shape: (9100, 1440, 21) (9100, 1440, 21)
prediction length: 96, mse:0.16862310469150543, mae:0.21882063150405884
prediction length: 192, mse:0.20770157873630524, mae:0.254116952419281
prediction length: 288, mse:0.23798459768295288, mae:0.2779233455657959
prediction length: 384, mse:0.26332229375839233, mae:0.2958461344242096
prediction length: 480, mse:0.283993661403656, mae:0.3092728853225708
prediction length: 576, mse:0.30274322628974915, mae:0.3206142485141754
prediction length: 672, mse:0.32024165987968445, mae:0.33166787028312683
prediction length: 768, mse:0.33563220500946045, mae:0.3414229154586792
prediction length: 864, mse:0.34975600242614746, mae:0.35030466318130493
prediction length: 960, mse:0.3625269830226898, mae:0.3580348491668701
prediction length: 1056, mse:0.37387675046920776, mae:0.3643900454044342
prediction length: 1152, mse:0.38487789034843445, mae:0.370368629693985
prediction length: 1248, mse:0.39594700932502747, mae:0.37658071517944336
prediction length: 1344, mse:0.4063907861709595, mae:0.3824498951435089
prediction length: 1440, mse:0.41644835472106934, mae:0.3878800570964813
Args in experiment:
Namespace(is_training=1, model_id='weather_96_96', model='iFlowformer', data='custom', root_path='./dataset/weather/', data_path='weather.csv', features='M', target='OT', freq='h', checkpoints='./checkpoints/', seq_len=96, label_len=48, pred_len=96, training_k=4, test_k=15, beta=0.1, gamma=0.5, enc_in=21, dec_in=21, c_out=21, d_model=512, n_heads=8, e_layers=2, d_layers=1, d_ff=2048, moving_avg=25, factor=1, distil=True, dropout=0.1, embed='timeF', activation='gelu', output_attention=False, do_predict=False, num_workers=10, itr=3, train_epochs=30, batch_size=512, patience=3, learning_rate=0.001, des='Exp', loss='MSE', lradj='type1', use_amp=False, use_gpu=True, gpu=0, use_multi_gpu=False, devices='0,1,2,3', exp_name='MTSF', channel_independence=False, inverse=False, class_strategy='projection', target_root_path='./data/electricity/', target_data_path='electricity.csv', efficient_training=False, use_norm=True, partial_start_index=0)
Use GPU: cuda:0
>>>>>>>start training : weather_96_96_iFlowformer_custom_M_ft96_sl48_ll96_pl512_dm8_nh2_el1_dl2048_df1_fctimeF_ebTrue_dtExp_projection_trk4_tsk15_0>>>>>>>>>>>>>>>>>>>>>>>>>>
train 36408
val 5175
test 10444
Epoch: 1 cost time: 15.388718843460083
Epoch: 1, Steps: 71 | Train Loss: 1.0713664 Vali Loss: 0.4716961
Validation loss decreased (inf --> 0.471696).  Saving model ...
Updating learning rate to 0.0009000000000000001
Epoch: 2 cost time: 15.35832142829895
Epoch: 2, Steps: 71 | Train Loss: 0.9853554 Vali Loss: 0.4348769
Validation loss decreased (0.471696 --> 0.434877).  Saving model ...
Updating learning rate to 0.0008100000000000001
Epoch: 3 cost time: 15.441240310668945
Epoch: 3, Steps: 71 | Train Loss: 0.9534218 Vali Loss: 0.4329453
Validation loss decreased (0.434877 --> 0.432945).  Saving model ...
Updating learning rate to 0.0007290000000000002
Epoch: 4 cost time: 15.527943849563599
Epoch: 4, Steps: 71 | Train Loss: 0.9310336 Vali Loss: 0.4401085
EarlyStopping counter: 1 out of 3
Updating learning rate to 0.0006561000000000001
Epoch: 5 cost time: 15.614839315414429
Epoch: 5, Steps: 71 | Train Loss: 0.9171485 Vali Loss: 0.4424442
EarlyStopping counter: 2 out of 3
Updating learning rate to 0.00059049
Epoch: 6 cost time: 15.61240839958191
Epoch: 6, Steps: 71 | Train Loss: 0.8986294 Vali Loss: 0.4437077
EarlyStopping counter: 3 out of 3
Early stopping
>>>>>>>testing : weather_96_96_iFlowformer_custom_M_ft96_sl48_ll96_pl512_dm8_nh2_el1_dl2048_df1_fctimeF_ebTrue_dtExp_projection_trk4_tsk15_0<<<<<<<<<<<<<<<<<<<<<<<<<<<<<<<<<
test 9100
test shape: (9100, 1, 1440, 21) (9100, 1, 1440, 21)
test shape: (9100, 1440, 21) (9100, 1440, 21)
prediction length: 96, mse:0.16230952739715576, mae:0.21197494864463806
prediction length: 192, mse:0.20342539250850677, mae:0.25011545419692993
prediction length: 288, mse:0.23495130240917206, mae:0.2749860882759094
prediction length: 384, mse:0.2603694498538971, mae:0.2929660975933075
prediction length: 480, mse:0.28139016032218933, mae:0.30684876441955566
prediction length: 576, mse:0.3005146086215973, mae:0.31850144267082214
prediction length: 672, mse:0.3180253803730011, mae:0.32960397005081177
prediction length: 768, mse:0.33365538716316223, mae:0.33969420194625854
prediction length: 864, mse:0.3483503758907318, mae:0.34896886348724365
prediction length: 960, mse:0.3612867593765259, mae:0.35694435238838196
prediction length: 1056, mse:0.373119592666626, mae:0.36377084255218506
prediction length: 1152, mse:0.38470667600631714, mae:0.37020498514175415
prediction length: 1248, mse:0.3961361348628998, mae:0.37674811482429504
prediction length: 1344, mse:0.40701785683631897, mae:0.3830391466617584
prediction length: 1440, mse:0.41760125756263733, mae:0.38892173767089844
Use GPU: cuda:0
>>>>>>>start training : weather_96_96_iFlowformer_custom_M_ft96_sl48_ll96_pl512_dm8_nh2_el1_dl2048_df1_fctimeF_ebTrue_dtExp_projection_trk4_tsk15_1>>>>>>>>>>>>>>>>>>>>>>>>>>
train 36408
val 5175
test 10444
Epoch: 1 cost time: 15.44263243675232
Epoch: 1, Steps: 71 | Train Loss: 1.0661708 Vali Loss: 0.4705246
Validation loss decreased (inf --> 0.470525).  Saving model ...
Updating learning rate to 0.0009000000000000001
Epoch: 2 cost time: 15.674460649490356
Epoch: 2, Steps: 71 | Train Loss: 0.9840478 Vali Loss: 0.4534743
Validation loss decreased (0.470525 --> 0.453474).  Saving model ...
Updating learning rate to 0.0008100000000000001
Epoch: 3 cost time: 15.771039009094238
Epoch: 3, Steps: 71 | Train Loss: 0.9573812 Vali Loss: 0.4309893
Validation loss decreased (0.453474 --> 0.430989).  Saving model ...
Updating learning rate to 0.0007290000000000002
Epoch: 4 cost time: 15.827825546264648
Epoch: 4, Steps: 71 | Train Loss: 0.9359061 Vali Loss: 0.4336857
EarlyStopping counter: 1 out of 3
Updating learning rate to 0.0006561000000000001
Epoch: 5 cost time: 15.86726450920105
Epoch: 5, Steps: 71 | Train Loss: 0.9161742 Vali Loss: 0.4521906
EarlyStopping counter: 2 out of 3
Updating learning rate to 0.00059049
Epoch: 6 cost time: 15.855980396270752
Epoch: 6, Steps: 71 | Train Loss: 0.9037874 Vali Loss: 0.4477008
EarlyStopping counter: 3 out of 3
Early stopping
>>>>>>>testing : weather_96_96_iFlowformer_custom_M_ft96_sl48_ll96_pl512_dm8_nh2_el1_dl2048_df1_fctimeF_ebTrue_dtExp_projection_trk4_tsk15_1<<<<<<<<<<<<<<<<<<<<<<<<<<<<<<<<<
test 9100
test shape: (9100, 1, 1440, 21) (9100, 1, 1440, 21)
test shape: (9100, 1440, 21) (9100, 1440, 21)
prediction length: 96, mse:0.16111521422863007, mae:0.21199528872966766
prediction length: 192, mse:0.2026774287223816, mae:0.2500474750995636
prediction length: 288, mse:0.2334250509738922, mae:0.2744268476963043
prediction length: 384, mse:0.2590689957141876, mae:0.2924451231956482
prediction length: 480, mse:0.280408650636673, mae:0.3064489960670471
prediction length: 576, mse:0.29959428310394287, mae:0.31816565990448
prediction length: 672, mse:0.31741589307785034, mae:0.3294469118118286
prediction length: 768, mse:0.3333355486392975, mae:0.33958330750465393
prediction length: 864, mse:0.3479797840118408, mae:0.3487803637981415
prediction length: 960, mse:0.36115843057632446, mae:0.35676661133766174
prediction length: 1056, mse:0.37306058406829834, mae:0.36344608664512634
prediction length: 1152, mse:0.38465407490730286, mae:0.3697093725204468
prediction length: 1248, mse:0.39620837569236755, mae:0.3761593997478485
prediction length: 1344, mse:0.4072931706905365, mae:0.38244107365608215
prediction length: 1440, mse:0.41779759526252747, mae:0.3881942629814148
Use GPU: cuda:0
>>>>>>>start training : weather_96_96_iFlowformer_custom_M_ft96_sl48_ll96_pl512_dm8_nh2_el1_dl2048_df1_fctimeF_ebTrue_dtExp_projection_trk4_tsk15_2>>>>>>>>>>>>>>>>>>>>>>>>>>
train 36408
val 5175
test 10444
Epoch: 1 cost time: 15.490319013595581
Epoch: 1, Steps: 71 | Train Loss: 1.0765755 Vali Loss: 0.4560463
Validation loss decreased (inf --> 0.456046).  Saving model ...
Updating learning rate to 0.0009000000000000001
Epoch: 2 cost time: 15.738449573516846
Epoch: 2, Steps: 71 | Train Loss: 0.9856812 Vali Loss: 0.4398008
Validation loss decreased (0.456046 --> 0.439801).  Saving model ...
Updating learning rate to 0.0008100000000000001
Epoch: 3 cost time: 15.78711724281311
Epoch: 3, Steps: 71 | Train Loss: 0.9592407 Vali Loss: 0.4447262
EarlyStopping counter: 1 out of 3
Updating learning rate to 0.0007290000000000002
Epoch: 4 cost time: 15.820207357406616
Epoch: 4, Steps: 71 | Train Loss: 0.9428674 Vali Loss: 0.4363311
Validation loss decreased (0.439801 --> 0.436331).  Saving model ...
Updating learning rate to 0.0006561000000000001
Epoch: 5 cost time: 15.899154901504517
Epoch: 5, Steps: 71 | Train Loss: 0.9228100 Vali Loss: 0.4390524
EarlyStopping counter: 1 out of 3
Updating learning rate to 0.00059049
Epoch: 6 cost time: 15.82593321800232
Epoch: 6, Steps: 71 | Train Loss: 0.9044214 Vali Loss: 0.4493360
EarlyStopping counter: 2 out of 3
Updating learning rate to 0.000531441
Epoch: 7 cost time: 15.810694694519043
Epoch: 7, Steps: 71 | Train Loss: 0.8892550 Vali Loss: 0.4428367
EarlyStopping counter: 3 out of 3
Early stopping
>>>>>>>testing : weather_96_96_iFlowformer_custom_M_ft96_sl48_ll96_pl512_dm8_nh2_el1_dl2048_df1_fctimeF_ebTrue_dtExp_projection_trk4_tsk15_2<<<<<<<<<<<<<<<<<<<<<<<<<<<<<<<<<
test 9100
test shape: (9100, 1, 1440, 21) (9100, 1, 1440, 21)
test shape: (9100, 1440, 21) (9100, 1440, 21)
prediction length: 96, mse:0.15933777391910553, mae:0.20973573625087738
prediction length: 192, mse:0.20214694738388062, mae:0.2489558756351471
prediction length: 288, mse:0.23379188776016235, mae:0.27412906289100647
prediction length: 384, mse:0.26021894812583923, mae:0.29265838861465454
prediction length: 480, mse:0.28202024102211, mae:0.3068472445011139
prediction length: 576, mse:0.3016294240951538, mae:0.31876832246780396
prediction length: 672, mse:0.32017648220062256, mae:0.3303713798522949
prediction length: 768, mse:0.33619627356529236, mae:0.3405535817146301
prediction length: 864, mse:0.3508928716182709, mae:0.3497675657272339
prediction length: 960, mse:0.3643978536128998, mae:0.35799315571784973
prediction length: 1056, mse:0.3762557804584503, mae:0.36466875672340393
prediction length: 1152, mse:0.3878466784954071, mae:0.37094488739967346
prediction length: 1248, mse:0.39943206310272217, mae:0.3774835765361786
prediction length: 1344, mse:0.4103553891181946, mae:0.38373929262161255
prediction length: 1440, mse:0.42080312967300415, mae:0.3895018994808197
Args in experiment:
Namespace(is_training=1, model_id='weather_96_96', model='iFlowformer', data='custom', root_path='./dataset/weather/', data_path='weather.csv', features='M', target='OT', freq='h', checkpoints='./checkpoints/', seq_len=96, label_len=48, pred_len=96, training_k=4, test_k=15, beta=0.1, gamma=0.5, enc_in=21, dec_in=21, c_out=21, d_model=512, n_heads=8, e_layers=2, d_layers=1, d_ff=2048, moving_avg=25, factor=1, distil=True, dropout=0.1, embed='timeF', activation='gelu', output_attention=False, do_predict=False, num_workers=10, itr=4, train_epochs=30, batch_size=512, patience=3, learning_rate=0.001, des='Exp', loss='MSE', lradj='type1', use_amp=False, use_gpu=True, gpu=0, use_multi_gpu=False, devices='0,1,2,3', exp_name='MTSF', channel_independence=False, inverse=False, class_strategy='projection', target_root_path='./data/electricity/', target_data_path='electricity.csv', efficient_training=False, use_norm=True, partial_start_index=0)
Use GPU: cuda:0
>>>>>>>start training : weather_96_96_iFlowformer_custom_M_ft96_sl48_ll96_pl512_dm8_nh2_el1_dl2048_df1_fctimeF_ebTrue_dtExp_projection_trk4_tsk15_0>>>>>>>>>>>>>>>>>>>>>>>>>>
train 36408
val 5175
test 10444
Epoch: 1 cost time: 15.428037405014038
Epoch: 1, Steps: 71 | Train Loss: 1.0647404 Vali Loss: 0.4667157
Validation loss decreased (inf --> 0.466716).  Saving model ...
Updating learning rate to 0.0009000000000000001
Epoch: 2 cost time: 15.388565063476562
Epoch: 2, Steps: 71 | Train Loss: 0.9836681 Vali Loss: 0.4431780
Validation loss decreased (0.466716 --> 0.443178).  Saving model ...
Updating learning rate to 0.0008100000000000001
Epoch: 3 cost time: 15.44680118560791
Epoch: 3, Steps: 71 | Train Loss: 0.9553472 Vali Loss: 0.4391882
Validation loss decreased (0.443178 --> 0.439188).  Saving model ...
Updating learning rate to 0.0007290000000000002
Epoch: 4 cost time: 15.513197422027588
Epoch: 4, Steps: 71 | Train Loss: 0.9350883 Vali Loss: 0.4360619
Validation loss decreased (0.439188 --> 0.436062).  Saving model ...
Updating learning rate to 0.0006561000000000001
Epoch: 5 cost time: 15.656769037246704
Epoch: 5, Steps: 71 | Train Loss: 0.9238192 Vali Loss: 0.4314385
Validation loss decreased (0.436062 --> 0.431439).  Saving model ...
Updating learning rate to 0.00059049
Epoch: 6 cost time: 15.651480197906494
Epoch: 6, Steps: 71 | Train Loss: 0.9042013 Vali Loss: 0.4518434
EarlyStopping counter: 1 out of 3
Updating learning rate to 0.000531441
Epoch: 7 cost time: 15.572209596633911
Epoch: 7, Steps: 71 | Train Loss: 0.8886360 Vali Loss: 0.4483746
EarlyStopping counter: 2 out of 3
Updating learning rate to 0.0004782969000000001
Epoch: 8 cost time: 15.53239893913269
Epoch: 8, Steps: 71 | Train Loss: 0.8719064 Vali Loss: 0.4550785
EarlyStopping counter: 3 out of 3
Early stopping
>>>>>>>testing : weather_96_96_iFlowformer_custom_M_ft96_sl48_ll96_pl512_dm8_nh2_el1_dl2048_df1_fctimeF_ebTrue_dtExp_projection_trk4_tsk15_0<<<<<<<<<<<<<<<<<<<<<<<<<<<<<<<<<
test 9100
test shape: (9100, 1, 1440, 21) (9100, 1, 1440, 21)
test shape: (9100, 1440, 21) (9100, 1440, 21)
prediction length: 96, mse:0.1601891964673996, mae:0.2111424207687378
prediction length: 192, mse:0.2021661251783371, mae:0.2506403625011444
prediction length: 288, mse:0.233674094080925, mae:0.27573564648628235
prediction length: 384, mse:0.2591371238231659, mae:0.29349637031555176
prediction length: 480, mse:0.280185729265213, mae:0.30726298689842224
prediction length: 576, mse:0.29896852374076843, mae:0.31866592168807983
prediction length: 672, mse:0.31632453203201294, mae:0.3295620083808899
prediction length: 768, mse:0.33176103234291077, mae:0.33937767148017883
prediction length: 864, mse:0.345878005027771, mae:0.3481867015361786
prediction length: 960, mse:0.358349084854126, mae:0.3557587265968323
prediction length: 1056, mse:0.369667112827301, mae:0.3621312379837036
prediction length: 1152, mse:0.38061806559562683, mae:0.3680886924266815
prediction length: 1248, mse:0.39163681864738464, mae:0.3742992877960205
prediction length: 1344, mse:0.4022977948188782, mae:0.3803553283214569
prediction length: 1440, mse:0.41247108578681946, mae:0.38588231801986694
Use GPU: cuda:0
>>>>>>>start training : weather_96_96_iFlowformer_custom_M_ft96_sl48_ll96_pl512_dm8_nh2_el1_dl2048_df1_fctimeF_ebTrue_dtExp_projection_trk4_tsk15_1>>>>>>>>>>>>>>>>>>>>>>>>>>
train 36408
val 5175
test 10444
Epoch: 1 cost time: 15.4747314453125
Epoch: 1, Steps: 71 | Train Loss: 1.0684929 Vali Loss: 0.4586948
Validation loss decreased (inf --> 0.458695).  Saving model ...
Updating learning rate to 0.0009000000000000001
Epoch: 2 cost time: 15.706584930419922
Epoch: 2, Steps: 71 | Train Loss: 0.9866492 Vali Loss: 0.4464983
Validation loss decreased (0.458695 --> 0.446498).  Saving model ...
Updating learning rate to 0.0008100000000000001
Epoch: 3 cost time: 15.749277591705322
Epoch: 3, Steps: 71 | Train Loss: 0.9564310 Vali Loss: 0.4326596
Validation loss decreased (0.446498 --> 0.432660).  Saving model ...
Updating learning rate to 0.0007290000000000002
Epoch: 4 cost time: 15.817548513412476
Epoch: 4, Steps: 71 | Train Loss: 0.9406579 Vali Loss: 0.4353626
EarlyStopping counter: 1 out of 3
Updating learning rate to 0.0006561000000000001
Epoch: 5 cost time: 15.888795137405396
Epoch: 5, Steps: 71 | Train Loss: 0.9210074 Vali Loss: 0.4292537
Validation loss decreased (0.432660 --> 0.429254).  Saving model ...
Updating learning rate to 0.00059049
Epoch: 6 cost time: 15.92263913154602
Epoch: 6, Steps: 71 | Train Loss: 0.9039619 Vali Loss: 0.4326335
EarlyStopping counter: 1 out of 3
Updating learning rate to 0.000531441
Epoch: 7 cost time: 15.864766597747803
Epoch: 7, Steps: 71 | Train Loss: 0.8893971 Vali Loss: 0.4368511
EarlyStopping counter: 2 out of 3
Updating learning rate to 0.0004782969000000001
Epoch: 8 cost time: 15.838726043701172
Epoch: 8, Steps: 71 | Train Loss: 0.8761405 Vali Loss: 0.4373150
EarlyStopping counter: 3 out of 3
Early stopping
>>>>>>>testing : weather_96_96_iFlowformer_custom_M_ft96_sl48_ll96_pl512_dm8_nh2_el1_dl2048_df1_fctimeF_ebTrue_dtExp_projection_trk4_tsk15_1<<<<<<<<<<<<<<<<<<<<<<<<<<<<<<<<<
test 9100
test shape: (9100, 1, 1440, 21) (9100, 1, 1440, 21)
test shape: (9100, 1440, 21) (9100, 1440, 21)
prediction length: 96, mse:0.15728294849395752, mae:0.20814432203769684
prediction length: 192, mse:0.19921615719795227, mae:0.24749352037906647
prediction length: 288, mse:0.23128001391887665, mae:0.27318620681762695
prediction length: 384, mse:0.2577599585056305, mae:0.291775107383728
prediction length: 480, mse:0.2798042595386505, mae:0.3063039481639862
prediction length: 576, mse:0.3000185489654541, mae:0.31875577569007874
prediction length: 672, mse:0.31881624460220337, mae:0.3306741416454315
prediction length: 768, mse:0.33537593483924866, mae:0.341322660446167
prediction length: 864, mse:0.35067352652549744, mae:0.35096046328544617
prediction length: 960, mse:0.3642754852771759, mae:0.3594183325767517
prediction length: 1056, mse:0.37668806314468384, mae:0.3665337562561035
prediction length: 1152, mse:0.38896888494491577, mae:0.37324443459510803
prediction length: 1248, mse:0.4011538326740265, mae:0.3801838755607605
prediction length: 1344, mse:0.4128836691379547, mae:0.3870432376861572
prediction length: 1440, mse:0.42398449778556824, mae:0.393422931432724
Use GPU: cuda:0
>>>>>>>start training : weather_96_96_iFlowformer_custom_M_ft96_sl48_ll96_pl512_dm8_nh2_el1_dl2048_df1_fctimeF_ebTrue_dtExp_projection_trk4_tsk15_2>>>>>>>>>>>>>>>>>>>>>>>>>>
train 36408
val 5175
test 10444
Epoch: 1 cost time: 15.551406145095825
Epoch: 1, Steps: 71 | Train Loss: 1.0729752 Vali Loss: 0.4452692
Validation loss decreased (inf --> 0.445269).  Saving model ...
Updating learning rate to 0.0009000000000000001
Epoch: 2 cost time: 15.694756269454956
Epoch: 2, Steps: 71 | Train Loss: 0.9893739 Vali Loss: 0.4373270
Validation loss decreased (0.445269 --> 0.437327).  Saving model ...
Updating learning rate to 0.0008100000000000001
Epoch: 3 cost time: 15.822137832641602
Epoch: 3, Steps: 71 | Train Loss: 0.9590896 Vali Loss: 0.4322665
Validation loss decreased (0.437327 --> 0.432267).  Saving model ...
Updating learning rate to 0.0007290000000000002
Epoch: 4 cost time: 15.850544691085815
Epoch: 4, Steps: 71 | Train Loss: 0.9379071 Vali Loss: 0.4433885
EarlyStopping counter: 1 out of 3
Updating learning rate to 0.0006561000000000001
Epoch: 5 cost time: 15.900544881820679
Epoch: 5, Steps: 71 | Train Loss: 0.9185950 Vali Loss: 0.4292322
Validation loss decreased (0.432267 --> 0.429232).  Saving model ...
Updating learning rate to 0.00059049
Epoch: 6 cost time: 15.958753108978271
Epoch: 6, Steps: 71 | Train Loss: 0.8999756 Vali Loss: 0.4363270
EarlyStopping counter: 1 out of 3
Updating learning rate to 0.000531441
Epoch: 7 cost time: 15.922375440597534
Epoch: 7, Steps: 71 | Train Loss: 0.8883722 Vali Loss: 0.4310586
EarlyStopping counter: 2 out of 3
Updating learning rate to 0.0004782969000000001
Epoch: 8 cost time: 15.900731563568115
Epoch: 8, Steps: 71 | Train Loss: 0.8700351 Vali Loss: 0.4388259
EarlyStopping counter: 3 out of 3
Early stopping
>>>>>>>testing : weather_96_96_iFlowformer_custom_M_ft96_sl48_ll96_pl512_dm8_nh2_el1_dl2048_df1_fctimeF_ebTrue_dtExp_projection_trk4_tsk15_2<<<<<<<<<<<<<<<<<<<<<<<<<<<<<<<<<
test 9100
test shape: (9100, 1, 1440, 21) (9100, 1, 1440, 21)
test shape: (9100, 1440, 21) (9100, 1440, 21)
prediction length: 96, mse:0.1569232940673828, mae:0.2071387618780136
prediction length: 192, mse:0.19909963011741638, mae:0.2471058964729309
prediction length: 288, mse:0.2308110147714615, mae:0.2726971209049225
prediction length: 384, mse:0.2562097907066345, mae:0.29037705063819885
prediction length: 480, mse:0.27737894654273987, mae:0.30419471859931946
prediction length: 576, mse:0.2966662645339966, mae:0.3160155415534973
prediction length: 672, mse:0.31454265117645264, mae:0.32717517018318176
prediction length: 768, mse:0.33041971921920776, mae:0.33726704120635986
prediction length: 864, mse:0.345130056142807, mae:0.34648701548576355
prediction length: 960, mse:0.35825929045677185, mae:0.35446006059646606
prediction length: 1056, mse:0.37015148997306824, mae:0.3611743748188019
prediction length: 1152, mse:0.3817821443080902, mae:0.36752238869667053
prediction length: 1248, mse:0.3933994174003601, mae:0.37406209111213684
prediction length: 1344, mse:0.40449652075767517, mae:0.3803991973400116
prediction length: 1440, mse:0.4151056706905365, mae:0.3861914873123169
Use GPU: cuda:0
>>>>>>>start training : weather_96_96_iFlowformer_custom_M_ft96_sl48_ll96_pl512_dm8_nh2_el1_dl2048_df1_fctimeF_ebTrue_dtExp_projection_trk4_tsk15_3>>>>>>>>>>>>>>>>>>>>>>>>>>
train 36408
val 5175
test 10444
Epoch: 1 cost time: 15.528435230255127
Epoch: 1, Steps: 71 | Train Loss: 1.0736218 Vali Loss: 0.4626123
Validation loss decreased (inf --> 0.462612).  Saving model ...
Updating learning rate to 0.0009000000000000001
Epoch: 2 cost time: 15.706648111343384
Epoch: 2, Steps: 71 | Train Loss: 0.9793506 Vali Loss: 0.4432634
Validation loss decreased (0.462612 --> 0.443263).  Saving model ...
Updating learning rate to 0.0008100000000000001
Epoch: 3 cost time: 15.791192293167114
Epoch: 3, Steps: 71 | Train Loss: 0.9535406 Vali Loss: 0.4315458
Validation loss decreased (0.443263 --> 0.431546).  Saving model ...
Updating learning rate to 0.0007290000000000002
Epoch: 4 cost time: 15.826667308807373
Epoch: 4, Steps: 71 | Train Loss: 0.9373233 Vali Loss: 0.4376595
EarlyStopping counter: 1 out of 3
Updating learning rate to 0.0006561000000000001
Epoch: 5 cost time: 15.886614799499512
Epoch: 5, Steps: 71 | Train Loss: 0.9158626 Vali Loss: 0.4476662
EarlyStopping counter: 2 out of 3
Updating learning rate to 0.00059049
Epoch: 6 cost time: 15.902076244354248
Epoch: 6, Steps: 71 | Train Loss: 0.9010281 Vali Loss: 0.4382716
EarlyStopping counter: 3 out of 3
Early stopping
>>>>>>>testing : weather_96_96_iFlowformer_custom_M_ft96_sl48_ll96_pl512_dm8_nh2_el1_dl2048_df1_fctimeF_ebTrue_dtExp_projection_trk4_tsk15_3<<<<<<<<<<<<<<<<<<<<<<<<<<<<<<<<<
test 9100
test shape: (9100, 1, 1440, 21) (9100, 1, 1440, 21)
test shape: (9100, 1440, 21) (9100, 1440, 21)
prediction length: 96, mse:0.16075965762138367, mae:0.20935659110546112
prediction length: 192, mse:0.2035394310951233, mae:0.24922572076320648
prediction length: 288, mse:0.23518909513950348, mae:0.27459320425987244
prediction length: 384, mse:0.26132693886756897, mae:0.29292675852775574
prediction length: 480, mse:0.28315237164497375, mae:0.30721697211265564
prediction length: 576, mse:0.30309104919433594, mae:0.31950661540031433
prediction length: 672, mse:0.32139718532562256, mae:0.3311298191547394
prediction length: 768, mse:0.33767014741897583, mae:0.3415532410144806
prediction length: 864, mse:0.35303834080696106, mae:0.3512228727340698
prediction length: 960, mse:0.3669128715991974, mae:0.3596826195716858
prediction length: 1056, mse:0.379514217376709, mae:0.366852343082428
prediction length: 1152, mse:0.3919675052165985, mae:0.37373510003089905
prediction length: 1248, mse:0.4042149484157562, mae:0.3807343542575836
prediction length: 1344, mse:0.4159076511859894, mae:0.38746511936187744
prediction length: 1440, mse:0.4271186292171478, mae:0.3936995267868042
Args in experiment:
Namespace(is_training=1, model_id='weather_96_96', model='iFlowformer', data='custom', root_path='./dataset/weather/', data_path='weather.csv', features='M', target='OT', freq='h', checkpoints='./checkpoints/', seq_len=96, label_len=48, pred_len=96, training_k=4, test_k=15, beta=0.1, gamma=0.5, enc_in=21, dec_in=21, c_out=21, d_model=512, n_heads=8, e_layers=2, d_layers=1, d_ff=2048, moving_avg=25, factor=1, distil=True, dropout=0.1, embed='timeF', activation='gelu', output_attention=False, do_predict=False, num_workers=10, itr=5, train_epochs=30, batch_size=512, patience=3, learning_rate=0.001, des='Exp', loss='MSE', lradj='type1', use_amp=False, use_gpu=True, gpu=0, use_multi_gpu=False, devices='0,1,2,3', exp_name='MTSF', channel_independence=False, inverse=False, class_strategy='projection', target_root_path='./data/electricity/', target_data_path='electricity.csv', efficient_training=False, use_norm=True, partial_start_index=0)
Use GPU: cuda:0
>>>>>>>start training : weather_96_96_iFlowformer_custom_M_ft96_sl48_ll96_pl512_dm8_nh2_el1_dl2048_df1_fctimeF_ebTrue_dtExp_projection_trk4_tsk15_0>>>>>>>>>>>>>>>>>>>>>>>>>>
train 36408
val 5175
test 10444
Epoch: 1 cost time: 15.426509618759155
Epoch: 1, Steps: 71 | Train Loss: 1.0689492 Vali Loss: 0.4494295
Validation loss decreased (inf --> 0.449429).  Saving model ...
Updating learning rate to 0.0009000000000000001
Epoch: 2 cost time: 15.434579372406006
Epoch: 2, Steps: 71 | Train Loss: 0.9826068 Vali Loss: 0.4556060
EarlyStopping counter: 1 out of 3
Updating learning rate to 0.0008100000000000001
Epoch: 3 cost time: 15.427793025970459
Epoch: 3, Steps: 71 | Train Loss: 0.9600589 Vali Loss: 0.4418455
Validation loss decreased (0.449429 --> 0.441846).  Saving model ...
Updating learning rate to 0.0007290000000000002
Epoch: 4 cost time: 15.54594874382019
Epoch: 4, Steps: 71 | Train Loss: 0.9363282 Vali Loss: 0.4425788
EarlyStopping counter: 1 out of 3
Updating learning rate to 0.0006561000000000001
Epoch: 5 cost time: 15.620861530303955
Epoch: 5, Steps: 71 | Train Loss: 0.9282342 Vali Loss: 0.4313118
Validation loss decreased (0.441846 --> 0.431312).  Saving model ...
Updating learning rate to 0.00059049
Epoch: 6 cost time: 15.62029480934143
Epoch: 6, Steps: 71 | Train Loss: 0.9078276 Vali Loss: 0.4276802
Validation loss decreased (0.431312 --> 0.427680).  Saving model ...
Updating learning rate to 0.000531441
Epoch: 7 cost time: 15.636962890625
Epoch: 7, Steps: 71 | Train Loss: 0.8926982 Vali Loss: 0.4234522
Validation loss decreased (0.427680 --> 0.423452).  Saving model ...
Updating learning rate to 0.0004782969000000001
Epoch: 8 cost time: 15.585757970809937
Epoch: 8, Steps: 71 | Train Loss: 0.8776749 Vali Loss: 0.4433159
EarlyStopping counter: 1 out of 3
Updating learning rate to 0.0004304672100000001
Epoch: 9 cost time: 15.552814483642578
Epoch: 9, Steps: 71 | Train Loss: 0.8615065 Vali Loss: 0.4418909
EarlyStopping counter: 2 out of 3
Updating learning rate to 0.0003874204890000001
Epoch: 10 cost time: 15.550705432891846
Epoch: 10, Steps: 71 | Train Loss: 0.8486215 Vali Loss: 0.4367785
EarlyStopping counter: 3 out of 3
Early stopping
>>>>>>>testing : weather_96_96_iFlowformer_custom_M_ft96_sl48_ll96_pl512_dm8_nh2_el1_dl2048_df1_fctimeF_ebTrue_dtExp_projection_trk4_tsk15_0<<<<<<<<<<<<<<<<<<<<<<<<<<<<<<<<<
test 9100
test shape: (9100, 1, 1440, 21) (9100, 1, 1440, 21)
test shape: (9100, 1440, 21) (9100, 1440, 21)
prediction length: 96, mse:0.15550586581230164, mae:0.20591402053833008
prediction length: 192, mse:0.1987447887659073, mae:0.2473209947347641
prediction length: 288, mse:0.23077984154224396, mae:0.2732737064361572
prediction length: 384, mse:0.25671830773353577, mae:0.29128962755203247
prediction length: 480, mse:0.27819758653640747, mae:0.30535128712654114
prediction length: 576, mse:0.29738613963127136, mae:0.31719961762428284
prediction length: 672, mse:0.31540927290916443, mae:0.32855871319770813
prediction length: 768, mse:0.3313072621822357, mae:0.33862563967704773
prediction length: 864, mse:0.34590864181518555, mae:0.34765446186065674
prediction length: 960, mse:0.3588954210281372, mae:0.3555143475532532
prediction length: 1056, mse:0.3706412613391876, mae:0.36205339431762695
prediction length: 1152, mse:0.3819180727005005, mae:0.3680907189846039
prediction length: 1248, mse:0.3932476043701172, mae:0.37443915009498596
prediction length: 1344, mse:0.404099702835083, mae:0.38061973452568054
prediction length: 1440, mse:0.41433781385421753, mae:0.3862036466598511
Use GPU: cuda:0
>>>>>>>start training : weather_96_96_iFlowformer_custom_M_ft96_sl48_ll96_pl512_dm8_nh2_el1_dl2048_df1_fctimeF_ebTrue_dtExp_projection_trk4_tsk15_1>>>>>>>>>>>>>>>>>>>>>>>>>>
train 36408
val 5175
test 10444
Epoch: 1 cost time: 15.49193286895752
Epoch: 1, Steps: 71 | Train Loss: 1.0642657 Vali Loss: 0.4729590
Validation loss decreased (inf --> 0.472959).  Saving model ...
Updating learning rate to 0.0009000000000000001
Epoch: 2 cost time: 15.74252700805664
Epoch: 2, Steps: 71 | Train Loss: 0.9842083 Vali Loss: 0.4529353
Validation loss decreased (0.472959 --> 0.452935).  Saving model ...
Updating learning rate to 0.0008100000000000001
Epoch: 3 cost time: 15.777225732803345
Epoch: 3, Steps: 71 | Train Loss: 0.9648583 Vali Loss: 0.4322289
Validation loss decreased (0.452935 --> 0.432229).  Saving model ...
Updating learning rate to 0.0007290000000000002
Epoch: 4 cost time: 15.870320320129395
Epoch: 4, Steps: 71 | Train Loss: 0.9394505 Vali Loss: 0.4362127
EarlyStopping counter: 1 out of 3
Updating learning rate to 0.0006561000000000001
Epoch: 5 cost time: 15.86233139038086
Epoch: 5, Steps: 71 | Train Loss: 0.9206518 Vali Loss: 0.4330350
EarlyStopping counter: 2 out of 3
Updating learning rate to 0.00059049
Epoch: 6 cost time: 15.907565116882324
Epoch: 6, Steps: 71 | Train Loss: 0.9050783 Vali Loss: 0.4308326
Validation loss decreased (0.432229 --> 0.430833).  Saving model ...
Updating learning rate to 0.000531441
Epoch: 7 cost time: 15.895785570144653
Epoch: 7, Steps: 71 | Train Loss: 0.8910266 Vali Loss: 0.4474955
EarlyStopping counter: 1 out of 3
Updating learning rate to 0.0004782969000000001
Epoch: 8 cost time: 15.853008270263672
Epoch: 8, Steps: 71 | Train Loss: 0.8732692 Vali Loss: 0.4458075
EarlyStopping counter: 2 out of 3
Updating learning rate to 0.0004304672100000001
Epoch: 9 cost time: 15.83501648902893
Epoch: 9, Steps: 71 | Train Loss: 0.8574031 Vali Loss: 0.4506235
EarlyStopping counter: 3 out of 3
Early stopping
>>>>>>>testing : weather_96_96_iFlowformer_custom_M_ft96_sl48_ll96_pl512_dm8_nh2_el1_dl2048_df1_fctimeF_ebTrue_dtExp_projection_trk4_tsk15_1<<<<<<<<<<<<<<<<<<<<<<<<<<<<<<<<<
test 9100
test shape: (9100, 1, 1440, 21) (9100, 1, 1440, 21)
test shape: (9100, 1440, 21) (9100, 1440, 21)
prediction length: 96, mse:0.15705977380275726, mae:0.20750020444393158
prediction length: 192, mse:0.20020034909248352, mae:0.24838823080062866
prediction length: 288, mse:0.23242829740047455, mae:0.2744900584220886
prediction length: 384, mse:0.2589191794395447, mae:0.29305967688560486
prediction length: 480, mse:0.2807997465133667, mae:0.30743253231048584
prediction length: 576, mse:0.3001541495323181, mae:0.31942877173423767
prediction length: 672, mse:0.3183424770832062, mae:0.33088287711143494
prediction length: 768, mse:0.3346260190010071, mae:0.3412811756134033
prediction length: 864, mse:0.34962764382362366, mae:0.35063329339027405
prediction length: 960, mse:0.3630172610282898, mae:0.358740895986557
prediction length: 1056, mse:0.3752375543117523, mae:0.36559757590293884
prediction length: 1152, mse:0.38689181208610535, mae:0.3719469904899597
prediction length: 1248, mse:0.398733526468277, mae:0.37855008244514465
prediction length: 1344, mse:0.41036561131477356, mae:0.385114461183548
prediction length: 1440, mse:0.42137742042541504, mae:0.3910757005214691
Use GPU: cuda:0
>>>>>>>start training : weather_96_96_iFlowformer_custom_M_ft96_sl48_ll96_pl512_dm8_nh2_el1_dl2048_df1_fctimeF_ebTrue_dtExp_projection_trk4_tsk15_2>>>>>>>>>>>>>>>>>>>>>>>>>>
train 36408
val 5175
test 10444
Epoch: 1 cost time: 15.499409675598145
Epoch: 1, Steps: 71 | Train Loss: 1.0675046 Vali Loss: 0.4476964
Validation loss decreased (inf --> 0.447696).  Saving model ...
Updating learning rate to 0.0009000000000000001
Epoch: 2 cost time: 15.67913031578064
Epoch: 2, Steps: 71 | Train Loss: 0.9870139 Vali Loss: 0.4399056
Validation loss decreased (0.447696 --> 0.439906).  Saving model ...
Updating learning rate to 0.0008100000000000001
Epoch: 3 cost time: 15.760658264160156
Epoch: 3, Steps: 71 | Train Loss: 0.9574211 Vali Loss: 0.4452321
EarlyStopping counter: 1 out of 3
Updating learning rate to 0.0007290000000000002
Epoch: 4 cost time: 15.770585298538208
Epoch: 4, Steps: 71 | Train Loss: 0.9374909 Vali Loss: 0.4404826
EarlyStopping counter: 2 out of 3
Updating learning rate to 0.0006561000000000001
Epoch: 5 cost time: 15.838534593582153
Epoch: 5, Steps: 71 | Train Loss: 0.9178297 Vali Loss: 0.4447327
EarlyStopping counter: 3 out of 3
Early stopping
>>>>>>>testing : weather_96_96_iFlowformer_custom_M_ft96_sl48_ll96_pl512_dm8_nh2_el1_dl2048_df1_fctimeF_ebTrue_dtExp_projection_trk4_tsk15_2<<<<<<<<<<<<<<<<<<<<<<<<<<<<<<<<<
test 9100
test shape: (9100, 1, 1440, 21) (9100, 1, 1440, 21)
test shape: (9100, 1440, 21) (9100, 1440, 21)
prediction length: 96, mse:0.16909049451351166, mae:0.2172161489725113
prediction length: 192, mse:0.20903025567531586, mae:0.25384363532066345
prediction length: 288, mse:0.240278959274292, mae:0.2783890962600708
prediction length: 384, mse:0.2667447626590729, mae:0.29712939262390137
prediction length: 480, mse:0.28869685530662537, mae:0.3117157220840454
prediction length: 576, mse:0.30932971835136414, mae:0.32462918758392334
prediction length: 672, mse:0.32834991812705994, mae:0.3368881344795227
prediction length: 768, mse:0.3449306786060333, mae:0.3478182554244995
prediction length: 864, mse:0.36040371656417847, mae:0.3578741252422333
prediction length: 960, mse:0.3744315505027771, mae:0.366555780172348
prediction length: 1056, mse:0.38710951805114746, mae:0.37388551235198975
prediction length: 1152, mse:0.3997572064399719, mae:0.3808477818965912
prediction length: 1248, mse:0.4123060703277588, mae:0.38795578479766846
prediction length: 1344, mse:0.42424535751342773, mae:0.3949710428714752
prediction length: 1440, mse:0.43569958209991455, mae:0.401541531085968
Use GPU: cuda:0
>>>>>>>start training : weather_96_96_iFlowformer_custom_M_ft96_sl48_ll96_pl512_dm8_nh2_el1_dl2048_df1_fctimeF_ebTrue_dtExp_projection_trk4_tsk15_3>>>>>>>>>>>>>>>>>>>>>>>>>>
train 36408
val 5175
test 10444
Epoch: 1 cost time: 15.505263090133667
Epoch: 1, Steps: 71 | Train Loss: 1.0702702 Vali Loss: 0.4605371
Validation loss decreased (inf --> 0.460537).  Saving model ...
Updating learning rate to 0.0009000000000000001
Epoch: 2 cost time: 15.688602924346924
Epoch: 2, Steps: 71 | Train Loss: 0.9899558 Vali Loss: 0.4353626
Validation loss decreased (0.460537 --> 0.435363).  Saving model ...
Updating learning rate to 0.0008100000000000001
Epoch: 3 cost time: 15.726091623306274
Epoch: 3, Steps: 71 | Train Loss: 0.9594019 Vali Loss: 0.4394175
EarlyStopping counter: 1 out of 3
Updating learning rate to 0.0007290000000000002
Epoch: 4 cost time: 15.751894235610962
Epoch: 4, Steps: 71 | Train Loss: 0.9375520 Vali Loss: 0.4367197
EarlyStopping counter: 2 out of 3
Updating learning rate to 0.0006561000000000001
Epoch: 5 cost time: 15.805594205856323
Epoch: 5, Steps: 71 | Train Loss: 0.9230973 Vali Loss: 0.4355549
EarlyStopping counter: 3 out of 3
Early stopping
>>>>>>>testing : weather_96_96_iFlowformer_custom_M_ft96_sl48_ll96_pl512_dm8_nh2_el1_dl2048_df1_fctimeF_ebTrue_dtExp_projection_trk4_tsk15_3<<<<<<<<<<<<<<<<<<<<<<<<<<<<<<<<<
test 9100
test shape: (9100, 1, 1440, 21) (9100, 1, 1440, 21)
test shape: (9100, 1440, 21) (9100, 1440, 21)
prediction length: 96, mse:0.16824133694171906, mae:0.21758916974067688
prediction length: 192, mse:0.20836873352527618, mae:0.2544669806957245
prediction length: 288, mse:0.23927433788776398, mae:0.27860936522483826
prediction length: 384, mse:0.2652553617954254, mae:0.2970156967639923
prediction length: 480, mse:0.2868102192878723, mae:0.3113519549369812
prediction length: 576, mse:0.30673009157180786, mae:0.32344546914100647
prediction length: 672, mse:0.3251979649066925, mae:0.33523109555244446
prediction length: 768, mse:0.3415907919406891, mae:0.3458211123943329
prediction length: 864, mse:0.35679003596305847, mae:0.35542622208595276
prediction length: 960, mse:0.37044236063957214, mae:0.3637842833995819
prediction length: 1056, mse:0.3828589618206024, mae:0.37084075808525085
prediction length: 1152, mse:0.3952300250530243, mae:0.37747660279273987
prediction length: 1248, mse:0.4077163636684418, mae:0.38445913791656494
prediction length: 1344, mse:0.41983285546302795, mae:0.3913228213787079
prediction length: 1440, mse:0.4314706027507782, mae:0.39785540103912354
Use GPU: cuda:0
>>>>>>>start training : weather_96_96_iFlowformer_custom_M_ft96_sl48_ll96_pl512_dm8_nh2_el1_dl2048_df1_fctimeF_ebTrue_dtExp_projection_trk4_tsk15_4>>>>>>>>>>>>>>>>>>>>>>>>>>
train 36408
val 5175
test 10444
Epoch: 1 cost time: 15.488584995269775
Epoch: 1, Steps: 71 | Train Loss: 1.0631711 Vali Loss: 0.4746830
Validation loss decreased (inf --> 0.474683).  Saving model ...
Updating learning rate to 0.0009000000000000001
Epoch: 2 cost time: 15.67686676979065
Epoch: 2, Steps: 71 | Train Loss: 0.9810847 Vali Loss: 0.4457981
Validation loss decreased (0.474683 --> 0.445798).  Saving model ...
Updating learning rate to 0.0008100000000000001
Epoch: 3 cost time: 15.765050411224365
Epoch: 3, Steps: 71 | Train Loss: 0.9557346 Vali Loss: 0.4438441
Validation loss decreased (0.445798 --> 0.443844).  Saving model ...
Updating learning rate to 0.0007290000000000002
Epoch: 4 cost time: 15.848485469818115
Epoch: 4, Steps: 71 | Train Loss: 0.9332935 Vali Loss: 0.4296761
Validation loss decreased (0.443844 --> 0.429676).  Saving model ...
Updating learning rate to 0.0006561000000000001
Epoch: 5 cost time: 15.871291160583496
Epoch: 5, Steps: 71 | Train Loss: 0.9184702 Vali Loss: 0.4423444
EarlyStopping counter: 1 out of 3
Updating learning rate to 0.00059049
Epoch: 6 cost time: 15.843888998031616
Epoch: 6, Steps: 71 | Train Loss: 0.8978676 Vali Loss: 0.4378151
EarlyStopping counter: 2 out of 3
Updating learning rate to 0.000531441
Epoch: 7 cost time: 15.832067966461182
Epoch: 7, Steps: 71 | Train Loss: 0.8850495 Vali Loss: 0.4469447
EarlyStopping counter: 3 out of 3
Early stopping
>>>>>>>testing : weather_96_96_iFlowformer_custom_M_ft96_sl48_ll96_pl512_dm8_nh2_el1_dl2048_df1_fctimeF_ebTrue_dtExp_projection_trk4_tsk15_4<<<<<<<<<<<<<<<<<<<<<<<<<<<<<<<<<
test 9100
test shape: (9100, 1, 1440, 21) (9100, 1, 1440, 21)
test shape: (9100, 1440, 21) (9100, 1440, 21)
prediction length: 96, mse:0.15906842052936554, mae:0.2079964578151703
prediction length: 192, mse:0.2014542669057846, mae:0.24811504781246185
prediction length: 288, mse:0.2330668866634369, mae:0.27367809414863586
prediction length: 384, mse:0.25927501916885376, mae:0.292135626077652
prediction length: 480, mse:0.2807949483394623, mae:0.3062646985054016
prediction length: 576, mse:0.3003847599029541, mae:0.3183611035346985
prediction length: 672, mse:0.31857970356941223, mae:0.32992300391197205
prediction length: 768, mse:0.3347506821155548, mae:0.3402806222438812
prediction length: 864, mse:0.3498460054397583, mae:0.3497661054134369
prediction length: 960, mse:0.36328575015068054, mae:0.35795024037361145
prediction length: 1056, mse:0.3755744695663452, mae:0.3648344576358795
prediction length: 1152, mse:0.38755735754966736, mae:0.37131962180137634
prediction length: 1248, mse:0.3995162844657898, mae:0.37805062532424927
prediction length: 1344, mse:0.4110737442970276, mae:0.38465631008148193
prediction length: 1440, mse:0.4220687747001648, mae:0.3906763195991516
Args in experiment:
Namespace(is_training=1, model_id='weather_96_96', model='iFlashformer', data='custom', root_path='./dataset/weather/', data_path='weather.csv', features='M', target='OT', freq='h', checkpoints='./checkpoints/', seq_len=96, label_len=48, pred_len=96, training_k=4, test_k=15, beta=0.1, gamma=0.5, enc_in=21, dec_in=21, c_out=21, d_model=512, n_heads=8, e_layers=2, d_layers=1, d_ff=2048, moving_avg=25, factor=3, distil=True, dropout=0.1, embed='timeF', activation='gelu', output_attention=False, do_predict=False, num_workers=10, itr=1, train_epochs=30, batch_size=512, patience=3, learning_rate=0.001, des='Exp', loss='MSE', lradj='type1', use_amp=False, use_gpu=True, gpu=0, use_multi_gpu=False, devices='0,1,2,3', exp_name='MTSF', channel_independence=False, inverse=False, class_strategy='projection', target_root_path='./data/electricity/', target_data_path='electricity.csv', efficient_training=False, use_norm=True, partial_start_index=0)
Use GPU: cuda:0
>>>>>>>start training : weather_96_96_iFlashformer_custom_M_ft96_sl48_ll96_pl512_dm8_nh2_el1_dl2048_df3_fctimeF_ebTrue_dtExp_projection_trk4_tsk15_0>>>>>>>>>>>>>>>>>>>>>>>>>>
train 36408
val 5175
test 10444
Epoch: 1 cost time: 14.105095624923706
Epoch: 1, Steps: 71 | Train Loss: 1.0626490 Vali Loss: 0.4544164
Validation loss decreased (inf --> 0.454416).  Saving model ...
Updating learning rate to 0.0009000000000000001
Epoch: 2 cost time: 13.99432921409607
Epoch: 2, Steps: 71 | Train Loss: 0.9711727 Vali Loss: 0.4338543
Validation loss decreased (0.454416 --> 0.433854).  Saving model ...
Updating learning rate to 0.0008100000000000001
Epoch: 3 cost time: 14.048464298248291
Epoch: 3, Steps: 71 | Train Loss: 0.9424616 Vali Loss: 0.4507317
EarlyStopping counter: 1 out of 3
Updating learning rate to 0.0007290000000000002
Epoch: 4 cost time: 14.08599591255188
Epoch: 4, Steps: 71 | Train Loss: 0.9258717 Vali Loss: 0.4377690
EarlyStopping counter: 2 out of 3
Updating learning rate to 0.0006561000000000001
Epoch: 5 cost time: 14.13900899887085
Epoch: 5, Steps: 71 | Train Loss: 0.9058905 Vali Loss: 0.4345616
EarlyStopping counter: 3 out of 3
Early stopping
>>>>>>>testing : weather_96_96_iFlashformer_custom_M_ft96_sl48_ll96_pl512_dm8_nh2_el1_dl2048_df3_fctimeF_ebTrue_dtExp_projection_trk4_tsk15_0<<<<<<<<<<<<<<<<<<<<<<<<<<<<<<<<<
test 9100
test shape: (9100, 1, 1440, 21) (9100, 1, 1440, 21)
test shape: (9100, 1440, 21) (9100, 1440, 21)
prediction length: 96, mse:0.16401442885398865, mae:0.21457862854003906
prediction length: 192, mse:0.2054263949394226, mae:0.25250184535980225
prediction length: 288, mse:0.23665636777877808, mae:0.2771768271923065
prediction length: 384, mse:0.26232263445854187, mae:0.29528340697288513
prediction length: 480, mse:0.2835657000541687, mae:0.30929991602897644
prediction length: 576, mse:0.30278947949409485, mae:0.32112157344818115
prediction length: 672, mse:0.32047638297080994, mae:0.33241888880729675
prediction length: 768, mse:0.3362275958061218, mae:0.3426761329174042
prediction length: 864, mse:0.35084593296051025, mae:0.3520123362541199
prediction length: 960, mse:0.3638046085834503, mae:0.36011651158332825
prediction length: 1056, mse:0.3757835030555725, mae:0.36707744002342224
prediction length: 1152, mse:0.3874359726905823, mae:0.373488187789917
prediction length: 1248, mse:0.3989521563053131, mae:0.3801169693470001
prediction length: 1344, mse:0.4101943075656891, mae:0.38667744398117065
prediction length: 1440, mse:0.4209349453449249, mae:0.39271509647369385
Args in experiment:
Namespace(is_training=1, model_id='weather_96_96', model='iFlashformer', data='custom', root_path='./dataset/weather/', data_path='weather.csv', features='M', target='OT', freq='h', checkpoints='./checkpoints/', seq_len=96, label_len=48, pred_len=96, training_k=4, test_k=15, beta=0.1, gamma=0.5, enc_in=21, dec_in=21, c_out=21, d_model=512, n_heads=8, e_layers=2, d_layers=1, d_ff=2048, moving_avg=25, factor=3, distil=True, dropout=0.1, embed='timeF', activation='gelu', output_attention=False, do_predict=False, num_workers=10, itr=2, train_epochs=30, batch_size=512, patience=3, learning_rate=0.001, des='Exp', loss='MSE', lradj='type1', use_amp=False, use_gpu=True, gpu=0, use_multi_gpu=False, devices='0,1,2,3', exp_name='MTSF', channel_independence=False, inverse=False, class_strategy='projection', target_root_path='./data/electricity/', target_data_path='electricity.csv', efficient_training=False, use_norm=True, partial_start_index=0)
Use GPU: cuda:0
>>>>>>>start training : weather_96_96_iFlashformer_custom_M_ft96_sl48_ll96_pl512_dm8_nh2_el1_dl2048_df3_fctimeF_ebTrue_dtExp_projection_trk4_tsk15_0>>>>>>>>>>>>>>>>>>>>>>>>>>
train 36408
val 5175
test 10444
Epoch: 1 cost time: 14.140366077423096
Epoch: 1, Steps: 71 | Train Loss: 1.0677951 Vali Loss: 0.4536704
Validation loss decreased (inf --> 0.453670).  Saving model ...
Updating learning rate to 0.0009000000000000001
Epoch: 2 cost time: 13.988518238067627
Epoch: 2, Steps: 71 | Train Loss: 0.9677400 Vali Loss: 0.4345136
Validation loss decreased (0.453670 --> 0.434514).  Saving model ...
Updating learning rate to 0.0008100000000000001
Epoch: 3 cost time: 14.077933549880981
Epoch: 3, Steps: 71 | Train Loss: 0.9429901 Vali Loss: 0.4311501
Validation loss decreased (0.434514 --> 0.431150).  Saving model ...
Updating learning rate to 0.0007290000000000002
Epoch: 4 cost time: 14.15036129951477
Epoch: 4, Steps: 71 | Train Loss: 0.9204319 Vali Loss: 0.4305922
Validation loss decreased (0.431150 --> 0.430592).  Saving model ...
Updating learning rate to 0.0006561000000000001
Epoch: 5 cost time: 14.165446758270264
Epoch: 5, Steps: 71 | Train Loss: 0.9004716 Vali Loss: 0.4436094
EarlyStopping counter: 1 out of 3
Updating learning rate to 0.00059049
Epoch: 6 cost time: 14.198441743850708
Epoch: 6, Steps: 71 | Train Loss: 0.8861380 Vali Loss: 0.4389824
EarlyStopping counter: 2 out of 3
Updating learning rate to 0.000531441
Epoch: 7 cost time: 14.220565557479858
Epoch: 7, Steps: 71 | Train Loss: 0.8690625 Vali Loss: 0.4606326
EarlyStopping counter: 3 out of 3
Early stopping
>>>>>>>testing : weather_96_96_iFlashformer_custom_M_ft96_sl48_ll96_pl512_dm8_nh2_el1_dl2048_df3_fctimeF_ebTrue_dtExp_projection_trk4_tsk15_0<<<<<<<<<<<<<<<<<<<<<<<<<<<<<<<<<
test 9100
test shape: (9100, 1, 1440, 21) (9100, 1, 1440, 21)
test shape: (9100, 1440, 21) (9100, 1440, 21)
prediction length: 96, mse:0.15854573249816895, mae:0.20684397220611572
prediction length: 192, mse:0.20197078585624695, mae:0.24735048413276672
prediction length: 288, mse:0.23413455486297607, mae:0.2735025882720947
prediction length: 384, mse:0.26008057594299316, mae:0.2917470335960388
prediction length: 480, mse:0.2821572422981262, mae:0.3060745596885681
prediction length: 576, mse:0.3017118275165558, mae:0.3181126117706299
prediction length: 672, mse:0.3203088641166687, mae:0.32995110750198364
prediction length: 768, mse:0.33707961440086365, mae:0.34062767028808594
prediction length: 864, mse:0.352558434009552, mae:0.35037165880203247
prediction length: 960, mse:0.36665359139442444, mae:0.3589681386947632
prediction length: 1056, mse:0.37982338666915894, mae:0.3664080500602722
prediction length: 1152, mse:0.39256584644317627, mae:0.3734375238418579
prediction length: 1248, mse:0.4054245948791504, mae:0.38074856996536255
prediction length: 1344, mse:0.41783514618873596, mae:0.3878106474876404
prediction length: 1440, mse:0.42967864871025085, mae:0.3943675756454468
Use GPU: cuda:0
>>>>>>>start training : weather_96_96_iFlashformer_custom_M_ft96_sl48_ll96_pl512_dm8_nh2_el1_dl2048_df3_fctimeF_ebTrue_dtExp_projection_trk4_tsk15_1>>>>>>>>>>>>>>>>>>>>>>>>>>
train 36408
val 5175
test 10444
Epoch: 1 cost time: 14.142752408981323
Epoch: 1, Steps: 71 | Train Loss: 1.0743108 Vali Loss: 0.4503463
Validation loss decreased (inf --> 0.450346).  Saving model ...
Updating learning rate to 0.0009000000000000001
Epoch: 2 cost time: 14.320331573486328
Epoch: 2, Steps: 71 | Train Loss: 0.9778939 Vali Loss: 0.4384120
Validation loss decreased (0.450346 --> 0.438412).  Saving model ...
Updating learning rate to 0.0008100000000000001
Epoch: 3 cost time: 14.357889413833618
Epoch: 3, Steps: 71 | Train Loss: 0.9486166 Vali Loss: 0.4461149
EarlyStopping counter: 1 out of 3
Updating learning rate to 0.0007290000000000002
Epoch: 4 cost time: 14.39558482170105
Epoch: 4, Steps: 71 | Train Loss: 0.9240562 Vali Loss: 0.4402343
EarlyStopping counter: 2 out of 3
Updating learning rate to 0.0006561000000000001
Epoch: 5 cost time: 14.436270713806152
Epoch: 5, Steps: 71 | Train Loss: 0.9076085 Vali Loss: 0.4403268
EarlyStopping counter: 3 out of 3
Early stopping
>>>>>>>testing : weather_96_96_iFlashformer_custom_M_ft96_sl48_ll96_pl512_dm8_nh2_el1_dl2048_df3_fctimeF_ebTrue_dtExp_projection_trk4_tsk15_1<<<<<<<<<<<<<<<<<<<<<<<<<<<<<<<<<
test 9100
test shape: (9100, 1, 1440, 21) (9100, 1, 1440, 21)
test shape: (9100, 1440, 21) (9100, 1440, 21)
prediction length: 96, mse:0.16555793583393097, mae:0.21637898683547974
prediction length: 192, mse:0.20665594935417175, mae:0.2534843981266022
prediction length: 288, mse:0.23746193945407867, mae:0.2775862216949463
prediction length: 384, mse:0.2629872262477875, mae:0.295592725276947
prediction length: 480, mse:0.2840726971626282, mae:0.30942365527153015
prediction length: 576, mse:0.3028669059276581, mae:0.32077863812446594
prediction length: 672, mse:0.32049521803855896, mae:0.3318574130535126
prediction length: 768, mse:0.33619314432144165, mae:0.3418505787849426
prediction length: 864, mse:0.3505916893482208, mae:0.35090917348861694
prediction length: 960, mse:0.3634640872478485, mae:0.35867899656295776
prediction length: 1056, mse:0.3751174509525299, mae:0.3652012348175049
prediction length: 1152, mse:0.3864419758319855, mae:0.37127190828323364
prediction length: 1248, mse:0.39770880341529846, mae:0.37756356596946716
prediction length: 1344, mse:0.4084590673446655, mae:0.38363540172576904
prediction length: 1440, mse:0.4187157452106476, mae:0.38918250799179077
Args in experiment:
Namespace(is_training=1, model_id='weather_96_96', model='iFlashformer', data='custom', root_path='./dataset/weather/', data_path='weather.csv', features='M', target='OT', freq='h', checkpoints='./checkpoints/', seq_len=96, label_len=48, pred_len=96, training_k=4, test_k=15, beta=0.1, gamma=0.5, enc_in=21, dec_in=21, c_out=21, d_model=512, n_heads=8, e_layers=2, d_layers=1, d_ff=2048, moving_avg=25, factor=3, distil=True, dropout=0.1, embed='timeF', activation='gelu', output_attention=False, do_predict=False, num_workers=10, itr=3, train_epochs=30, batch_size=512, patience=3, learning_rate=0.001, des='Exp', loss='MSE', lradj='type1', use_amp=False, use_gpu=True, gpu=0, use_multi_gpu=False, devices='0,1,2,3', exp_name='MTSF', channel_independence=False, inverse=False, class_strategy='projection', target_root_path='./data/electricity/', target_data_path='electricity.csv', efficient_training=False, use_norm=True, partial_start_index=0)
Use GPU: cuda:0
>>>>>>>start training : weather_96_96_iFlashformer_custom_M_ft96_sl48_ll96_pl512_dm8_nh2_el1_dl2048_df3_fctimeF_ebTrue_dtExp_projection_trk4_tsk15_0>>>>>>>>>>>>>>>>>>>>>>>>>>
train 36408
val 5175
test 10444
Epoch: 1 cost time: 14.14896845817566
Epoch: 1, Steps: 71 | Train Loss: 1.0622582 Vali Loss: 0.4591157
Validation loss decreased (inf --> 0.459116).  Saving model ...
Updating learning rate to 0.0009000000000000001
Epoch: 2 cost time: 13.999080419540405
Epoch: 2, Steps: 71 | Train Loss: 0.9764951 Vali Loss: 0.4428449
Validation loss decreased (0.459116 --> 0.442845).  Saving model ...
Updating learning rate to 0.0008100000000000001
Epoch: 3 cost time: 14.061580181121826
Epoch: 3, Steps: 71 | Train Loss: 0.9471849 Vali Loss: 0.4460329
EarlyStopping counter: 1 out of 3
Updating learning rate to 0.0007290000000000002
Epoch: 4 cost time: 14.089680671691895
Epoch: 4, Steps: 71 | Train Loss: 0.9269502 Vali Loss: 0.4408846
Validation loss decreased (0.442845 --> 0.440885).  Saving model ...
Updating learning rate to 0.0006561000000000001
Epoch: 5 cost time: 14.161783695220947
Epoch: 5, Steps: 71 | Train Loss: 0.9105586 Vali Loss: 0.4462110
EarlyStopping counter: 1 out of 3
Updating learning rate to 0.00059049
Epoch: 6 cost time: 14.222734689712524
Epoch: 6, Steps: 71 | Train Loss: 0.8932088 Vali Loss: 0.4518362
EarlyStopping counter: 2 out of 3
Updating learning rate to 0.000531441
Epoch: 7 cost time: 14.276487827301025
Epoch: 7, Steps: 71 | Train Loss: 0.8818173 Vali Loss: 0.4562506
EarlyStopping counter: 3 out of 3
Early stopping
>>>>>>>testing : weather_96_96_iFlashformer_custom_M_ft96_sl48_ll96_pl512_dm8_nh2_el1_dl2048_df3_fctimeF_ebTrue_dtExp_projection_trk4_tsk15_0<<<<<<<<<<<<<<<<<<<<<<<<<<<<<<<<<
test 9100
test shape: (9100, 1, 1440, 21) (9100, 1, 1440, 21)
test shape: (9100, 1440, 21) (9100, 1440, 21)
prediction length: 96, mse:0.16151750087738037, mae:0.21000994741916656
prediction length: 192, mse:0.203046053647995, mae:0.24911163747310638
prediction length: 288, mse:0.23457445204257965, mae:0.27432680130004883
prediction length: 384, mse:0.26067349314689636, mae:0.29258644580841064
prediction length: 480, mse:0.2823694050312042, mae:0.3066992461681366
prediction length: 576, mse:0.3015093505382538, mae:0.3183267116546631
prediction length: 672, mse:0.31941336393356323, mae:0.32960230112075806
prediction length: 768, mse:0.3355349898338318, mae:0.3398028314113617
prediction length: 864, mse:0.3499482572078705, mae:0.34885677695274353
prediction length: 960, mse:0.3630432188510895, mae:0.35675251483917236
prediction length: 1056, mse:0.3749833405017853, mae:0.363413006067276
prediction length: 1152, mse:0.38623687624931335, mae:0.3695351481437683
prediction length: 1248, mse:0.39763617515563965, mae:0.37592580914497375
prediction length: 1344, mse:0.4086684286594391, mae:0.3821357488632202
prediction length: 1440, mse:0.4190102219581604, mae:0.38778021931648254
Use GPU: cuda:0
>>>>>>>start training : weather_96_96_iFlashformer_custom_M_ft96_sl48_ll96_pl512_dm8_nh2_el1_dl2048_df3_fctimeF_ebTrue_dtExp_projection_trk4_tsk15_1>>>>>>>>>>>>>>>>>>>>>>>>>>
train 36408
val 5175
test 10444
Epoch: 1 cost time: 14.13378381729126
Epoch: 1, Steps: 71 | Train Loss: 1.0706450 Vali Loss: 0.4556679
Validation loss decreased (inf --> 0.455668).  Saving model ...
Updating learning rate to 0.0009000000000000001
Epoch: 2 cost time: 14.310085535049438
Epoch: 2, Steps: 71 | Train Loss: 0.9737890 Vali Loss: 0.4528955
Validation loss decreased (0.455668 --> 0.452895).  Saving model ...
Updating learning rate to 0.0008100000000000001
Epoch: 3 cost time: 14.33905029296875
Epoch: 3, Steps: 71 | Train Loss: 0.9491595 Vali Loss: 0.4340464
Validation loss decreased (0.452895 --> 0.434046).  Saving model ...
Updating learning rate to 0.0007290000000000002
Epoch: 4 cost time: 14.40304684638977
Epoch: 4, Steps: 71 | Train Loss: 0.9273063 Vali Loss: 0.4359098
EarlyStopping counter: 1 out of 3
Updating learning rate to 0.0006561000000000001
Epoch: 5 cost time: 14.432174444198608
Epoch: 5, Steps: 71 | Train Loss: 0.9056439 Vali Loss: 0.4519966
EarlyStopping counter: 2 out of 3
Updating learning rate to 0.00059049
Epoch: 6 cost time: 14.526085138320923
Epoch: 6, Steps: 71 | Train Loss: 0.9061436 Vali Loss: 0.4540113
EarlyStopping counter: 3 out of 3
Early stopping
>>>>>>>testing : weather_96_96_iFlashformer_custom_M_ft96_sl48_ll96_pl512_dm8_nh2_el1_dl2048_df3_fctimeF_ebTrue_dtExp_projection_trk4_tsk15_1<<<<<<<<<<<<<<<<<<<<<<<<<<<<<<<<<
test 9100
test shape: (9100, 1, 1440, 21) (9100, 1, 1440, 21)
test shape: (9100, 1440, 21) (9100, 1440, 21)
prediction length: 96, mse:0.1620829850435257, mae:0.21210519969463348
prediction length: 192, mse:0.20457051694393158, mae:0.25130152702331543
prediction length: 288, mse:0.23607005178928375, mae:0.27626919746398926
prediction length: 384, mse:0.26215916872024536, mae:0.2946264445781708
prediction length: 480, mse:0.28368765115737915, mae:0.3088017702102661
prediction length: 576, mse:0.3029947578907013, mae:0.32061371207237244
prediction length: 672, mse:0.3212943971157074, mae:0.33213287591934204
prediction length: 768, mse:0.3375883996486664, mae:0.3424970507621765
prediction length: 864, mse:0.35255807638168335, mae:0.3518444299697876
prediction length: 960, mse:0.36597853899002075, mae:0.3598540425300598
prediction length: 1056, mse:0.3781323730945587, mae:0.3666476011276245
prediction length: 1152, mse:0.3898337781429291, mae:0.3728543221950531
prediction length: 1248, mse:0.40166613459587097, mae:0.3794269263744354
prediction length: 1344, mse:0.4130518138408661, mae:0.38590455055236816
prediction length: 1440, mse:0.4238286018371582, mae:0.39179545640945435
Use GPU: cuda:0
>>>>>>>start training : weather_96_96_iFlashformer_custom_M_ft96_sl48_ll96_pl512_dm8_nh2_el1_dl2048_df3_fctimeF_ebTrue_dtExp_projection_trk4_tsk15_2>>>>>>>>>>>>>>>>>>>>>>>>>>
train 36408
val 5175
test 10444
Epoch: 1 cost time: 14.146792650222778
Epoch: 1, Steps: 71 | Train Loss: 1.0611136 Vali Loss: 0.4498380
Validation loss decreased (inf --> 0.449838).  Saving model ...
Updating learning rate to 0.0009000000000000001
Epoch: 2 cost time: 14.33292531967163
Epoch: 2, Steps: 71 | Train Loss: 0.9776065 Vali Loss: 0.4734142
EarlyStopping counter: 1 out of 3
Updating learning rate to 0.0008100000000000001
Epoch: 3 cost time: 14.320133447647095
Epoch: 3, Steps: 71 | Train Loss: 0.9539703 Vali Loss: 0.4497727
Validation loss decreased (0.449838 --> 0.449773).  Saving model ...
Updating learning rate to 0.0007290000000000002
Epoch: 4 cost time: 14.424732685089111
Epoch: 4, Steps: 71 | Train Loss: 0.9309025 Vali Loss: 0.4294308
Validation loss decreased (0.449773 --> 0.429431).  Saving model ...
Updating learning rate to 0.0006561000000000001
Epoch: 5 cost time: 14.482779026031494
Epoch: 5, Steps: 71 | Train Loss: 0.9170801 Vali Loss: 0.4337599
EarlyStopping counter: 1 out of 3
Updating learning rate to 0.00059049
Epoch: 6 cost time: 14.559072494506836
Epoch: 6, Steps: 71 | Train Loss: 0.8964944 Vali Loss: 0.4329125
EarlyStopping counter: 2 out of 3
Updating learning rate to 0.000531441
Epoch: 7 cost time: 14.52998948097229
Epoch: 7, Steps: 71 | Train Loss: 0.8785275 Vali Loss: 0.4597998
EarlyStopping counter: 3 out of 3
Early stopping
>>>>>>>testing : weather_96_96_iFlashformer_custom_M_ft96_sl48_ll96_pl512_dm8_nh2_el1_dl2048_df3_fctimeF_ebTrue_dtExp_projection_trk4_tsk15_2<<<<<<<<<<<<<<<<<<<<<<<<<<<<<<<<<
test 9100
test shape: (9100, 1, 1440, 21) (9100, 1, 1440, 21)
test shape: (9100, 1440, 21) (9100, 1440, 21)
prediction length: 96, mse:0.15960972011089325, mae:0.20984162390232086
prediction length: 192, mse:0.20184297859668732, mae:0.2491772621870041
prediction length: 288, mse:0.23391954600811005, mae:0.2748071551322937
prediction length: 384, mse:0.2603200078010559, mae:0.2932056486606598
prediction length: 480, mse:0.28166183829307556, mae:0.30722030997276306
prediction length: 576, mse:0.30114373564720154, mae:0.31912896037101746
prediction length: 672, mse:0.3194909393787384, mae:0.3305911123752594
prediction length: 768, mse:0.335519403219223, mae:0.34081944823265076
prediction length: 864, mse:0.3503486216068268, mae:0.35006070137023926
prediction length: 960, mse:0.3635162115097046, mae:0.3580264151096344
prediction length: 1056, mse:0.3751889765262604, mae:0.36461564898490906
prediction length: 1152, mse:0.38659361004829407, mae:0.37074005603790283
prediction length: 1248, mse:0.3980250656604767, mae:0.37716737389564514
prediction length: 1344, mse:0.4089478552341461, mae:0.3834288418292999
prediction length: 1440, mse:0.41930776834487915, mae:0.38919544219970703
Args in experiment:
Namespace(is_training=1, model_id='weather_96_96', model='iFlashformer', data='custom', root_path='./dataset/weather/', data_path='weather.csv', features='M', target='OT', freq='h', checkpoints='./checkpoints/', seq_len=96, label_len=48, pred_len=96, training_k=4, test_k=15, beta=0.1, gamma=0.5, enc_in=21, dec_in=21, c_out=21, d_model=512, n_heads=8, e_layers=2, d_layers=1, d_ff=2048, moving_avg=25, factor=3, distil=True, dropout=0.1, embed='timeF', activation='gelu', output_attention=False, do_predict=False, num_workers=10, itr=4, train_epochs=30, batch_size=512, patience=3, learning_rate=0.001, des='Exp', loss='MSE', lradj='type1', use_amp=False, use_gpu=True, gpu=0, use_multi_gpu=False, devices='0,1,2,3', exp_name='MTSF', channel_independence=False, inverse=False, class_strategy='projection', target_root_path='./data/electricity/', target_data_path='electricity.csv', efficient_training=False, use_norm=True, partial_start_index=0)
Use GPU: cuda:0
>>>>>>>start training : weather_96_96_iFlashformer_custom_M_ft96_sl48_ll96_pl512_dm8_nh2_el1_dl2048_df3_fctimeF_ebTrue_dtExp_projection_trk4_tsk15_0>>>>>>>>>>>>>>>>>>>>>>>>>>
train 36408
val 5175
test 10444
Epoch: 1 cost time: 14.105314254760742
Epoch: 1, Steps: 71 | Train Loss: 1.0618546 Vali Loss: 0.4593565
Validation loss decreased (inf --> 0.459357).  Saving model ...
Updating learning rate to 0.0009000000000000001
Epoch: 2 cost time: 13.966784477233887
Epoch: 2, Steps: 71 | Train Loss: 0.9754178 Vali Loss: 0.4643889
EarlyStopping counter: 1 out of 3
Updating learning rate to 0.0008100000000000001
Epoch: 3 cost time: 14.013156652450562
Epoch: 3, Steps: 71 | Train Loss: 0.9561029 Vali Loss: 0.4369942
Validation loss decreased (0.459357 --> 0.436994).  Saving model ...
Updating learning rate to 0.0007290000000000002
Epoch: 4 cost time: 14.099165201187134
Epoch: 4, Steps: 71 | Train Loss: 0.9260539 Vali Loss: 0.4473513
EarlyStopping counter: 1 out of 3
Updating learning rate to 0.0006561000000000001
Epoch: 5 cost time: 14.12895679473877
Epoch: 5, Steps: 71 | Train Loss: 0.9100444 Vali Loss: 0.4326448
Validation loss decreased (0.436994 --> 0.432645).  Saving model ...
Updating learning rate to 0.00059049
Epoch: 6 cost time: 14.23339056968689
Epoch: 6, Steps: 71 | Train Loss: 0.8863865 Vali Loss: 0.4448010
EarlyStopping counter: 1 out of 3
Updating learning rate to 0.000531441
Epoch: 7 cost time: 14.224395036697388
Epoch: 7, Steps: 71 | Train Loss: 0.8701684 Vali Loss: 0.4348869
EarlyStopping counter: 2 out of 3
Updating learning rate to 0.0004782969000000001
Epoch: 8 cost time: 14.214648485183716
Epoch: 8, Steps: 71 | Train Loss: 0.8551559 Vali Loss: 0.4658477
EarlyStopping counter: 3 out of 3
Early stopping
>>>>>>>testing : weather_96_96_iFlashformer_custom_M_ft96_sl48_ll96_pl512_dm8_nh2_el1_dl2048_df3_fctimeF_ebTrue_dtExp_projection_trk4_tsk15_0<<<<<<<<<<<<<<<<<<<<<<<<<<<<<<<<<
test 9100
test shape: (9100, 1, 1440, 21) (9100, 1, 1440, 21)
test shape: (9100, 1440, 21) (9100, 1440, 21)
prediction length: 96, mse:0.1596871018409729, mae:0.20968873798847198
prediction length: 192, mse:0.20198261737823486, mae:0.24940568208694458
prediction length: 288, mse:0.2337964028120041, mae:0.275028258562088
prediction length: 384, mse:0.2595185339450836, mae:0.2930351495742798
prediction length: 480, mse:0.2806583344936371, mae:0.3066766858100891
prediction length: 576, mse:0.2997930645942688, mae:0.31833600997924805
prediction length: 672, mse:0.31768009066581726, mae:0.32952311635017395
prediction length: 768, mse:0.33338096737861633, mae:0.3394259214401245
prediction length: 864, mse:0.34784266352653503, mae:0.3484295606613159
prediction length: 960, mse:0.36076319217681885, mae:0.35617420077323914
prediction length: 1056, mse:0.3723440170288086, mae:0.3626042902469635
prediction length: 1152, mse:0.38362663984298706, mae:0.36866897344589233
prediction length: 1248, mse:0.39496690034866333, mae:0.37503233551979065
prediction length: 1344, mse:0.40576261281967163, mae:0.38115784525871277
prediction length: 1440, mse:0.4160768687725067, mae:0.3868110775947571
Use GPU: cuda:0
>>>>>>>start training : weather_96_96_iFlashformer_custom_M_ft96_sl48_ll96_pl512_dm8_nh2_el1_dl2048_df3_fctimeF_ebTrue_dtExp_projection_trk4_tsk15_1>>>>>>>>>>>>>>>>>>>>>>>>>>
train 36408
val 5175
test 10444
Epoch: 1 cost time: 14.072203397750854
Epoch: 1, Steps: 71 | Train Loss: 1.0680847 Vali Loss: 0.4598242
Validation loss decreased (inf --> 0.459824).  Saving model ...
Updating learning rate to 0.0009000000000000001
Epoch: 2 cost time: 14.216150045394897
Epoch: 2, Steps: 71 | Train Loss: 0.9753209 Vali Loss: 0.4552458
Validation loss decreased (0.459824 --> 0.455246).  Saving model ...
Updating learning rate to 0.0008100000000000001
Epoch: 3 cost time: 14.281450986862183
Epoch: 3, Steps: 71 | Train Loss: 0.9519256 Vali Loss: 0.4385453
Validation loss decreased (0.455246 --> 0.438545).  Saving model ...
Updating learning rate to 0.0007290000000000002
Epoch: 4 cost time: 14.348985195159912
Epoch: 4, Steps: 71 | Train Loss: 0.9351958 Vali Loss: 0.4502985
EarlyStopping counter: 1 out of 3
Updating learning rate to 0.0006561000000000001
Epoch: 5 cost time: 14.34055209159851
Epoch: 5, Steps: 71 | Train Loss: 0.9228473 Vali Loss: 0.4264647
Validation loss decreased (0.438545 --> 0.426465).  Saving model ...
Updating learning rate to 0.00059049
Epoch: 6 cost time: 14.504850149154663
Epoch: 6, Steps: 71 | Train Loss: 0.8958176 Vali Loss: 0.4408788
EarlyStopping counter: 1 out of 3
Updating learning rate to 0.000531441
Epoch: 7 cost time: 14.450355529785156
Epoch: 7, Steps: 71 | Train Loss: 0.8802236 Vali Loss: 0.4379994
EarlyStopping counter: 2 out of 3
Updating learning rate to 0.0004782969000000001
Epoch: 8 cost time: 14.40682339668274
Epoch: 8, Steps: 71 | Train Loss: 0.8645806 Vali Loss: 0.4578665
EarlyStopping counter: 3 out of 3
Early stopping
>>>>>>>testing : weather_96_96_iFlashformer_custom_M_ft96_sl48_ll96_pl512_dm8_nh2_el1_dl2048_df3_fctimeF_ebTrue_dtExp_projection_trk4_tsk15_1<<<<<<<<<<<<<<<<<<<<<<<<<<<<<<<<<
test 9100
test shape: (9100, 1, 1440, 21) (9100, 1, 1440, 21)
test shape: (9100, 1440, 21) (9100, 1440, 21)
prediction length: 96, mse:0.16110680997371674, mae:0.2115727812051773
prediction length: 192, mse:0.2027033418416977, mae:0.2503996193408966
prediction length: 288, mse:0.23476706445217133, mae:0.2758721709251404
prediction length: 384, mse:0.2611328065395355, mae:0.2944002151489258
prediction length: 480, mse:0.2827235162258148, mae:0.3083975315093994
prediction length: 576, mse:0.30214357376098633, mae:0.32018953561782837
prediction length: 672, mse:0.32020869851112366, mae:0.3315502405166626
prediction length: 768, mse:0.3359695374965668, mae:0.34151968359947205
prediction length: 864, mse:0.3505285084247589, mae:0.3505430221557617
prediction length: 960, mse:0.3633734881877899, mae:0.3583117127418518
prediction length: 1056, mse:0.37487226724624634, mae:0.3646933138370514
prediction length: 1152, mse:0.3861692547798157, mae:0.37071990966796875
prediction length: 1248, mse:0.39739328622817993, mae:0.3769889771938324
prediction length: 1344, mse:0.4082023799419403, mae:0.38311266899108887
prediction length: 1440, mse:0.4185807406902313, mae:0.38883352279663086
Use GPU: cuda:0
>>>>>>>start training : weather_96_96_iFlashformer_custom_M_ft96_sl48_ll96_pl512_dm8_nh2_el1_dl2048_df3_fctimeF_ebTrue_dtExp_projection_trk4_tsk15_2>>>>>>>>>>>>>>>>>>>>>>>>>>
train 36408
val 5175
test 10444
Epoch: 1 cost time: 14.135149955749512
Epoch: 1, Steps: 71 | Train Loss: 1.0676058 Vali Loss: 0.4642680
Validation loss decreased (inf --> 0.464268).  Saving model ...
Updating learning rate to 0.0009000000000000001
Epoch: 2 cost time: 14.314190149307251
Epoch: 2, Steps: 71 | Train Loss: 0.9760665 Vali Loss: 0.4548887
Validation loss decreased (0.464268 --> 0.454889).  Saving model ...
Updating learning rate to 0.0008100000000000001
Epoch: 3 cost time: 14.38931155204773
Epoch: 3, Steps: 71 | Train Loss: 0.9468454 Vali Loss: 0.4349714
Validation loss decreased (0.454889 --> 0.434971).  Saving model ...
Updating learning rate to 0.0007290000000000002
Epoch: 4 cost time: 14.433211088180542
Epoch: 4, Steps: 71 | Train Loss: 0.9310882 Vali Loss: 0.4443375
EarlyStopping counter: 1 out of 3
Updating learning rate to 0.0006561000000000001
Epoch: 5 cost time: 14.433544397354126
Epoch: 5, Steps: 71 | Train Loss: 0.9095101 Vali Loss: 0.4290407
Validation loss decreased (0.434971 --> 0.429041).  Saving model ...
Updating learning rate to 0.00059049
Epoch: 6 cost time: 14.594135522842407
Epoch: 6, Steps: 71 | Train Loss: 0.8910906 Vali Loss: 0.4489129
EarlyStopping counter: 1 out of 3
Updating learning rate to 0.000531441
Epoch: 7 cost time: 14.572481155395508
Epoch: 7, Steps: 71 | Train Loss: 0.8761805 Vali Loss: 0.4443478
EarlyStopping counter: 2 out of 3
Updating learning rate to 0.0004782969000000001
Epoch: 8 cost time: 14.495726823806763
Epoch: 8, Steps: 71 | Train Loss: 0.8889045 Vali Loss: 0.4514121
EarlyStopping counter: 3 out of 3
Early stopping
>>>>>>>testing : weather_96_96_iFlashformer_custom_M_ft96_sl48_ll96_pl512_dm8_nh2_el1_dl2048_df3_fctimeF_ebTrue_dtExp_projection_trk4_tsk15_2<<<<<<<<<<<<<<<<<<<<<<<<<<<<<<<<<
test 9100
test shape: (9100, 1, 1440, 21) (9100, 1, 1440, 21)
test shape: (9100, 1440, 21) (9100, 1440, 21)
prediction length: 96, mse:0.15929573774337769, mae:0.20799598097801208
prediction length: 192, mse:0.20149490237236023, mae:0.24802657961845398
prediction length: 288, mse:0.23398542404174805, mae:0.27427494525909424
prediction length: 384, mse:0.26041534543037415, mae:0.2927045226097107
prediction length: 480, mse:0.2819371521472931, mae:0.30694150924682617
prediction length: 576, mse:0.3011132478713989, mae:0.3189140260219574
prediction length: 672, mse:0.31911414861679077, mae:0.33030250668525696
prediction length: 768, mse:0.3352104127407074, mae:0.340615451335907
prediction length: 864, mse:0.3499900698661804, mae:0.34984830021858215
prediction length: 960, mse:0.36320844292640686, mae:0.3577702045440674
prediction length: 1056, mse:0.37515562772750854, mae:0.3644956946372986
prediction length: 1152, mse:0.38679394125938416, mae:0.3707110285758972
prediction length: 1248, mse:0.3986701965332031, mae:0.37729522585868835
prediction length: 1344, mse:0.41010501980781555, mae:0.3836730718612671
prediction length: 1440, mse:0.42092588543891907, mae:0.3894810080528259
Use GPU: cuda:0
>>>>>>>start training : weather_96_96_iFlashformer_custom_M_ft96_sl48_ll96_pl512_dm8_nh2_el1_dl2048_df3_fctimeF_ebTrue_dtExp_projection_trk4_tsk15_3>>>>>>>>>>>>>>>>>>>>>>>>>>
train 36408
val 5175
test 10444
Epoch: 1 cost time: 14.158823251724243
Epoch: 1, Steps: 71 | Train Loss: 1.0686719 Vali Loss: 0.4488576
Validation loss decreased (inf --> 0.448858).  Saving model ...
Updating learning rate to 0.0009000000000000001
Epoch: 2 cost time: 14.31776213645935
Epoch: 2, Steps: 71 | Train Loss: 0.9760829 Vali Loss: 0.4449916
Validation loss decreased (0.448858 --> 0.444992).  Saving model ...
Updating learning rate to 0.0008100000000000001
Epoch: 3 cost time: 14.393964767456055
Epoch: 3, Steps: 71 | Train Loss: 0.9429106 Vali Loss: 0.4309638
Validation loss decreased (0.444992 --> 0.430964).  Saving model ...
Updating learning rate to 0.0007290000000000002
Epoch: 4 cost time: 14.470914363861084
Epoch: 4, Steps: 71 | Train Loss: 0.9270856 Vali Loss: 0.4319663
EarlyStopping counter: 1 out of 3
Updating learning rate to 0.0006561000000000001
Epoch: 5 cost time: 14.470699071884155
Epoch: 5, Steps: 71 | Train Loss: 0.9085337 Vali Loss: 0.4414331
EarlyStopping counter: 2 out of 3
Updating learning rate to 0.00059049
Epoch: 6 cost time: 14.542616367340088
Epoch: 6, Steps: 71 | Train Loss: 0.8944704 Vali Loss: 0.4422831
EarlyStopping counter: 3 out of 3
Early stopping
>>>>>>>testing : weather_96_96_iFlashformer_custom_M_ft96_sl48_ll96_pl512_dm8_nh2_el1_dl2048_df3_fctimeF_ebTrue_dtExp_projection_trk4_tsk15_3<<<<<<<<<<<<<<<<<<<<<<<<<<<<<<<<<
test 9100
test shape: (9100, 1, 1440, 21) (9100, 1, 1440, 21)
test shape: (9100, 1440, 21) (9100, 1440, 21)
prediction length: 96, mse:0.16259977221488953, mae:0.21166713535785675
prediction length: 192, mse:0.20454469323158264, mae:0.2503473460674286
prediction length: 288, mse:0.2360459715127945, mae:0.27559641003608704
prediction length: 384, mse:0.26174500584602356, mae:0.2936759293079376
prediction length: 480, mse:0.2827683389186859, mae:0.3073938488960266
prediction length: 576, mse:0.301577627658844, mae:0.3187587857246399
prediction length: 672, mse:0.31927716732025146, mae:0.3299027681350708
prediction length: 768, mse:0.3351135551929474, mae:0.33987995982170105
prediction length: 864, mse:0.34961748123168945, mae:0.3489307463169098
prediction length: 960, mse:0.3628207743167877, mae:0.35692158341407776
prediction length: 1056, mse:0.37474244832992554, mae:0.36361515522003174
prediction length: 1152, mse:0.3862282633781433, mae:0.3698216378688812
prediction length: 1248, mse:0.3977920711040497, mae:0.37631699442863464
prediction length: 1344, mse:0.4089086353778839, mae:0.3825019896030426
prediction length: 1440, mse:0.4194871187210083, mae:0.3881680369377136
Args in experiment:
Namespace(is_training=1, model_id='weather_96_96', model='iFlashformer', data='custom', root_path='./dataset/weather/', data_path='weather.csv', features='M', target='OT', freq='h', checkpoints='./checkpoints/', seq_len=96, label_len=48, pred_len=96, training_k=4, test_k=15, beta=0.1, gamma=0.5, enc_in=21, dec_in=21, c_out=21, d_model=512, n_heads=8, e_layers=2, d_layers=1, d_ff=2048, moving_avg=25, factor=3, distil=True, dropout=0.1, embed='timeF', activation='gelu', output_attention=False, do_predict=False, num_workers=10, itr=5, train_epochs=30, batch_size=512, patience=3, learning_rate=0.001, des='Exp', loss='MSE', lradj='type1', use_amp=False, use_gpu=True, gpu=0, use_multi_gpu=False, devices='0,1,2,3', exp_name='MTSF', channel_independence=False, inverse=False, class_strategy='projection', target_root_path='./data/electricity/', target_data_path='electricity.csv', efficient_training=False, use_norm=True, partial_start_index=0)
Use GPU: cuda:0
>>>>>>>start training : weather_96_96_iFlashformer_custom_M_ft96_sl48_ll96_pl512_dm8_nh2_el1_dl2048_df3_fctimeF_ebTrue_dtExp_projection_trk4_tsk15_0>>>>>>>>>>>>>>>>>>>>>>>>>>
train 36408
val 5175
test 10444
Epoch: 1 cost time: 14.117435455322266
Epoch: 1, Steps: 71 | Train Loss: 1.0584996 Vali Loss: 0.4620127
Validation loss decreased (inf --> 0.462013).  Saving model ...
Updating learning rate to 0.0009000000000000001
Epoch: 2 cost time: 14.009839534759521
Epoch: 2, Steps: 71 | Train Loss: 0.9733470 Vali Loss: 0.4475509
Validation loss decreased (0.462013 --> 0.447551).  Saving model ...
Updating learning rate to 0.0008100000000000001
Epoch: 3 cost time: 14.117316722869873
Epoch: 3, Steps: 71 | Train Loss: 0.9477805 Vali Loss: 0.4346789
Validation loss decreased (0.447551 --> 0.434679).  Saving model ...
Updating learning rate to 0.0007290000000000002
Epoch: 4 cost time: 14.121035099029541
Epoch: 4, Steps: 71 | Train Loss: 0.9238037 Vali Loss: 0.4297054
Validation loss decreased (0.434679 --> 0.429705).  Saving model ...
Updating learning rate to 0.0006561000000000001
Epoch: 5 cost time: 14.209138870239258
Epoch: 5, Steps: 71 | Train Loss: 0.9215831 Vali Loss: 0.4314469
EarlyStopping counter: 1 out of 3
Updating learning rate to 0.00059049
Epoch: 6 cost time: 14.2384672164917
Epoch: 6, Steps: 71 | Train Loss: 0.8955999 Vali Loss: 0.4359942
EarlyStopping counter: 2 out of 3
Updating learning rate to 0.000531441
Epoch: 7 cost time: 14.234190940856934
Epoch: 7, Steps: 71 | Train Loss: 0.8945469 Vali Loss: 0.4430229
EarlyStopping counter: 3 out of 3
Early stopping
>>>>>>>testing : weather_96_96_iFlashformer_custom_M_ft96_sl48_ll96_pl512_dm8_nh2_el1_dl2048_df3_fctimeF_ebTrue_dtExp_projection_trk4_tsk15_0<<<<<<<<<<<<<<<<<<<<<<<<<<<<<<<<<
test 9100
test shape: (9100, 1, 1440, 21) (9100, 1, 1440, 21)
test shape: (9100, 1440, 21) (9100, 1440, 21)
prediction length: 96, mse:0.1599663347005844, mae:0.20860044658184052
prediction length: 192, mse:0.2029871940612793, mae:0.24892094731330872
prediction length: 288, mse:0.2342556267976761, mae:0.2744337022304535
prediction length: 384, mse:0.26036277413368225, mae:0.29286715388298035
prediction length: 480, mse:0.281980961561203, mae:0.30704277753829956
prediction length: 576, mse:0.30095812678337097, mae:0.3187539279460907
prediction length: 672, mse:0.3191615641117096, mae:0.3303506076335907
prediction length: 768, mse:0.3353408873081207, mae:0.34086620807647705
prediction length: 864, mse:0.34974831342697144, mae:0.34994715452194214
prediction length: 960, mse:0.3629699647426605, mae:0.35805338621139526
prediction length: 1056, mse:0.374802827835083, mae:0.36485743522644043
prediction length: 1152, mse:0.3859500288963318, mae:0.37085798382759094
prediction length: 1248, mse:0.3974679708480835, mae:0.37740036845207214
prediction length: 1344, mse:0.40849652886390686, mae:0.3837733864784241
prediction length: 1440, mse:0.4187650978565216, mae:0.3894324004650116
Use GPU: cuda:0
>>>>>>>start training : weather_96_96_iFlashformer_custom_M_ft96_sl48_ll96_pl512_dm8_nh2_el1_dl2048_df3_fctimeF_ebTrue_dtExp_projection_trk4_tsk15_1>>>>>>>>>>>>>>>>>>>>>>>>>>
train 36408
val 5175
test 10444
Epoch: 1 cost time: 14.164766311645508
Epoch: 1, Steps: 71 | Train Loss: 1.0609493 Vali Loss: 0.4489775
Validation loss decreased (inf --> 0.448978).  Saving model ...
Updating learning rate to 0.0009000000000000001
Epoch: 2 cost time: 14.31256103515625
Epoch: 2, Steps: 71 | Train Loss: 0.9716388 Vali Loss: 0.4372191
Validation loss decreased (0.448978 --> 0.437219).  Saving model ...
Updating learning rate to 0.0008100000000000001
Epoch: 3 cost time: 14.369818925857544
Epoch: 3, Steps: 71 | Train Loss: 0.9462440 Vali Loss: 0.4376982
EarlyStopping counter: 1 out of 3
Updating learning rate to 0.0007290000000000002
Epoch: 4 cost time: 14.411528587341309
Epoch: 4, Steps: 71 | Train Loss: 0.9212253 Vali Loss: 0.4414399
EarlyStopping counter: 2 out of 3
Updating learning rate to 0.0006561000000000001
Epoch: 5 cost time: 14.462849855422974
Epoch: 5, Steps: 71 | Train Loss: 0.9078658 Vali Loss: 0.4307404
Validation loss decreased (0.437219 --> 0.430740).  Saving model ...
Updating learning rate to 0.00059049
Epoch: 6 cost time: 14.578933000564575
Epoch: 6, Steps: 71 | Train Loss: 0.8898851 Vali Loss: 0.4362521
EarlyStopping counter: 1 out of 3
Updating learning rate to 0.000531441
Epoch: 7 cost time: 14.513023614883423
Epoch: 7, Steps: 71 | Train Loss: 0.8743226 Vali Loss: 0.4397159
EarlyStopping counter: 2 out of 3
Updating learning rate to 0.0004782969000000001
Epoch: 8 cost time: 14.50622844696045
Epoch: 8, Steps: 71 | Train Loss: 0.8852822 Vali Loss: 0.4435282
EarlyStopping counter: 3 out of 3
Early stopping
>>>>>>>testing : weather_96_96_iFlashformer_custom_M_ft96_sl48_ll96_pl512_dm8_nh2_el1_dl2048_df3_fctimeF_ebTrue_dtExp_projection_trk4_tsk15_1<<<<<<<<<<<<<<<<<<<<<<<<<<<<<<<<<
test 9100
test shape: (9100, 1, 1440, 21) (9100, 1, 1440, 21)
test shape: (9100, 1440, 21) (9100, 1440, 21)
prediction length: 96, mse:0.15976181626319885, mae:0.20946104824543
prediction length: 192, mse:0.20368605852127075, mae:0.2505115866661072
prediction length: 288, mse:0.23698249459266663, mae:0.2772993743419647
prediction length: 384, mse:0.2640843987464905, mae:0.29631802439689636
prediction length: 480, mse:0.28632014989852905, mae:0.31110894680023193
prediction length: 576, mse:0.30617833137512207, mae:0.32322195172309875
prediction length: 672, mse:0.3251980245113373, mae:0.3350878357887268
prediction length: 768, mse:0.34228572249412537, mae:0.3459702432155609
prediction length: 864, mse:0.35799238085746765, mae:0.35570669174194336
prediction length: 960, mse:0.3723280131816864, mae:0.364411860704422
prediction length: 1056, mse:0.38551977276802063, mae:0.37190237641334534
prediction length: 1152, mse:0.3978419899940491, mae:0.37855765223503113
prediction length: 1248, mse:0.41104206442832947, mae:0.3858933448791504
prediction length: 1344, mse:0.42392677068710327, mae:0.3931058347225189
prediction length: 1440, mse:0.4358108639717102, mae:0.3995974361896515
Use GPU: cuda:0
>>>>>>>start training : weather_96_96_iFlashformer_custom_M_ft96_sl48_ll96_pl512_dm8_nh2_el1_dl2048_df3_fctimeF_ebTrue_dtExp_projection_trk4_tsk15_2>>>>>>>>>>>>>>>>>>>>>>>>>>
train 36408
val 5175
test 10444
Epoch: 1 cost time: 14.185697078704834
Epoch: 1, Steps: 71 | Train Loss: 1.0654860 Vali Loss: 0.4417094
Validation loss decreased (inf --> 0.441709).  Saving model ...
Updating learning rate to 0.0009000000000000001
Epoch: 2 cost time: 14.318083763122559
Epoch: 2, Steps: 71 | Train Loss: 0.9674309 Vali Loss: 0.4358496
Validation loss decreased (0.441709 --> 0.435850).  Saving model ...
Updating learning rate to 0.0008100000000000001
Epoch: 3 cost time: 14.400895595550537
Epoch: 3, Steps: 71 | Train Loss: 0.9549109 Vali Loss: 0.4335056
Validation loss decreased (0.435850 --> 0.433506).  Saving model ...
Updating learning rate to 0.0007290000000000002
Epoch: 4 cost time: 14.456082820892334
Epoch: 4, Steps: 71 | Train Loss: 0.9326280 Vali Loss: 0.4276644
Validation loss decreased (0.433506 --> 0.427664).  Saving model ...
Updating learning rate to 0.0006561000000000001
Epoch: 5 cost time: 14.523946523666382
Epoch: 5, Steps: 71 | Train Loss: 0.9161530 Vali Loss: 0.4320646
EarlyStopping counter: 1 out of 3
Updating learning rate to 0.00059049
Epoch: 6 cost time: 14.574652671813965
Epoch: 6, Steps: 71 | Train Loss: 0.8962712 Vali Loss: 0.4291940
EarlyStopping counter: 2 out of 3
Updating learning rate to 0.000531441
Epoch: 7 cost time: 14.554347038269043
Epoch: 7, Steps: 71 | Train Loss: 0.8788205 Vali Loss: 0.4264989
Validation loss decreased (0.427664 --> 0.426499).  Saving model ...
Updating learning rate to 0.0004782969000000001
Epoch: 8 cost time: 14.545358419418335
Epoch: 8, Steps: 71 | Train Loss: 0.8620698 Vali Loss: 0.4410584
EarlyStopping counter: 1 out of 3
Updating learning rate to 0.0004304672100000001
Epoch: 9 cost time: 14.559327602386475
Epoch: 9, Steps: 71 | Train Loss: 0.8479170 Vali Loss: 0.4349377
EarlyStopping counter: 2 out of 3
Updating learning rate to 0.0003874204890000001
Epoch: 10 cost time: 14.481765985488892
Epoch: 10, Steps: 71 | Train Loss: 0.8354064 Vali Loss: 0.4335102
EarlyStopping counter: 3 out of 3
Early stopping
>>>>>>>testing : weather_96_96_iFlashformer_custom_M_ft96_sl48_ll96_pl512_dm8_nh2_el1_dl2048_df3_fctimeF_ebTrue_dtExp_projection_trk4_tsk15_2<<<<<<<<<<<<<<<<<<<<<<<<<<<<<<<<<
test 9100
test shape: (9100, 1, 1440, 21) (9100, 1, 1440, 21)
test shape: (9100, 1440, 21) (9100, 1440, 21)
prediction length: 96, mse:0.15814146399497986, mae:0.20713144540786743
prediction length: 192, mse:0.20109407603740692, mae:0.2479449063539505
prediction length: 288, mse:0.23361532390117645, mae:0.2743060290813446
prediction length: 384, mse:0.25954118371009827, mae:0.2924138605594635
prediction length: 480, mse:0.2809532880783081, mae:0.30634555220603943
prediction length: 576, mse:0.300368994474411, mae:0.31819450855255127
prediction length: 672, mse:0.31856220960617065, mae:0.3295947313308716
prediction length: 768, mse:0.3348078429698944, mae:0.3398185670375824
prediction length: 864, mse:0.34961992502212524, mae:0.3489398956298828
prediction length: 960, mse:0.3626413643360138, mae:0.35673248767852783
prediction length: 1056, mse:0.3745233416557312, mae:0.3634282350540161
prediction length: 1152, mse:0.3857537508010864, mae:0.3695361614227295
prediction length: 1248, mse:0.3972638249397278, mae:0.37599772214889526
prediction length: 1344, mse:0.40863609313964844, mae:0.3823587894439697
prediction length: 1440, mse:0.4192432463169098, mae:0.3880036473274231
Use GPU: cuda:0
>>>>>>>start training : weather_96_96_iFlashformer_custom_M_ft96_sl48_ll96_pl512_dm8_nh2_el1_dl2048_df3_fctimeF_ebTrue_dtExp_projection_trk4_tsk15_3>>>>>>>>>>>>>>>>>>>>>>>>>>
train 36408
val 5175
test 10444
Epoch: 1 cost time: 14.139575481414795
Epoch: 1, Steps: 71 | Train Loss: 1.0631323 Vali Loss: 0.4428055
Validation loss decreased (inf --> 0.442805).  Saving model ...
Updating learning rate to 0.0009000000000000001
Epoch: 2 cost time: 14.32758355140686
Epoch: 2, Steps: 71 | Train Loss: 0.9746032 Vali Loss: 0.4384842
Validation loss decreased (0.442805 --> 0.438484).  Saving model ...
Updating learning rate to 0.0008100000000000001
Epoch: 3 cost time: 14.384361982345581
Epoch: 3, Steps: 71 | Train Loss: 0.9432691 Vali Loss: 0.4331797
Validation loss decreased (0.438484 --> 0.433180).  Saving model ...
Updating learning rate to 0.0007290000000000002
Epoch: 4 cost time: 14.466144800186157
Epoch: 4, Steps: 71 | Train Loss: 0.9220763 Vali Loss: 0.4234959
Validation loss decreased (0.433180 --> 0.423496).  Saving model ...
Updating learning rate to 0.0006561000000000001
Epoch: 5 cost time: 14.497294187545776
Epoch: 5, Steps: 71 | Train Loss: 0.8987130 Vali Loss: 0.4251702
EarlyStopping counter: 1 out of 3
Updating learning rate to 0.00059049
Epoch: 6 cost time: 14.533474922180176
Epoch: 6, Steps: 71 | Train Loss: 0.8828031 Vali Loss: 0.4344136
EarlyStopping counter: 2 out of 3
Updating learning rate to 0.000531441
Epoch: 7 cost time: 14.583171367645264
Epoch: 7, Steps: 71 | Train Loss: 0.8650930 Vali Loss: 0.4440964
EarlyStopping counter: 3 out of 3
Early stopping
>>>>>>>testing : weather_96_96_iFlashformer_custom_M_ft96_sl48_ll96_pl512_dm8_nh2_el1_dl2048_df3_fctimeF_ebTrue_dtExp_projection_trk4_tsk15_3<<<<<<<<<<<<<<<<<<<<<<<<<<<<<<<<<
test 9100
test shape: (9100, 1, 1440, 21) (9100, 1, 1440, 21)
test shape: (9100, 1440, 21) (9100, 1440, 21)
prediction length: 96, mse:0.16042253375053406, mae:0.21088598668575287
prediction length: 192, mse:0.20296506583690643, mae:0.2505131959915161
prediction length: 288, mse:0.23512504994869232, mae:0.2762083411216736
prediction length: 384, mse:0.2610747218132019, mae:0.29437679052352905
prediction length: 480, mse:0.2824825942516327, mae:0.3083595335483551
prediction length: 576, mse:0.3017604351043701, mae:0.3200278580188751
prediction length: 672, mse:0.3198191523551941, mae:0.33123090863227844
prediction length: 768, mse:0.3357735872268677, mae:0.34125059843063354
prediction length: 864, mse:0.3504646420478821, mae:0.3502636253833771
prediction length: 960, mse:0.363578736782074, mae:0.358111709356308
prediction length: 1056, mse:0.3753361999988556, mae:0.3646306097507477
prediction length: 1152, mse:0.3866958022117615, mae:0.37061959505081177
prediction length: 1248, mse:0.39812707901000977, mae:0.3769261837005615
prediction length: 1344, mse:0.40907591581344604, mae:0.3830607831478119
prediction length: 1440, mse:0.41952478885650635, mae:0.38871392607688904
Use GPU: cuda:0
>>>>>>>start training : weather_96_96_iFlashformer_custom_M_ft96_sl48_ll96_pl512_dm8_nh2_el1_dl2048_df3_fctimeF_ebTrue_dtExp_projection_trk4_tsk15_4>>>>>>>>>>>>>>>>>>>>>>>>>>
train 36408
val 5175
test 10444
Epoch: 1 cost time: 14.145459413528442
Epoch: 1, Steps: 71 | Train Loss: 1.0655403 Vali Loss: 0.4514805
Validation loss decreased (inf --> 0.451480).  Saving model ...
Updating learning rate to 0.0009000000000000001
Epoch: 2 cost time: 14.259726762771606
Epoch: 2, Steps: 71 | Train Loss: 0.9773866 Vali Loss: 0.4477272
Validation loss decreased (0.451480 --> 0.447727).  Saving model ...
Updating learning rate to 0.0008100000000000001
Epoch: 3 cost time: 14.420513391494751
Epoch: 3, Steps: 71 | Train Loss: 0.9502670 Vali Loss: 0.4341738
Validation loss decreased (0.447727 --> 0.434174).  Saving model ...
Updating learning rate to 0.0007290000000000002
Epoch: 4 cost time: 14.448702573776245
Epoch: 4, Steps: 71 | Train Loss: 0.9385837 Vali Loss: 0.4433172
EarlyStopping counter: 1 out of 3
Updating learning rate to 0.0006561000000000001
Epoch: 5 cost time: 14.46066164970398
Epoch: 5, Steps: 71 | Train Loss: 0.9142056 Vali Loss: 0.4446065
EarlyStopping counter: 2 out of 3
Updating learning rate to 0.00059049
Epoch: 6 cost time: 14.599243640899658
Epoch: 6, Steps: 71 | Train Loss: 0.8947463 Vali Loss: 0.4477568
EarlyStopping counter: 3 out of 3
Early stopping
>>>>>>>testing : weather_96_96_iFlashformer_custom_M_ft96_sl48_ll96_pl512_dm8_nh2_el1_dl2048_df3_fctimeF_ebTrue_dtExp_projection_trk4_tsk15_4<<<<<<<<<<<<<<<<<<<<<<<<<<<<<<<<<
test 9100
test shape: (9100, 1, 1440, 21) (9100, 1, 1440, 21)
test shape: (9100, 1440, 21) (9100, 1440, 21)
prediction length: 96, mse:0.16197961568832397, mae:0.2129536271095276
prediction length: 192, mse:0.20318692922592163, mae:0.2509135603904724
prediction length: 288, mse:0.23470714688301086, mae:0.27572497725486755
prediction length: 384, mse:0.26074469089508057, mae:0.2941715121269226
prediction length: 480, mse:0.2822416126728058, mae:0.30826419591903687
prediction length: 576, mse:0.3013351559638977, mae:0.31983280181884766
prediction length: 672, mse:0.31933164596557617, mae:0.3313111960887909
prediction length: 768, mse:0.3354494869709015, mae:0.34164994955062866
prediction length: 864, mse:0.3502337336540222, mae:0.3508926033973694
prediction length: 960, mse:0.3635607957839966, mae:0.35905343294143677
prediction length: 1056, mse:0.3758012652397156, mae:0.3660350739955902
prediction length: 1152, mse:0.3874571919441223, mae:0.37237393856048584
prediction length: 1248, mse:0.3991934657096863, mae:0.37908104062080383
prediction length: 1344, mse:0.4106793999671936, mae:0.385616660118103
prediction length: 1440, mse:0.4215077757835388, mae:0.3915075957775116
Args in experiment:
Namespace(is_training=1, model_id='weather_96_192', model='iTransformer', data='custom', root_path='./dataset/weather/', data_path='weather.csv', features='M', target='OT', freq='h', checkpoints='./checkpoints/', seq_len=96, label_len=48, pred_len=192, training_k=4, test_k=7, beta=0.1, gamma=0.5, enc_in=21, dec_in=21, c_out=21, d_model=512, n_heads=8, e_layers=2, d_layers=1, d_ff=512, moving_avg=25, factor=1, distil=True, dropout=0.1, embed='timeF', activation='gelu', output_attention=False, do_predict=False, num_workers=10, itr=1, train_epochs=30, batch_size=512, patience=3, learning_rate=0.001, des='Exp', loss='MSE', lradj='type1', use_amp=False, use_gpu=True, gpu=0, use_multi_gpu=False, devices='0,1,2,3', exp_name='MTSF', channel_independence=False, inverse=False, class_strategy='projection', target_root_path='./data/electricity/', target_data_path='electricity.csv', efficient_training=False, use_norm=True, partial_start_index=0)
Use GPU: cuda:0
>>>>>>>start training : weather_96_192_iTransformer_custom_M_ft96_sl48_ll192_pl512_dm8_nh2_el1_dl512_df1_fctimeF_ebTrue_dtExp_projection_trk4_tsk7_0>>>>>>>>>>>>>>>>>>>>>>>>>>
train 36024
val 5079
test 10348
Epoch: 1 cost time: 9.255741119384766
Epoch: 1, Steps: 70 | Train Loss: 1.2012063 Vali Loss: 0.5257486
Validation loss decreased (inf --> 0.525749).  Saving model ...
Updating learning rate to 0.0009000000000000001
Epoch: 2 cost time: 9.063672542572021
Epoch: 2, Steps: 70 | Train Loss: 1.1188222 Vali Loss: 0.5195404
Validation loss decreased (0.525749 --> 0.519540).  Saving model ...
Updating learning rate to 0.0008100000000000001
Epoch: 3 cost time: 9.130420684814453
Epoch: 3, Steps: 70 | Train Loss: 1.0950096 Vali Loss: 0.5041054
Validation loss decreased (0.519540 --> 0.504105).  Saving model ...
Updating learning rate to 0.0007290000000000002
Epoch: 4 cost time: 9.168156623840332
Epoch: 4, Steps: 70 | Train Loss: 1.0768087 Vali Loss: 0.5050891
EarlyStopping counter: 1 out of 3
Updating learning rate to 0.0006561000000000001
Epoch: 5 cost time: 9.1508207321167
Epoch: 5, Steps: 70 | Train Loss: 1.0592918 Vali Loss: 0.5082687
EarlyStopping counter: 2 out of 3
Updating learning rate to 0.00059049
Epoch: 6 cost time: 9.190645694732666
Epoch: 6, Steps: 70 | Train Loss: 1.0468863 Vali Loss: 0.5062495
EarlyStopping counter: 3 out of 3
Early stopping
>>>>>>>testing : weather_96_192_iTransformer_custom_M_ft96_sl48_ll192_pl512_dm8_nh2_el1_dl512_df1_fctimeF_ebTrue_dtExp_projection_trk4_tsk7_0<<<<<<<<<<<<<<<<<<<<<<<<<<<<<<<<<
test 9196
test shape: (9196, 1, 1344, 21) (9196, 1, 1344, 21)
test shape: (9196, 1344, 21) (9196, 1344, 21)
prediction length: 192, mse:0.2086779773235321, mae:0.25310245156288147
prediction length: 384, mse:0.26413267850875854, mae:0.29557913541793823
prediction length: 576, mse:0.30434611439704895, mae:0.32089442014694214
prediction length: 768, mse:0.33771610260009766, mae:0.3423759639263153
prediction length: 960, mse:0.3656191825866699, mae:0.35925763845443726
prediction length: 1152, mse:0.3877534866333008, mae:0.37148648500442505
prediction length: 1344, mse:0.408992201089859, mae:0.38362917304039
Args in experiment:
Namespace(is_training=1, model_id='weather_96_192', model='iTransformer', data='custom', root_path='./dataset/weather/', data_path='weather.csv', features='M', target='OT', freq='h', checkpoints='./checkpoints/', seq_len=96, label_len=48, pred_len=192, training_k=4, test_k=7, beta=0.1, gamma=0.5, enc_in=21, dec_in=21, c_out=21, d_model=512, n_heads=8, e_layers=2, d_layers=1, d_ff=512, moving_avg=25, factor=1, distil=True, dropout=0.1, embed='timeF', activation='gelu', output_attention=False, do_predict=False, num_workers=10, itr=2, train_epochs=30, batch_size=512, patience=3, learning_rate=0.001, des='Exp', loss='MSE', lradj='type1', use_amp=False, use_gpu=True, gpu=0, use_multi_gpu=False, devices='0,1,2,3', exp_name='MTSF', channel_independence=False, inverse=False, class_strategy='projection', target_root_path='./data/electricity/', target_data_path='electricity.csv', efficient_training=False, use_norm=True, partial_start_index=0)
Use GPU: cuda:0
>>>>>>>start training : weather_96_192_iTransformer_custom_M_ft96_sl48_ll192_pl512_dm8_nh2_el1_dl512_df1_fctimeF_ebTrue_dtExp_projection_trk4_tsk7_0>>>>>>>>>>>>>>>>>>>>>>>>>>
train 36024
val 5079
test 10348
Epoch: 1 cost time: 9.216581583023071
Epoch: 1, Steps: 70 | Train Loss: 1.2048541 Vali Loss: 0.5212927
Validation loss decreased (inf --> 0.521293).  Saving model ...
Updating learning rate to 0.0009000000000000001
Epoch: 2 cost time: 9.114250421524048
Epoch: 2, Steps: 70 | Train Loss: 1.1156568 Vali Loss: 0.5120881
Validation loss decreased (0.521293 --> 0.512088).  Saving model ...
Updating learning rate to 0.0008100000000000001
Epoch: 3 cost time: 9.055641889572144
Epoch: 3, Steps: 70 | Train Loss: 1.0960804 Vali Loss: 0.5288460
EarlyStopping counter: 1 out of 3
Updating learning rate to 0.0007290000000000002
Epoch: 4 cost time: 9.16987919807434
Epoch: 4, Steps: 70 | Train Loss: 1.0764774 Vali Loss: 0.5056205
Validation loss decreased (0.512088 --> 0.505620).  Saving model ...
Updating learning rate to 0.0006561000000000001
Epoch: 5 cost time: 9.202401161193848
Epoch: 5, Steps: 70 | Train Loss: 1.0609543 Vali Loss: 0.5109783
EarlyStopping counter: 1 out of 3
Updating learning rate to 0.00059049
Epoch: 6 cost time: 9.183151483535767
Epoch: 6, Steps: 70 | Train Loss: 1.0437860 Vali Loss: 0.5040866
Validation loss decreased (0.505620 --> 0.504087).  Saving model ...
Updating learning rate to 0.000531441
Epoch: 7 cost time: 9.073931455612183
Epoch: 7, Steps: 70 | Train Loss: 1.0283430 Vali Loss: 0.5248496
EarlyStopping counter: 1 out of 3
Updating learning rate to 0.0004782969000000001
Epoch: 8 cost time: 9.213140487670898
Epoch: 8, Steps: 70 | Train Loss: 1.0141024 Vali Loss: 0.5056224
EarlyStopping counter: 2 out of 3
Updating learning rate to 0.0004304672100000001
Epoch: 9 cost time: 9.266156435012817
Epoch: 9, Steps: 70 | Train Loss: 1.0087321 Vali Loss: 0.5175473
EarlyStopping counter: 3 out of 3
Early stopping
>>>>>>>testing : weather_96_192_iTransformer_custom_M_ft96_sl48_ll192_pl512_dm8_nh2_el1_dl512_df1_fctimeF_ebTrue_dtExp_projection_trk4_tsk7_0<<<<<<<<<<<<<<<<<<<<<<<<<<<<<<<<<
test 9196
test shape: (9196, 1, 1344, 21) (9196, 1, 1344, 21)
test shape: (9196, 1344, 21) (9196, 1344, 21)
prediction length: 192, mse:0.20446181297302246, mae:0.2501622438430786
prediction length: 384, mse:0.2614564001560211, mae:0.29427570104599
prediction length: 576, mse:0.30202409625053406, mae:0.32015320658683777
prediction length: 768, mse:0.3356362581253052, mae:0.3416016399860382
prediction length: 960, mse:0.36331406235694885, mae:0.3582904636859894
prediction length: 1152, mse:0.3849724233150482, mae:0.3701950013637543
prediction length: 1344, mse:0.40552422404289246, mae:0.3818773329257965
Use GPU: cuda:0
>>>>>>>start training : weather_96_192_iTransformer_custom_M_ft96_sl48_ll192_pl512_dm8_nh2_el1_dl512_df1_fctimeF_ebTrue_dtExp_projection_trk4_tsk7_1>>>>>>>>>>>>>>>>>>>>>>>>>>
train 36024
val 5079
test 10348
Epoch: 1 cost time: 9.18235993385315
Epoch: 1, Steps: 70 | Train Loss: 1.2078557 Vali Loss: 0.5233315
Validation loss decreased (inf --> 0.523332).  Saving model ...
Updating learning rate to 0.0009000000000000001
Epoch: 2 cost time: 9.2457914352417
Epoch: 2, Steps: 70 | Train Loss: 1.1213600 Vali Loss: 0.5108536
Validation loss decreased (0.523332 --> 0.510854).  Saving model ...
Updating learning rate to 0.0008100000000000001
Epoch: 3 cost time: 9.29353141784668
Epoch: 3, Steps: 70 | Train Loss: 1.1020219 Vali Loss: 0.5139226
EarlyStopping counter: 1 out of 3
Updating learning rate to 0.0007290000000000002
Epoch: 4 cost time: 9.276257991790771
Epoch: 4, Steps: 70 | Train Loss: 1.0780361 Vali Loss: 0.5156335
EarlyStopping counter: 2 out of 3
Updating learning rate to 0.0006561000000000001
Epoch: 5 cost time: 9.307911157608032
Epoch: 5, Steps: 70 | Train Loss: 1.0585754 Vali Loss: 0.5184732
EarlyStopping counter: 3 out of 3
Early stopping
>>>>>>>testing : weather_96_192_iTransformer_custom_M_ft96_sl48_ll192_pl512_dm8_nh2_el1_dl512_df1_fctimeF_ebTrue_dtExp_projection_trk4_tsk7_1<<<<<<<<<<<<<<<<<<<<<<<<<<<<<<<<<
test 9196
test shape: (9196, 1, 1344, 21) (9196, 1, 1344, 21)
test shape: (9196, 1344, 21) (9196, 1344, 21)
prediction length: 192, mse:0.21059702336788177, mae:0.254471093416214
prediction length: 384, mse:0.26618605852127075, mae:0.2966974079608917
prediction length: 576, mse:0.30655232071876526, mae:0.32219555974006653
prediction length: 768, mse:0.33942916989326477, mae:0.3434664309024811
prediction length: 960, mse:0.3672959506511688, mae:0.3604641854763031
prediction length: 1152, mse:0.3896470069885254, mae:0.37273114919662476
prediction length: 1344, mse:0.41094687581062317, mae:0.38499248027801514
Args in experiment:
Namespace(is_training=1, model_id='weather_96_192', model='iTransformer', data='custom', root_path='./dataset/weather/', data_path='weather.csv', features='M', target='OT', freq='h', checkpoints='./checkpoints/', seq_len=96, label_len=48, pred_len=192, training_k=4, test_k=7, beta=0.1, gamma=0.5, enc_in=21, dec_in=21, c_out=21, d_model=512, n_heads=8, e_layers=2, d_layers=1, d_ff=512, moving_avg=25, factor=1, distil=True, dropout=0.1, embed='timeF', activation='gelu', output_attention=False, do_predict=False, num_workers=10, itr=3, train_epochs=30, batch_size=512, patience=3, learning_rate=0.001, des='Exp', loss='MSE', lradj='type1', use_amp=False, use_gpu=True, gpu=0, use_multi_gpu=False, devices='0,1,2,3', exp_name='MTSF', channel_independence=False, inverse=False, class_strategy='projection', target_root_path='./data/electricity/', target_data_path='electricity.csv', efficient_training=False, use_norm=True, partial_start_index=0)
Use GPU: cuda:0
>>>>>>>start training : weather_96_192_iTransformer_custom_M_ft96_sl48_ll192_pl512_dm8_nh2_el1_dl512_df1_fctimeF_ebTrue_dtExp_projection_trk4_tsk7_0>>>>>>>>>>>>>>>>>>>>>>>>>>
train 36024
val 5079
test 10348
Epoch: 1 cost time: 9.301178455352783
Epoch: 1, Steps: 70 | Train Loss: 1.2084841 Vali Loss: 0.5296056
Validation loss decreased (inf --> 0.529606).  Saving model ...
Updating learning rate to 0.0009000000000000001
Epoch: 2 cost time: 8.908969402313232
Epoch: 2, Steps: 70 | Train Loss: 1.1200533 Vali Loss: 0.5070091
Validation loss decreased (0.529606 --> 0.507009).  Saving model ...
Updating learning rate to 0.0008100000000000001
Epoch: 3 cost time: 8.965034246444702
Epoch: 3, Steps: 70 | Train Loss: 1.0919163 Vali Loss: 0.5139655
EarlyStopping counter: 1 out of 3
Updating learning rate to 0.0007290000000000002
Epoch: 4 cost time: 8.992054224014282
Epoch: 4, Steps: 70 | Train Loss: 1.0775855 Vali Loss: 0.5340964
EarlyStopping counter: 2 out of 3
Updating learning rate to 0.0006561000000000001
Epoch: 5 cost time: 8.986336708068848
Epoch: 5, Steps: 70 | Train Loss: 1.0778413 Vali Loss: 0.5045034
Validation loss decreased (0.507009 --> 0.504503).  Saving model ...
Updating learning rate to 0.00059049
Epoch: 6 cost time: 9.020751953125
Epoch: 6, Steps: 70 | Train Loss: 1.0513924 Vali Loss: 0.5140041
EarlyStopping counter: 1 out of 3
Updating learning rate to 0.000531441
Epoch: 7 cost time: 8.983270168304443
Epoch: 7, Steps: 70 | Train Loss: 1.0314929 Vali Loss: 0.5241283
EarlyStopping counter: 2 out of 3
Updating learning rate to 0.0004782969000000001
Epoch: 8 cost time: 9.250051021575928
Epoch: 8, Steps: 70 | Train Loss: 1.0197836 Vali Loss: 0.5096137
EarlyStopping counter: 3 out of 3
Early stopping
>>>>>>>testing : weather_96_192_iTransformer_custom_M_ft96_sl48_ll192_pl512_dm8_nh2_el1_dl512_df1_fctimeF_ebTrue_dtExp_projection_trk4_tsk7_0<<<<<<<<<<<<<<<<<<<<<<<<<<<<<<<<<
test 9196
test shape: (9196, 1, 1344, 21) (9196, 1, 1344, 21)
test shape: (9196, 1344, 21) (9196, 1344, 21)
prediction length: 192, mse:0.2074430286884308, mae:0.25234246253967285
prediction length: 384, mse:0.26268771290779114, mae:0.29484888911247253
prediction length: 576, mse:0.3027329742908478, mae:0.3203706741333008
prediction length: 768, mse:0.33590221405029297, mae:0.3416597247123718
prediction length: 960, mse:0.36346548795700073, mae:0.35840150713920593
prediction length: 1152, mse:0.38514068722724915, mae:0.3703944981098175
prediction length: 1344, mse:0.40596017241477966, mae:0.3822782039642334
Use GPU: cuda:0
>>>>>>>start training : weather_96_192_iTransformer_custom_M_ft96_sl48_ll192_pl512_dm8_nh2_el1_dl512_df1_fctimeF_ebTrue_dtExp_projection_trk4_tsk7_1>>>>>>>>>>>>>>>>>>>>>>>>>>
train 36024
val 5079
test 10348
Epoch: 1 cost time: 9.180616855621338
Epoch: 1, Steps: 70 | Train Loss: 1.2130620 Vali Loss: 0.5318373
Validation loss decreased (inf --> 0.531837).  Saving model ...
Updating learning rate to 0.0009000000000000001
Epoch: 2 cost time: 9.211906433105469
Epoch: 2, Steps: 70 | Train Loss: 1.1196756 Vali Loss: 0.5192797
Validation loss decreased (0.531837 --> 0.519280).  Saving model ...
Updating learning rate to 0.0008100000000000001
Epoch: 3 cost time: 9.278916597366333
Epoch: 3, Steps: 70 | Train Loss: 1.0928360 Vali Loss: 0.5254524
EarlyStopping counter: 1 out of 3
Updating learning rate to 0.0007290000000000002
Epoch: 4 cost time: 9.283652544021606
Epoch: 4, Steps: 70 | Train Loss: 1.0759718 Vali Loss: 0.5088441
Validation loss decreased (0.519280 --> 0.508844).  Saving model ...
Updating learning rate to 0.0006561000000000001
Epoch: 5 cost time: 9.298326253890991
Epoch: 5, Steps: 70 | Train Loss: 1.0561507 Vali Loss: 0.5154231
EarlyStopping counter: 1 out of 3
Updating learning rate to 0.00059049
Epoch: 6 cost time: 9.295267343521118
Epoch: 6, Steps: 70 | Train Loss: 1.0395883 Vali Loss: 0.5151192
EarlyStopping counter: 2 out of 3
Updating learning rate to 0.000531441
Epoch: 7 cost time: 9.286125421524048
Epoch: 7, Steps: 70 | Train Loss: 1.0247707 Vali Loss: 0.5208810
EarlyStopping counter: 3 out of 3
Early stopping
>>>>>>>testing : weather_96_192_iTransformer_custom_M_ft96_sl48_ll192_pl512_dm8_nh2_el1_dl512_df1_fctimeF_ebTrue_dtExp_projection_trk4_tsk7_1<<<<<<<<<<<<<<<<<<<<<<<<<<<<<<<<<
test 9196
test shape: (9196, 1, 1344, 21) (9196, 1, 1344, 21)
test shape: (9196, 1344, 21) (9196, 1344, 21)
prediction length: 192, mse:0.20586611330509186, mae:0.2503780722618103
prediction length: 384, mse:0.261982798576355, mae:0.29371461272239685
prediction length: 576, mse:0.3024718761444092, mae:0.31944990158081055
prediction length: 768, mse:0.3357338309288025, mae:0.34087520837783813
prediction length: 960, mse:0.3636336922645569, mae:0.35785311460494995
prediction length: 1152, mse:0.3856101334095001, mae:0.3701896369457245
prediction length: 1344, mse:0.4065720736980438, mae:0.382286936044693
Use GPU: cuda:0
>>>>>>>start training : weather_96_192_iTransformer_custom_M_ft96_sl48_ll192_pl512_dm8_nh2_el1_dl512_df1_fctimeF_ebTrue_dtExp_projection_trk4_tsk7_2>>>>>>>>>>>>>>>>>>>>>>>>>>
train 36024
val 5079
test 10348
Epoch: 1 cost time: 9.165924072265625
Epoch: 1, Steps: 70 | Train Loss: 1.2069083 Vali Loss: 0.5275857
Validation loss decreased (inf --> 0.527586).  Saving model ...
Updating learning rate to 0.0009000000000000001
Epoch: 2 cost time: 9.226721286773682
Epoch: 2, Steps: 70 | Train Loss: 1.1220841 Vali Loss: 0.5136817
Validation loss decreased (0.527586 --> 0.513682).  Saving model ...
Updating learning rate to 0.0008100000000000001
Epoch: 3 cost time: 9.22617793083191
Epoch: 3, Steps: 70 | Train Loss: 1.0961486 Vali Loss: 0.5199978
EarlyStopping counter: 1 out of 3
Updating learning rate to 0.0007290000000000002
Epoch: 4 cost time: 9.239808797836304
Epoch: 4, Steps: 70 | Train Loss: 1.0767793 Vali Loss: 0.5247919
EarlyStopping counter: 2 out of 3
Updating learning rate to 0.0006561000000000001
Epoch: 5 cost time: 9.300603151321411
Epoch: 5, Steps: 70 | Train Loss: 1.0613723 Vali Loss: 0.5186911
EarlyStopping counter: 3 out of 3
Early stopping
>>>>>>>testing : weather_96_192_iTransformer_custom_M_ft96_sl48_ll192_pl512_dm8_nh2_el1_dl512_df1_fctimeF_ebTrue_dtExp_projection_trk4_tsk7_2<<<<<<<<<<<<<<<<<<<<<<<<<<<<<<<<<
test 9196
test shape: (9196, 1, 1344, 21) (9196, 1, 1344, 21)
test shape: (9196, 1344, 21) (9196, 1344, 21)
prediction length: 192, mse:0.20918327569961548, mae:0.25559744238853455
prediction length: 384, mse:0.2632629871368408, mae:0.29615190625190735
prediction length: 576, mse:0.3027506172657013, mae:0.32102057337760925
prediction length: 768, mse:0.33524906635284424, mae:0.34172186255455017
prediction length: 960, mse:0.3625643849372864, mae:0.35822421312332153
prediction length: 1152, mse:0.3842630684375763, mae:0.37013667821884155
prediction length: 1344, mse:0.4047677516937256, mae:0.3818279206752777
Args in experiment:
Namespace(is_training=1, model_id='weather_96_192', model='iTransformer', data='custom', root_path='./dataset/weather/', data_path='weather.csv', features='M', target='OT', freq='h', checkpoints='./checkpoints/', seq_len=96, label_len=48, pred_len=192, training_k=4, test_k=7, beta=0.1, gamma=0.5, enc_in=21, dec_in=21, c_out=21, d_model=512, n_heads=8, e_layers=2, d_layers=1, d_ff=512, moving_avg=25, factor=1, distil=True, dropout=0.1, embed='timeF', activation='gelu', output_attention=False, do_predict=False, num_workers=10, itr=4, train_epochs=30, batch_size=512, patience=3, learning_rate=0.001, des='Exp', loss='MSE', lradj='type1', use_amp=False, use_gpu=True, gpu=0, use_multi_gpu=False, devices='0,1,2,3', exp_name='MTSF', channel_independence=False, inverse=False, class_strategy='projection', target_root_path='./data/electricity/', target_data_path='electricity.csv', efficient_training=False, use_norm=True, partial_start_index=0)
Use GPU: cuda:0
>>>>>>>start training : weather_96_192_iTransformer_custom_M_ft96_sl48_ll192_pl512_dm8_nh2_el1_dl512_df1_fctimeF_ebTrue_dtExp_projection_trk4_tsk7_0>>>>>>>>>>>>>>>>>>>>>>>>>>
train 36024
val 5079
test 10348
Epoch: 1 cost time: 9.279393911361694
Epoch: 1, Steps: 70 | Train Loss: 1.2068710 Vali Loss: 0.5298305
Validation loss decreased (inf --> 0.529831).  Saving model ...
Updating learning rate to 0.0009000000000000001
Epoch: 2 cost time: 9.108453273773193
Epoch: 2, Steps: 70 | Train Loss: 1.1170927 Vali Loss: 0.5159547
Validation loss decreased (0.529831 --> 0.515955).  Saving model ...
Updating learning rate to 0.0008100000000000001
Epoch: 3 cost time: 9.095678806304932
Epoch: 3, Steps: 70 | Train Loss: 1.0932446 Vali Loss: 0.5181322
EarlyStopping counter: 1 out of 3
Updating learning rate to 0.0007290000000000002
Epoch: 4 cost time: 8.966762781143188
Epoch: 4, Steps: 70 | Train Loss: 1.0766454 Vali Loss: 0.5168750
EarlyStopping counter: 2 out of 3
Updating learning rate to 0.0006561000000000001
Epoch: 5 cost time: 8.996743202209473
Epoch: 5, Steps: 70 | Train Loss: 1.0566755 Vali Loss: 0.5159702
EarlyStopping counter: 3 out of 3
Early stopping
>>>>>>>testing : weather_96_192_iTransformer_custom_M_ft96_sl48_ll192_pl512_dm8_nh2_el1_dl512_df1_fctimeF_ebTrue_dtExp_projection_trk4_tsk7_0<<<<<<<<<<<<<<<<<<<<<<<<<<<<<<<<<
test 9196
test shape: (9196, 1, 1344, 21) (9196, 1, 1344, 21)
test shape: (9196, 1344, 21) (9196, 1344, 21)
prediction length: 192, mse:0.20924332737922668, mae:0.25311365723609924
prediction length: 384, mse:0.26519766449928284, mae:0.2957268953323364
prediction length: 576, mse:0.30567264556884766, mae:0.3212333917617798
prediction length: 768, mse:0.338819682598114, mae:0.3425193727016449
prediction length: 960, mse:0.36644822359085083, mae:0.35926201939582825
prediction length: 1152, mse:0.38859841227531433, mae:0.3713884651660919
prediction length: 1344, mse:0.4097568690776825, mae:0.38347798585891724
Use GPU: cuda:0
>>>>>>>start training : weather_96_192_iTransformer_custom_M_ft96_sl48_ll192_pl512_dm8_nh2_el1_dl512_df1_fctimeF_ebTrue_dtExp_projection_trk4_tsk7_1>>>>>>>>>>>>>>>>>>>>>>>>>>
train 36024
val 5079
test 10348
Epoch: 1 cost time: 9.19664478302002
Epoch: 1, Steps: 70 | Train Loss: 1.2072366 Vali Loss: 0.5305960
Validation loss decreased (inf --> 0.530596).  Saving model ...
Updating learning rate to 0.0009000000000000001
Epoch: 2 cost time: 9.2264084815979
Epoch: 2, Steps: 70 | Train Loss: 1.1151502 Vali Loss: 0.5060206
Validation loss decreased (0.530596 --> 0.506021).  Saving model ...
Updating learning rate to 0.0008100000000000001
Epoch: 3 cost time: 9.284442663192749
Epoch: 3, Steps: 70 | Train Loss: 1.0957908 Vali Loss: 0.5148519
EarlyStopping counter: 1 out of 3
Updating learning rate to 0.0007290000000000002
Epoch: 4 cost time: 9.25455093383789
Epoch: 4, Steps: 70 | Train Loss: 1.0813008 Vali Loss: 0.5038233
Validation loss decreased (0.506021 --> 0.503823).  Saving model ...
Updating learning rate to 0.0006561000000000001
Epoch: 5 cost time: 9.333685398101807
Epoch: 5, Steps: 70 | Train Loss: 1.0571298 Vali Loss: 0.5094715
EarlyStopping counter: 1 out of 3
Updating learning rate to 0.00059049
Epoch: 6 cost time: 9.302384614944458
Epoch: 6, Steps: 70 | Train Loss: 1.0410096 Vali Loss: 0.5182349
EarlyStopping counter: 2 out of 3
Updating learning rate to 0.000531441
Epoch: 7 cost time: 9.312856435775757
Epoch: 7, Steps: 70 | Train Loss: 1.0288053 Vali Loss: 0.5190779
EarlyStopping counter: 3 out of 3
Early stopping
>>>>>>>testing : weather_96_192_iTransformer_custom_M_ft96_sl48_ll192_pl512_dm8_nh2_el1_dl512_df1_fctimeF_ebTrue_dtExp_projection_trk4_tsk7_1<<<<<<<<<<<<<<<<<<<<<<<<<<<<<<<<<
test 9196
test shape: (9196, 1, 1344, 21) (9196, 1, 1344, 21)
test shape: (9196, 1344, 21) (9196, 1344, 21)
prediction length: 192, mse:0.20762474834918976, mae:0.2533666491508484
prediction length: 384, mse:0.26315751671791077, mae:0.2958433926105499
prediction length: 576, mse:0.303315669298172, mae:0.32148435711860657
prediction length: 768, mse:0.3368571698665619, mae:0.34287750720977783
prediction length: 960, mse:0.36474964022636414, mae:0.35968396067619324
prediction length: 1152, mse:0.3866121172904968, mae:0.37161314487457275
prediction length: 1344, mse:0.40757477283477783, mae:0.3834552466869354
Use GPU: cuda:0
>>>>>>>start training : weather_96_192_iTransformer_custom_M_ft96_sl48_ll192_pl512_dm8_nh2_el1_dl512_df1_fctimeF_ebTrue_dtExp_projection_trk4_tsk7_2>>>>>>>>>>>>>>>>>>>>>>>>>>
train 36024
val 5079
test 10348
Epoch: 1 cost time: 9.180126428604126
Epoch: 1, Steps: 70 | Train Loss: 1.2048937 Vali Loss: 0.5341671
Validation loss decreased (inf --> 0.534167).  Saving model ...
Updating learning rate to 0.0009000000000000001
Epoch: 2 cost time: 9.24633526802063
Epoch: 2, Steps: 70 | Train Loss: 1.1175110 Vali Loss: 0.5096624
Validation loss decreased (0.534167 --> 0.509662).  Saving model ...
Updating learning rate to 0.0008100000000000001
Epoch: 3 cost time: 9.24096131324768
Epoch: 3, Steps: 70 | Train Loss: 1.0902091 Vali Loss: 0.5075602
Validation loss decreased (0.509662 --> 0.507560).  Saving model ...
Updating learning rate to 0.0007290000000000002
Epoch: 4 cost time: 9.287720203399658
Epoch: 4, Steps: 70 | Train Loss: 1.0762039 Vali Loss: 0.5058584
Validation loss decreased (0.507560 --> 0.505858).  Saving model ...
Updating learning rate to 0.0006561000000000001
Epoch: 5 cost time: 9.342306137084961
Epoch: 5, Steps: 70 | Train Loss: 1.0583075 Vali Loss: 0.5230356
EarlyStopping counter: 1 out of 3
Updating learning rate to 0.00059049
Epoch: 6 cost time: 9.31228518486023
Epoch: 6, Steps: 70 | Train Loss: 1.0397016 Vali Loss: 0.5217267
EarlyStopping counter: 2 out of 3
Updating learning rate to 0.000531441
Epoch: 7 cost time: 9.32518720626831
Epoch: 7, Steps: 70 | Train Loss: 1.0276588 Vali Loss: 0.5155587
EarlyStopping counter: 3 out of 3
Early stopping
>>>>>>>testing : weather_96_192_iTransformer_custom_M_ft96_sl48_ll192_pl512_dm8_nh2_el1_dl512_df1_fctimeF_ebTrue_dtExp_projection_trk4_tsk7_2<<<<<<<<<<<<<<<<<<<<<<<<<<<<<<<<<
test 9196
test shape: (9196, 1, 1344, 21) (9196, 1, 1344, 21)
test shape: (9196, 1344, 21) (9196, 1344, 21)
prediction length: 192, mse:0.2060021013021469, mae:0.251201868057251
prediction length: 384, mse:0.2619866132736206, mae:0.2941726744174957
prediction length: 576, mse:0.3020586669445038, mae:0.31973713636398315
prediction length: 768, mse:0.33537301421165466, mae:0.34121081233024597
prediction length: 960, mse:0.36311882734298706, mae:0.35810229182243347
prediction length: 1152, mse:0.3853570520877838, mae:0.37038561701774597
prediction length: 1344, mse:0.4067940413951874, mae:0.3825712502002716
Use GPU: cuda:0
>>>>>>>start training : weather_96_192_iTransformer_custom_M_ft96_sl48_ll192_pl512_dm8_nh2_el1_dl512_df1_fctimeF_ebTrue_dtExp_projection_trk4_tsk7_3>>>>>>>>>>>>>>>>>>>>>>>>>>
train 36024
val 5079
test 10348
Epoch: 1 cost time: 9.16573691368103
Epoch: 1, Steps: 70 | Train Loss: 1.2059526 Vali Loss: 0.5289481
Validation loss decreased (inf --> 0.528948).  Saving model ...
Updating learning rate to 0.0009000000000000001
Epoch: 2 cost time: 9.25166916847229
Epoch: 2, Steps: 70 | Train Loss: 1.1181204 Vali Loss: 0.5263919
Validation loss decreased (0.528948 --> 0.526392).  Saving model ...
Updating learning rate to 0.0008100000000000001
Epoch: 3 cost time: 9.285394430160522
Epoch: 3, Steps: 70 | Train Loss: 1.0942339 Vali Loss: 0.5217478
Validation loss decreased (0.526392 --> 0.521748).  Saving model ...
Updating learning rate to 0.0007290000000000002
Epoch: 4 cost time: 9.314688444137573
Epoch: 4, Steps: 70 | Train Loss: 1.0760670 Vali Loss: 0.5078131
Validation loss decreased (0.521748 --> 0.507813).  Saving model ...
Updating learning rate to 0.0006561000000000001
Epoch: 5 cost time: 9.304569482803345
Epoch: 5, Steps: 70 | Train Loss: 1.0576369 Vali Loss: 0.5088634
EarlyStopping counter: 1 out of 3
Updating learning rate to 0.00059049
Epoch: 6 cost time: 9.277504920959473
Epoch: 6, Steps: 70 | Train Loss: 1.0411191 Vali Loss: 0.5167615
EarlyStopping counter: 2 out of 3
Updating learning rate to 0.000531441
Epoch: 7 cost time: 9.328779220581055
Epoch: 7, Steps: 70 | Train Loss: 1.0288482 Vali Loss: 0.5089326
EarlyStopping counter: 3 out of 3
Early stopping
>>>>>>>testing : weather_96_192_iTransformer_custom_M_ft96_sl48_ll192_pl512_dm8_nh2_el1_dl512_df1_fctimeF_ebTrue_dtExp_projection_trk4_tsk7_3<<<<<<<<<<<<<<<<<<<<<<<<<<<<<<<<<
test 9196
test shape: (9196, 1, 1344, 21) (9196, 1, 1344, 21)
test shape: (9196, 1344, 21) (9196, 1344, 21)
prediction length: 192, mse:0.2072932869195938, mae:0.25264862179756165
prediction length: 384, mse:0.26296064257621765, mae:0.295512318611145
prediction length: 576, mse:0.30335134267807007, mae:0.32148027420043945
prediction length: 768, mse:0.3374907076358795, mae:0.3435610234737396
prediction length: 960, mse:0.36612391471862793, mae:0.3610093891620636
prediction length: 1152, mse:0.38902747631073, mae:0.3739089071750641
prediction length: 1344, mse:0.4113617539405823, mae:0.38670918345451355
Args in experiment:
Namespace(is_training=1, model_id='weather_96_192', model='iTransformer', data='custom', root_path='./dataset/weather/', data_path='weather.csv', features='M', target='OT', freq='h', checkpoints='./checkpoints/', seq_len=96, label_len=48, pred_len=192, training_k=4, test_k=7, beta=0.1, gamma=0.5, enc_in=21, dec_in=21, c_out=21, d_model=512, n_heads=8, e_layers=2, d_layers=1, d_ff=512, moving_avg=25, factor=1, distil=True, dropout=0.1, embed='timeF', activation='gelu', output_attention=False, do_predict=False, num_workers=10, itr=5, train_epochs=30, batch_size=512, patience=3, learning_rate=0.001, des='Exp', loss='MSE', lradj='type1', use_amp=False, use_gpu=True, gpu=0, use_multi_gpu=False, devices='0,1,2,3', exp_name='MTSF', channel_independence=False, inverse=False, class_strategy='projection', target_root_path='./data/electricity/', target_data_path='electricity.csv', efficient_training=False, use_norm=True, partial_start_index=0)
Use GPU: cuda:0
>>>>>>>start training : weather_96_192_iTransformer_custom_M_ft96_sl48_ll192_pl512_dm8_nh2_el1_dl512_df1_fctimeF_ebTrue_dtExp_projection_trk4_tsk7_0>>>>>>>>>>>>>>>>>>>>>>>>>>
train 36024
val 5079
test 10348
Epoch: 1 cost time: 9.253089904785156
Epoch: 1, Steps: 70 | Train Loss: 1.2097705 Vali Loss: 0.5262566
Validation loss decreased (inf --> 0.526257).  Saving model ...
Updating learning rate to 0.0009000000000000001
Epoch: 2 cost time: 9.103497982025146
Epoch: 2, Steps: 70 | Train Loss: 1.1216753 Vali Loss: 0.5195178
Validation loss decreased (0.526257 --> 0.519518).  Saving model ...
Updating learning rate to 0.0008100000000000001
Epoch: 3 cost time: 9.148192882537842
Epoch: 3, Steps: 70 | Train Loss: 1.0954191 Vali Loss: 0.5053651
Validation loss decreased (0.519518 --> 0.505365).  Saving model ...
Updating learning rate to 0.0007290000000000002
Epoch: 4 cost time: 9.187342405319214
Epoch: 4, Steps: 70 | Train Loss: 1.0810063 Vali Loss: 0.5024945
Validation loss decreased (0.505365 --> 0.502495).  Saving model ...
Updating learning rate to 0.0006561000000000001
Epoch: 5 cost time: 9.181199073791504
Epoch: 5, Steps: 70 | Train Loss: 1.0617356 Vali Loss: 0.5134203
EarlyStopping counter: 1 out of 3
Updating learning rate to 0.00059049
Epoch: 6 cost time: 9.188487529754639
Epoch: 6, Steps: 70 | Train Loss: 1.0454548 Vali Loss: 0.5092455
EarlyStopping counter: 2 out of 3
Updating learning rate to 0.000531441
Epoch: 7 cost time: 9.213815450668335
Epoch: 7, Steps: 70 | Train Loss: 1.0333729 Vali Loss: 0.5069276
EarlyStopping counter: 3 out of 3
Early stopping
>>>>>>>testing : weather_96_192_iTransformer_custom_M_ft96_sl48_ll192_pl512_dm8_nh2_el1_dl512_df1_fctimeF_ebTrue_dtExp_projection_trk4_tsk7_0<<<<<<<<<<<<<<<<<<<<<<<<<<<<<<<<<
test 9196
test shape: (9196, 1, 1344, 21) (9196, 1, 1344, 21)
test shape: (9196, 1344, 21) (9196, 1344, 21)
prediction length: 192, mse:0.20739075541496277, mae:0.2520602345466614
prediction length: 384, mse:0.2632831931114197, mae:0.29474228620529175
prediction length: 576, mse:0.30359378457069397, mae:0.32025742530822754
prediction length: 768, mse:0.33689773082733154, mae:0.34188222885131836
prediction length: 960, mse:0.36474132537841797, mae:0.35886746644973755
prediction length: 1152, mse:0.3869619369506836, mae:0.3711276650428772
prediction length: 1344, mse:0.40840673446655273, mae:0.3834625482559204
Use GPU: cuda:0
>>>>>>>start training : weather_96_192_iTransformer_custom_M_ft96_sl48_ll192_pl512_dm8_nh2_el1_dl512_df1_fctimeF_ebTrue_dtExp_projection_trk4_tsk7_1>>>>>>>>>>>>>>>>>>>>>>>>>>
train 36024
val 5079
test 10348
Epoch: 1 cost time: 9.119685888290405
Epoch: 1, Steps: 70 | Train Loss: 1.2136596 Vali Loss: 0.5332494
Validation loss decreased (inf --> 0.533249).  Saving model ...
Updating learning rate to 0.0009000000000000001
Epoch: 2 cost time: 9.206952095031738
Epoch: 2, Steps: 70 | Train Loss: 1.1199630 Vali Loss: 0.5329825
Validation loss decreased (0.533249 --> 0.532983).  Saving model ...
Updating learning rate to 0.0008100000000000001
Epoch: 3 cost time: 9.226324558258057
Epoch: 3, Steps: 70 | Train Loss: 1.0967781 Vali Loss: 0.5138302
Validation loss decreased (0.532983 --> 0.513830).  Saving model ...
Updating learning rate to 0.0007290000000000002
Epoch: 4 cost time: 9.253156661987305
Epoch: 4, Steps: 70 | Train Loss: 1.0842406 Vali Loss: 0.5089807
Validation loss decreased (0.513830 --> 0.508981).  Saving model ...
Updating learning rate to 0.0006561000000000001
Epoch: 5 cost time: 9.319741010665894
Epoch: 5, Steps: 70 | Train Loss: 1.0610682 Vali Loss: 0.5082273
Validation loss decreased (0.508981 --> 0.508227).  Saving model ...
Updating learning rate to 0.00059049
Epoch: 6 cost time: 9.342839479446411
Epoch: 6, Steps: 70 | Train Loss: 1.0464418 Vali Loss: 0.5127394
EarlyStopping counter: 1 out of 3
Updating learning rate to 0.000531441
Epoch: 7 cost time: 9.301249265670776
Epoch: 7, Steps: 70 | Train Loss: 1.0300311 Vali Loss: 0.5076812
Validation loss decreased (0.508227 --> 0.507681).  Saving model ...
Updating learning rate to 0.0004782969000000001
Epoch: 8 cost time: 9.385257720947266
Epoch: 8, Steps: 70 | Train Loss: 1.0159561 Vali Loss: 0.5088031
EarlyStopping counter: 1 out of 3
Updating learning rate to 0.0004304672100000001
Epoch: 9 cost time: 9.319159746170044
Epoch: 9, Steps: 70 | Train Loss: 1.0028583 Vali Loss: 0.5189803
EarlyStopping counter: 2 out of 3
Updating learning rate to 0.0003874204890000001
Epoch: 10 cost time: 9.336915731430054
Epoch: 10, Steps: 70 | Train Loss: 0.9902217 Vali Loss: 0.5275540
EarlyStopping counter: 3 out of 3
Early stopping
>>>>>>>testing : weather_96_192_iTransformer_custom_M_ft96_sl48_ll192_pl512_dm8_nh2_el1_dl512_df1_fctimeF_ebTrue_dtExp_projection_trk4_tsk7_1<<<<<<<<<<<<<<<<<<<<<<<<<<<<<<<<<
test 9196
test shape: (9196, 1, 1344, 21) (9196, 1, 1344, 21)
test shape: (9196, 1344, 21) (9196, 1344, 21)
prediction length: 192, mse:0.20640292763710022, mae:0.2517750561237335
prediction length: 384, mse:0.2632470428943634, mae:0.2956709563732147
prediction length: 576, mse:0.3039264380931854, mae:0.321353942155838
prediction length: 768, mse:0.3376622796058655, mae:0.3426797091960907
prediction length: 960, mse:0.3651493191719055, mae:0.35915860533714294
prediction length: 1152, mse:0.38650813698768616, mae:0.3708716630935669
prediction length: 1344, mse:0.40759366750717163, mae:0.38274794816970825
Use GPU: cuda:0
>>>>>>>start training : weather_96_192_iTransformer_custom_M_ft96_sl48_ll192_pl512_dm8_nh2_el1_dl512_df1_fctimeF_ebTrue_dtExp_projection_trk4_tsk7_2>>>>>>>>>>>>>>>>>>>>>>>>>>
train 36024
val 5079
test 10348
Epoch: 1 cost time: 9.165887355804443
Epoch: 1, Steps: 70 | Train Loss: 1.2034949 Vali Loss: 0.5337933
Validation loss decreased (inf --> 0.533793).  Saving model ...
Updating learning rate to 0.0009000000000000001
Epoch: 2 cost time: 9.178558349609375
Epoch: 2, Steps: 70 | Train Loss: 1.1189209 Vali Loss: 0.5127041
Validation loss decreased (0.533793 --> 0.512704).  Saving model ...
Updating learning rate to 0.0008100000000000001
Epoch: 3 cost time: 9.246954679489136
Epoch: 3, Steps: 70 | Train Loss: 1.0929498 Vali Loss: 0.5065354
Validation loss decreased (0.512704 --> 0.506535).  Saving model ...
Updating learning rate to 0.0007290000000000002
Epoch: 4 cost time: 9.223811149597168
Epoch: 4, Steps: 70 | Train Loss: 1.0777888 Vali Loss: 0.5216355
EarlyStopping counter: 1 out of 3
Updating learning rate to 0.0006561000000000001
Epoch: 5 cost time: 9.29696011543274
Epoch: 5, Steps: 70 | Train Loss: 1.0544859 Vali Loss: 0.5109631
EarlyStopping counter: 2 out of 3
Updating learning rate to 0.00059049
Epoch: 6 cost time: 9.323282718658447
Epoch: 6, Steps: 70 | Train Loss: 1.0355888 Vali Loss: 0.5189483
EarlyStopping counter: 3 out of 3
Early stopping
>>>>>>>testing : weather_96_192_iTransformer_custom_M_ft96_sl48_ll192_pl512_dm8_nh2_el1_dl512_df1_fctimeF_ebTrue_dtExp_projection_trk4_tsk7_2<<<<<<<<<<<<<<<<<<<<<<<<<<<<<<<<<
test 9196
test shape: (9196, 1, 1344, 21) (9196, 1, 1344, 21)
test shape: (9196, 1344, 21) (9196, 1344, 21)
prediction length: 192, mse:0.20915092527866364, mae:0.2538967430591583
prediction length: 384, mse:0.2651280462741852, mae:0.29665136337280273
prediction length: 576, mse:0.30489489436149597, mae:0.3218410909175873
prediction length: 768, mse:0.33785951137542725, mae:0.34295976161956787
prediction length: 960, mse:0.36570316553115845, mae:0.35984331369400024
prediction length: 1152, mse:0.38785818219184875, mae:0.3720807731151581
prediction length: 1344, mse:0.4089784026145935, mae:0.3841499984264374
Use GPU: cuda:0
>>>>>>>start training : weather_96_192_iTransformer_custom_M_ft96_sl48_ll192_pl512_dm8_nh2_el1_dl512_df1_fctimeF_ebTrue_dtExp_projection_trk4_tsk7_3>>>>>>>>>>>>>>>>>>>>>>>>>>
train 36024
val 5079
test 10348
Epoch: 1 cost time: 9.140491247177124
Epoch: 1, Steps: 70 | Train Loss: 1.2118526 Vali Loss: 0.5204698
Validation loss decreased (inf --> 0.520470).  Saving model ...
Updating learning rate to 0.0009000000000000001
Epoch: 2 cost time: 9.437015056610107
Epoch: 2, Steps: 70 | Train Loss: 1.1180697 Vali Loss: 0.5184612
Validation loss decreased (0.520470 --> 0.518461).  Saving model ...
Updating learning rate to 0.0008100000000000001
Epoch: 3 cost time: 9.243632555007935
Epoch: 3, Steps: 70 | Train Loss: 1.0995504 Vali Loss: 0.5067345
Validation loss decreased (0.518461 --> 0.506734).  Saving model ...
Updating learning rate to 0.0007290000000000002
Epoch: 4 cost time: 9.280582189559937
Epoch: 4, Steps: 70 | Train Loss: 1.0781263 Vali Loss: 0.5133280
EarlyStopping counter: 1 out of 3
Updating learning rate to 0.0006561000000000001
Epoch: 5 cost time: 9.277814149856567
Epoch: 5, Steps: 70 | Train Loss: 1.0600249 Vali Loss: 0.5028618
Validation loss decreased (0.506734 --> 0.502862).  Saving model ...
Updating learning rate to 0.00059049
Epoch: 6 cost time: 9.353060483932495
Epoch: 6, Steps: 70 | Train Loss: 1.0422157 Vali Loss: 0.5092933
EarlyStopping counter: 1 out of 3
Updating learning rate to 0.000531441
Epoch: 7 cost time: 9.314297914505005
Epoch: 7, Steps: 70 | Train Loss: 1.0310296 Vali Loss: 0.5178834
EarlyStopping counter: 2 out of 3
Updating learning rate to 0.0004782969000000001
Epoch: 8 cost time: 9.316531896591187
Epoch: 8, Steps: 70 | Train Loss: 1.0169759 Vali Loss: 0.5215302
EarlyStopping counter: 3 out of 3
Early stopping
>>>>>>>testing : weather_96_192_iTransformer_custom_M_ft96_sl48_ll192_pl512_dm8_nh2_el1_dl512_df1_fctimeF_ebTrue_dtExp_projection_trk4_tsk7_3<<<<<<<<<<<<<<<<<<<<<<<<<<<<<<<<<
test 9196
test shape: (9196, 1, 1344, 21) (9196, 1, 1344, 21)
test shape: (9196, 1344, 21) (9196, 1344, 21)
prediction length: 192, mse:0.20722948014736176, mae:0.25298869609832764
prediction length: 384, mse:0.26283660531044006, mae:0.2952890396118164
prediction length: 576, mse:0.3024583160877228, mae:0.32041120529174805
prediction length: 768, mse:0.3353103995323181, mae:0.3415417969226837
prediction length: 960, mse:0.36274483799934387, mae:0.3581697344779968
prediction length: 1152, mse:0.38430479168891907, mae:0.3701094388961792
prediction length: 1344, mse:0.4050045907497406, mae:0.3818415403366089
Use GPU: cuda:0
>>>>>>>start training : weather_96_192_iTransformer_custom_M_ft96_sl48_ll192_pl512_dm8_nh2_el1_dl512_df1_fctimeF_ebTrue_dtExp_projection_trk4_tsk7_4>>>>>>>>>>>>>>>>>>>>>>>>>>
train 36024
val 5079
test 10348
Epoch: 1 cost time: 9.23009705543518
Epoch: 1, Steps: 70 | Train Loss: 1.2111620 Vali Loss: 0.5289855
Validation loss decreased (inf --> 0.528986).  Saving model ...
Updating learning rate to 0.0009000000000000001
Epoch: 2 cost time: 9.252216339111328
Epoch: 2, Steps: 70 | Train Loss: 1.1226186 Vali Loss: 0.5175447
Validation loss decreased (0.528986 --> 0.517545).  Saving model ...
Updating learning rate to 0.0008100000000000001
Epoch: 3 cost time: 9.27518105506897
Epoch: 3, Steps: 70 | Train Loss: 1.0981451 Vali Loss: 0.5232486
EarlyStopping counter: 1 out of 3
Updating learning rate to 0.0007290000000000002
Epoch: 4 cost time: 9.242133378982544
Epoch: 4, Steps: 70 | Train Loss: 1.0774831 Vali Loss: 0.5138318
Validation loss decreased (0.517545 --> 0.513832).  Saving model ...
Updating learning rate to 0.0006561000000000001
Epoch: 5 cost time: 9.317324161529541
Epoch: 5, Steps: 70 | Train Loss: 1.0703668 Vali Loss: 0.5226437
EarlyStopping counter: 1 out of 3
Updating learning rate to 0.00059049
Epoch: 6 cost time: 9.306706428527832
Epoch: 6, Steps: 70 | Train Loss: 1.0474084 Vali Loss: 0.5115525
Validation loss decreased (0.513832 --> 0.511553).  Saving model ...
Updating learning rate to 0.000531441
Epoch: 7 cost time: 9.378153085708618
Epoch: 7, Steps: 70 | Train Loss: 1.0313571 Vali Loss: 0.5222483
EarlyStopping counter: 1 out of 3
Updating learning rate to 0.0004782969000000001
Epoch: 8 cost time: 9.344305753707886
Epoch: 8, Steps: 70 | Train Loss: 1.0162067 Vali Loss: 0.5210987
EarlyStopping counter: 2 out of 3
Updating learning rate to 0.0004304672100000001
Epoch: 9 cost time: 9.348404169082642
Epoch: 9, Steps: 70 | Train Loss: 1.0040078 Vali Loss: 0.5288642
EarlyStopping counter: 3 out of 3
Early stopping
>>>>>>>testing : weather_96_192_iTransformer_custom_M_ft96_sl48_ll192_pl512_dm8_nh2_el1_dl512_df1_fctimeF_ebTrue_dtExp_projection_trk4_tsk7_4<<<<<<<<<<<<<<<<<<<<<<<<<<<<<<<<<
test 9196
test shape: (9196, 1, 1344, 21) (9196, 1, 1344, 21)
test shape: (9196, 1344, 21) (9196, 1344, 21)
prediction length: 192, mse:0.20476390421390533, mae:0.2500893771648407
prediction length: 384, mse:0.2612106502056122, mae:0.29410451650619507
prediction length: 576, mse:0.30160683393478394, mae:0.3199417293071747
prediction length: 768, mse:0.3354139029979706, mae:0.3415348529815674
prediction length: 960, mse:0.36322641372680664, mae:0.3584233522415161
prediction length: 1152, mse:0.3848592936992645, mae:0.3704814016819
prediction length: 1344, mse:0.4056565463542938, mae:0.3823634386062622
Args in experiment:
Namespace(is_training=1, model_id='weather_96_192', model='iInformer', data='custom', root_path='./dataset/weather/', data_path='weather.csv', features='M', target='OT', freq='h', checkpoints='./checkpoints/', seq_len=96, label_len=48, pred_len=192, training_k=4, test_k=7, beta=0.1, gamma=0.5, enc_in=21, dec_in=21, c_out=21, d_model=512, n_heads=8, e_layers=2, d_layers=1, d_ff=2048, moving_avg=25, factor=1, distil=True, dropout=0.1, embed='timeF', activation='gelu', output_attention=False, do_predict=False, num_workers=10, itr=1, train_epochs=30, batch_size=512, patience=3, learning_rate=0.001, des='Exp', loss='MSE', lradj='type1', use_amp=False, use_gpu=True, gpu=0, use_multi_gpu=False, devices='0,1,2,3', exp_name='MTSF', channel_independence=False, inverse=False, class_strategy='projection', target_root_path='./data/electricity/', target_data_path='electricity.csv', efficient_training=False, use_norm=True, partial_start_index=0)
Use GPU: cuda:0
>>>>>>>start training : weather_96_192_iInformer_custom_M_ft96_sl48_ll192_pl512_dm8_nh2_el1_dl2048_df1_fctimeF_ebTrue_dtExp_projection_trk4_tsk7_0>>>>>>>>>>>>>>>>>>>>>>>>>>
train 36024
val 5079
test 10348
Epoch: 1 cost time: 14.096988916397095
Epoch: 1, Steps: 70 | Train Loss: 1.1534653 Vali Loss: 0.4982728
Validation loss decreased (inf --> 0.498273).  Saving model ...
Updating learning rate to 0.0009000000000000001
Epoch: 2 cost time: 13.707340002059937
Epoch: 2, Steps: 70 | Train Loss: 1.0711510 Vali Loss: 0.4928991
Validation loss decreased (0.498273 --> 0.492899).  Saving model ...
Updating learning rate to 0.0008100000000000001
Epoch: 3 cost time: 13.955162048339844
Epoch: 3, Steps: 70 | Train Loss: 1.0405415 Vali Loss: 0.4869259
Validation loss decreased (0.492899 --> 0.486926).  Saving model ...
Updating learning rate to 0.0007290000000000002
Epoch: 4 cost time: 13.9401376247406
Epoch: 4, Steps: 70 | Train Loss: 1.0198876 Vali Loss: 0.4824239
Validation loss decreased (0.486926 --> 0.482424).  Saving model ...
Updating learning rate to 0.0006561000000000001
Epoch: 5 cost time: 14.04560661315918
Epoch: 5, Steps: 70 | Train Loss: 0.9983495 Vali Loss: 0.4729059
Validation loss decreased (0.482424 --> 0.472906).  Saving model ...
Updating learning rate to 0.00059049
Epoch: 6 cost time: 14.083853006362915
Epoch: 6, Steps: 70 | Train Loss: 0.9796471 Vali Loss: 0.4726519
Validation loss decreased (0.472906 --> 0.472652).  Saving model ...
Updating learning rate to 0.000531441
Epoch: 7 cost time: 13.990964889526367
Epoch: 7, Steps: 70 | Train Loss: 0.9620984 Vali Loss: 0.4865502
EarlyStopping counter: 1 out of 3
Updating learning rate to 0.0004782969000000001
Epoch: 8 cost time: 14.029993534088135
Epoch: 8, Steps: 70 | Train Loss: 0.9478822 Vali Loss: 0.4806763
EarlyStopping counter: 2 out of 3
Updating learning rate to 0.0004304672100000001
Epoch: 9 cost time: 13.967427492141724
Epoch: 9, Steps: 70 | Train Loss: 0.9315302 Vali Loss: 0.5025349
EarlyStopping counter: 3 out of 3
Early stopping
>>>>>>>testing : weather_96_192_iInformer_custom_M_ft96_sl48_ll192_pl512_dm8_nh2_el1_dl2048_df1_fctimeF_ebTrue_dtExp_projection_trk4_tsk7_0<<<<<<<<<<<<<<<<<<<<<<<<<<<<<<<<<
test 9196
test shape: (9196, 1, 1344, 21) (9196, 1, 1344, 21)
test shape: (9196, 1344, 21) (9196, 1344, 21)
prediction length: 192, mse:0.1934639811515808, mae:0.24476303160190582
prediction length: 384, mse:0.25117671489715576, mae:0.2892000377178192
prediction length: 576, mse:0.29219770431518555, mae:0.3158344328403473
prediction length: 768, mse:0.3244052529335022, mae:0.336282879114151
prediction length: 960, mse:0.3504389524459839, mae:0.3519253134727478
prediction length: 1152, mse:0.37119197845458984, mae:0.36321771144866943
prediction length: 1344, mse:0.3909451365470886, mae:0.37438735365867615
Args in experiment:
Namespace(is_training=1, model_id='weather_96_192', model='iInformer', data='custom', root_path='./dataset/weather/', data_path='weather.csv', features='M', target='OT', freq='h', checkpoints='./checkpoints/', seq_len=96, label_len=48, pred_len=192, training_k=4, test_k=7, beta=0.1, gamma=0.5, enc_in=21, dec_in=21, c_out=21, d_model=512, n_heads=8, e_layers=2, d_layers=1, d_ff=2048, moving_avg=25, factor=1, distil=True, dropout=0.1, embed='timeF', activation='gelu', output_attention=False, do_predict=False, num_workers=10, itr=2, train_epochs=30, batch_size=512, patience=3, learning_rate=0.001, des='Exp', loss='MSE', lradj='type1', use_amp=False, use_gpu=True, gpu=0, use_multi_gpu=False, devices='0,1,2,3', exp_name='MTSF', channel_independence=False, inverse=False, class_strategy='projection', target_root_path='./data/electricity/', target_data_path='electricity.csv', efficient_training=False, use_norm=True, partial_start_index=0)
Use GPU: cuda:0
>>>>>>>start training : weather_96_192_iInformer_custom_M_ft96_sl48_ll192_pl512_dm8_nh2_el1_dl2048_df1_fctimeF_ebTrue_dtExp_projection_trk4_tsk7_0>>>>>>>>>>>>>>>>>>>>>>>>>>
train 36024
val 5079
test 10348
Epoch: 1 cost time: 14.109064102172852
Epoch: 1, Steps: 70 | Train Loss: 1.1491089 Vali Loss: 0.4966931
Validation loss decreased (inf --> 0.496693).  Saving model ...
Updating learning rate to 0.0009000000000000001
Epoch: 2 cost time: 13.751646041870117
Epoch: 2, Steps: 70 | Train Loss: 1.0663521 Vali Loss: 0.4816442
Validation loss decreased (0.496693 --> 0.481644).  Saving model ...
Updating learning rate to 0.0008100000000000001
Epoch: 3 cost time: 13.835936069488525
Epoch: 3, Steps: 70 | Train Loss: 1.0411851 Vali Loss: 0.4852247
EarlyStopping counter: 1 out of 3
Updating learning rate to 0.0007290000000000002
Epoch: 4 cost time: 13.870508432388306
Epoch: 4, Steps: 70 | Train Loss: 1.0198485 Vali Loss: 0.4725193
Validation loss decreased (0.481644 --> 0.472519).  Saving model ...
Updating learning rate to 0.0006561000000000001
Epoch: 5 cost time: 14.032402992248535
Epoch: 5, Steps: 70 | Train Loss: 0.9986272 Vali Loss: 0.4744949
EarlyStopping counter: 1 out of 3
Updating learning rate to 0.00059049
Epoch: 6 cost time: 13.983792781829834
Epoch: 6, Steps: 70 | Train Loss: 0.9787830 Vali Loss: 0.4724043
Validation loss decreased (0.472519 --> 0.472404).  Saving model ...
Updating learning rate to 0.000531441
Epoch: 7 cost time: 14.021527767181396
Epoch: 7, Steps: 70 | Train Loss: 0.9637800 Vali Loss: 0.4772846
EarlyStopping counter: 1 out of 3
Updating learning rate to 0.0004782969000000001
Epoch: 8 cost time: 14.054805517196655
Epoch: 8, Steps: 70 | Train Loss: 0.9495455 Vali Loss: 0.4880720
EarlyStopping counter: 2 out of 3
Updating learning rate to 0.0004304672100000001
Epoch: 9 cost time: 14.067989587783813
Epoch: 9, Steps: 70 | Train Loss: 0.9362994 Vali Loss: 0.4860093
EarlyStopping counter: 3 out of 3
Early stopping
>>>>>>>testing : weather_96_192_iInformer_custom_M_ft96_sl48_ll192_pl512_dm8_nh2_el1_dl2048_df1_fctimeF_ebTrue_dtExp_projection_trk4_tsk7_0<<<<<<<<<<<<<<<<<<<<<<<<<<<<<<<<<
test 9196
test shape: (9196, 1, 1344, 21) (9196, 1, 1344, 21)
test shape: (9196, 1344, 21) (9196, 1344, 21)
prediction length: 192, mse:0.19030113518238068, mae:0.24240727722644806
prediction length: 384, mse:0.24722832441329956, mae:0.28664276003837585
prediction length: 576, mse:0.2877443730831146, mae:0.3125958740711212
prediction length: 768, mse:0.3200235664844513, mae:0.33286717534065247
prediction length: 960, mse:0.34611982107162476, mae:0.3484766483306885
prediction length: 1152, mse:0.3668521046638489, mae:0.35982373356819153
prediction length: 1344, mse:0.38639816641807556, mae:0.37089207768440247
Use GPU: cuda:0
>>>>>>>start training : weather_96_192_iInformer_custom_M_ft96_sl48_ll192_pl512_dm8_nh2_el1_dl2048_df1_fctimeF_ebTrue_dtExp_projection_trk4_tsk7_1>>>>>>>>>>>>>>>>>>>>>>>>>>
train 36024
val 5079
test 10348
Epoch: 1 cost time: 13.757396459579468
Epoch: 1, Steps: 70 | Train Loss: 1.1501838 Vali Loss: 0.5035732
Validation loss decreased (inf --> 0.503573).  Saving model ...
Updating learning rate to 0.0009000000000000001
Epoch: 2 cost time: 13.933649778366089
Epoch: 2, Steps: 70 | Train Loss: 1.0689534 Vali Loss: 0.4834442
Validation loss decreased (0.503573 --> 0.483444).  Saving model ...
Updating learning rate to 0.0008100000000000001
Epoch: 3 cost time: 13.98822832107544
Epoch: 3, Steps: 70 | Train Loss: 1.0415163 Vali Loss: 0.4770495
Validation loss decreased (0.483444 --> 0.477049).  Saving model ...
Updating learning rate to 0.0007290000000000002
Epoch: 4 cost time: 14.004535913467407
Epoch: 4, Steps: 70 | Train Loss: 1.0183194 Vali Loss: 0.4819242
EarlyStopping counter: 1 out of 3
Updating learning rate to 0.0006561000000000001
Epoch: 5 cost time: 14.000118255615234
Epoch: 5, Steps: 70 | Train Loss: 0.9990409 Vali Loss: 0.4683127
Validation loss decreased (0.477049 --> 0.468313).  Saving model ...
Updating learning rate to 0.00059049
Epoch: 6 cost time: 14.088056325912476
Epoch: 6, Steps: 70 | Train Loss: 0.9781648 Vali Loss: 0.4765962
EarlyStopping counter: 1 out of 3
Updating learning rate to 0.000531441
Epoch: 7 cost time: 14.062129735946655
Epoch: 7, Steps: 70 | Train Loss: 0.9615019 Vali Loss: 0.4743293
EarlyStopping counter: 2 out of 3
Updating learning rate to 0.0004782969000000001
Epoch: 8 cost time: 14.078249454498291
Epoch: 8, Steps: 70 | Train Loss: 0.9475830 Vali Loss: 0.4801068
EarlyStopping counter: 3 out of 3
Early stopping
>>>>>>>testing : weather_96_192_iInformer_custom_M_ft96_sl48_ll192_pl512_dm8_nh2_el1_dl2048_df1_fctimeF_ebTrue_dtExp_projection_trk4_tsk7_1<<<<<<<<<<<<<<<<<<<<<<<<<<<<<<<<<
test 9196
test shape: (9196, 1, 1344, 21) (9196, 1, 1344, 21)
test shape: (9196, 1344, 21) (9196, 1344, 21)
prediction length: 192, mse:0.19473882019519806, mae:0.2462417632341385
prediction length: 384, mse:0.25198107957839966, mae:0.2900771498680115
prediction length: 576, mse:0.2931312322616577, mae:0.3164537847042084
prediction length: 768, mse:0.32601794600486755, mae:0.3371313512325287
prediction length: 960, mse:0.35246238112449646, mae:0.3527676463127136
prediction length: 1152, mse:0.3731539845466614, mae:0.3639235496520996
prediction length: 1344, mse:0.39278507232666016, mae:0.37493985891342163
Args in experiment:
Namespace(is_training=1, model_id='weather_96_192', model='iInformer', data='custom', root_path='./dataset/weather/', data_path='weather.csv', features='M', target='OT', freq='h', checkpoints='./checkpoints/', seq_len=96, label_len=48, pred_len=192, training_k=4, test_k=7, beta=0.1, gamma=0.5, enc_in=21, dec_in=21, c_out=21, d_model=512, n_heads=8, e_layers=2, d_layers=1, d_ff=2048, moving_avg=25, factor=1, distil=True, dropout=0.1, embed='timeF', activation='gelu', output_attention=False, do_predict=False, num_workers=10, itr=3, train_epochs=30, batch_size=512, patience=3, learning_rate=0.001, des='Exp', loss='MSE', lradj='type1', use_amp=False, use_gpu=True, gpu=0, use_multi_gpu=False, devices='0,1,2,3', exp_name='MTSF', channel_independence=False, inverse=False, class_strategy='projection', target_root_path='./data/electricity/', target_data_path='electricity.csv', efficient_training=False, use_norm=True, partial_start_index=0)
Use GPU: cuda:0
>>>>>>>start training : weather_96_192_iInformer_custom_M_ft96_sl48_ll192_pl512_dm8_nh2_el1_dl2048_df1_fctimeF_ebTrue_dtExp_projection_trk4_tsk7_0>>>>>>>>>>>>>>>>>>>>>>>>>>
train 36024
val 5079
test 10348
Epoch: 1 cost time: 13.958766222000122
Epoch: 1, Steps: 70 | Train Loss: 1.1536935 Vali Loss: 0.5034187
Validation loss decreased (inf --> 0.503419).  Saving model ...
Updating learning rate to 0.0009000000000000001
Epoch: 2 cost time: 13.595050811767578
Epoch: 2, Steps: 70 | Train Loss: 1.0672538 Vali Loss: 0.4854321
Validation loss decreased (0.503419 --> 0.485432).  Saving model ...
Updating learning rate to 0.0008100000000000001
Epoch: 3 cost time: 13.726332664489746
Epoch: 3, Steps: 70 | Train Loss: 1.0370443 Vali Loss: 0.4840536
Validation loss decreased (0.485432 --> 0.484054).  Saving model ...
Updating learning rate to 0.0007290000000000002
Epoch: 4 cost time: 13.71668791770935
Epoch: 4, Steps: 70 | Train Loss: 1.0138583 Vali Loss: 0.4746855
Validation loss decreased (0.484054 --> 0.474686).  Saving model ...
Updating learning rate to 0.0006561000000000001
Epoch: 5 cost time: 13.66688084602356
Epoch: 5, Steps: 70 | Train Loss: 0.9944089 Vali Loss: 0.4736505
Validation loss decreased (0.474686 --> 0.473650).  Saving model ...
Updating learning rate to 0.00059049
Epoch: 6 cost time: 13.77463173866272
Epoch: 6, Steps: 70 | Train Loss: 0.9758745 Vali Loss: 0.4783444
EarlyStopping counter: 1 out of 3
Updating learning rate to 0.000531441
Epoch: 7 cost time: 13.82291555404663
Epoch: 7, Steps: 70 | Train Loss: 0.9572088 Vali Loss: 0.4757518
EarlyStopping counter: 2 out of 3
Updating learning rate to 0.0004782969000000001
Epoch: 8 cost time: 13.75379204750061
Epoch: 8, Steps: 70 | Train Loss: 0.9436254 Vali Loss: 0.4787968
EarlyStopping counter: 3 out of 3
Early stopping
>>>>>>>testing : weather_96_192_iInformer_custom_M_ft96_sl48_ll192_pl512_dm8_nh2_el1_dl2048_df1_fctimeF_ebTrue_dtExp_projection_trk4_tsk7_0<<<<<<<<<<<<<<<<<<<<<<<<<<<<<<<<<
test 9196
test shape: (9196, 1, 1344, 21) (9196, 1, 1344, 21)
test shape: (9196, 1344, 21) (9196, 1344, 21)
prediction length: 192, mse:0.19475990533828735, mae:0.2454874962568283
prediction length: 384, mse:0.2528897225856781, mae:0.29004377126693726
prediction length: 576, mse:0.2941874861717224, mae:0.31649118661880493
prediction length: 768, mse:0.3267011046409607, mae:0.3370412588119507
prediction length: 960, mse:0.35298410058021545, mae:0.35269737243652344
prediction length: 1152, mse:0.37374788522720337, mae:0.3639658987522125
prediction length: 1344, mse:0.3931829333305359, mae:0.3750614821910858
Use GPU: cuda:0
>>>>>>>start training : weather_96_192_iInformer_custom_M_ft96_sl48_ll192_pl512_dm8_nh2_el1_dl2048_df1_fctimeF_ebTrue_dtExp_projection_trk4_tsk7_1>>>>>>>>>>>>>>>>>>>>>>>>>>
train 36024
val 5079
test 10348
Epoch: 1 cost time: 13.730933666229248
Epoch: 1, Steps: 70 | Train Loss: 1.1518461 Vali Loss: 0.5045598
Validation loss decreased (inf --> 0.504560).  Saving model ...
Updating learning rate to 0.0009000000000000001
Epoch: 2 cost time: 13.865129232406616
Epoch: 2, Steps: 70 | Train Loss: 1.0651147 Vali Loss: 0.4921543
Validation loss decreased (0.504560 --> 0.492154).  Saving model ...
Updating learning rate to 0.0008100000000000001
Epoch: 3 cost time: 13.936196327209473
Epoch: 3, Steps: 70 | Train Loss: 1.0383902 Vali Loss: 0.4836124
Validation loss decreased (0.492154 --> 0.483612).  Saving model ...
Updating learning rate to 0.0007290000000000002
Epoch: 4 cost time: 13.98175573348999
Epoch: 4, Steps: 70 | Train Loss: 1.0174629 Vali Loss: 0.4818051
Validation loss decreased (0.483612 --> 0.481805).  Saving model ...
Updating learning rate to 0.0006561000000000001
Epoch: 5 cost time: 14.048314094543457
Epoch: 5, Steps: 70 | Train Loss: 0.9981163 Vali Loss: 0.4803003
Validation loss decreased (0.481805 --> 0.480300).  Saving model ...
Updating learning rate to 0.00059049
Epoch: 6 cost time: 14.041975021362305
Epoch: 6, Steps: 70 | Train Loss: 0.9774783 Vali Loss: 0.4758394
Validation loss decreased (0.480300 --> 0.475839).  Saving model ...
Updating learning rate to 0.000531441
Epoch: 7 cost time: 14.045047760009766
Epoch: 7, Steps: 70 | Train Loss: 0.9622110 Vali Loss: 0.4803852
EarlyStopping counter: 1 out of 3
Updating learning rate to 0.0004782969000000001
Epoch: 8 cost time: 13.995520114898682
Epoch: 8, Steps: 70 | Train Loss: 0.9431293 Vali Loss: 0.4937001
EarlyStopping counter: 2 out of 3
Updating learning rate to 0.0004304672100000001
Epoch: 9 cost time: 14.072912693023682
Epoch: 9, Steps: 70 | Train Loss: 0.9321123 Vali Loss: 0.4982114
EarlyStopping counter: 3 out of 3
Early stopping
>>>>>>>testing : weather_96_192_iInformer_custom_M_ft96_sl48_ll192_pl512_dm8_nh2_el1_dl2048_df1_fctimeF_ebTrue_dtExp_projection_trk4_tsk7_1<<<<<<<<<<<<<<<<<<<<<<<<<<<<<<<<<
test 9196
test shape: (9196, 1, 1344, 21) (9196, 1, 1344, 21)
test shape: (9196, 1344, 21) (9196, 1344, 21)
prediction length: 192, mse:0.1934398114681244, mae:0.24426540732383728
prediction length: 384, mse:0.25145676732063293, mae:0.2890501618385315
prediction length: 576, mse:0.2928123474121094, mae:0.31585851311683655
prediction length: 768, mse:0.3252493441104889, mae:0.33685848116874695
prediction length: 960, mse:0.35235437750816345, mae:0.35326117277145386
prediction length: 1152, mse:0.37395578622817993, mae:0.36535555124282837
prediction length: 1344, mse:0.3946770429611206, mae:0.37731504440307617
Use GPU: cuda:0
>>>>>>>start training : weather_96_192_iInformer_custom_M_ft96_sl48_ll192_pl512_dm8_nh2_el1_dl2048_df1_fctimeF_ebTrue_dtExp_projection_trk4_tsk7_2>>>>>>>>>>>>>>>>>>>>>>>>>>
train 36024
val 5079
test 10348
Epoch: 1 cost time: 13.755136966705322
Epoch: 1, Steps: 70 | Train Loss: 1.1468927 Vali Loss: 0.4974228
Validation loss decreased (inf --> 0.497423).  Saving model ...
Updating learning rate to 0.0009000000000000001
Epoch: 2 cost time: 13.977459907531738
Epoch: 2, Steps: 70 | Train Loss: 1.0641649 Vali Loss: 0.4908853
Validation loss decreased (0.497423 --> 0.490885).  Saving model ...
Updating learning rate to 0.0008100000000000001
Epoch: 3 cost time: 13.90706467628479
Epoch: 3, Steps: 70 | Train Loss: 1.0401883 Vali Loss: 0.4810020
Validation loss decreased (0.490885 --> 0.481002).  Saving model ...
Updating learning rate to 0.0007290000000000002
Epoch: 4 cost time: 14.037515640258789
Epoch: 4, Steps: 70 | Train Loss: 1.0230004 Vali Loss: 0.4791659
Validation loss decreased (0.481002 --> 0.479166).  Saving model ...
Updating learning rate to 0.0006561000000000001
Epoch: 5 cost time: 14.092073202133179
Epoch: 5, Steps: 70 | Train Loss: 0.9992824 Vali Loss: 0.4765089
Validation loss decreased (0.479166 --> 0.476509).  Saving model ...
Updating learning rate to 0.00059049
Epoch: 6 cost time: 14.092788457870483
Epoch: 6, Steps: 70 | Train Loss: 0.9831790 Vali Loss: 0.4740438
Validation loss decreased (0.476509 --> 0.474044).  Saving model ...
Updating learning rate to 0.000531441
Epoch: 7 cost time: 14.068032503128052
Epoch: 7, Steps: 70 | Train Loss: 0.9651793 Vali Loss: 0.4792560
EarlyStopping counter: 1 out of 3
Updating learning rate to 0.0004782969000000001
Epoch: 8 cost time: 14.136293888092041
Epoch: 8, Steps: 70 | Train Loss: 0.9491958 Vali Loss: 0.4707052
Validation loss decreased (0.474044 --> 0.470705).  Saving model ...
Updating learning rate to 0.0004304672100000001
Epoch: 9 cost time: 14.131934881210327
Epoch: 9, Steps: 70 | Train Loss: 0.9344606 Vali Loss: 0.4826551
EarlyStopping counter: 1 out of 3
Updating learning rate to 0.0003874204890000001
Epoch: 10 cost time: 14.058761596679688
Epoch: 10, Steps: 70 | Train Loss: 0.9199249 Vali Loss: 0.4962920
EarlyStopping counter: 2 out of 3
Updating learning rate to 0.0003486784401000001
Epoch: 11 cost time: 14.041307926177979
Epoch: 11, Steps: 70 | Train Loss: 0.9051744 Vali Loss: 0.4986700
EarlyStopping counter: 3 out of 3
Early stopping
>>>>>>>testing : weather_96_192_iInformer_custom_M_ft96_sl48_ll192_pl512_dm8_nh2_el1_dl2048_df1_fctimeF_ebTrue_dtExp_projection_trk4_tsk7_2<<<<<<<<<<<<<<<<<<<<<<<<<<<<<<<<<
test 9196
test shape: (9196, 1, 1344, 21) (9196, 1, 1344, 21)
test shape: (9196, 1344, 21) (9196, 1344, 21)
prediction length: 192, mse:0.1962307244539261, mae:0.2478283792734146
prediction length: 384, mse:0.25616031885147095, mae:0.2936277687549591
prediction length: 576, mse:0.29800838232040405, mae:0.3206193149089813
prediction length: 768, mse:0.33030903339385986, mae:0.3415702283382416
prediction length: 960, mse:0.3562867343425751, mae:0.3571564257144928
prediction length: 1152, mse:0.376578152179718, mae:0.3682539761066437
prediction length: 1344, mse:0.39601048827171326, mae:0.37936869263648987
Args in experiment:
Namespace(is_training=1, model_id='weather_96_192', model='iInformer', data='custom', root_path='./dataset/weather/', data_path='weather.csv', features='M', target='OT', freq='h', checkpoints='./checkpoints/', seq_len=96, label_len=48, pred_len=192, training_k=4, test_k=7, beta=0.1, gamma=0.5, enc_in=21, dec_in=21, c_out=21, d_model=512, n_heads=8, e_layers=2, d_layers=1, d_ff=2048, moving_avg=25, factor=1, distil=True, dropout=0.1, embed='timeF', activation='gelu', output_attention=False, do_predict=False, num_workers=10, itr=4, train_epochs=30, batch_size=512, patience=3, learning_rate=0.001, des='Exp', loss='MSE', lradj='type1', use_amp=False, use_gpu=True, gpu=0, use_multi_gpu=False, devices='0,1,2,3', exp_name='MTSF', channel_independence=False, inverse=False, class_strategy='projection', target_root_path='./data/electricity/', target_data_path='electricity.csv', efficient_training=False, use_norm=True, partial_start_index=0)
Use GPU: cuda:0
>>>>>>>start training : weather_96_192_iInformer_custom_M_ft96_sl48_ll192_pl512_dm8_nh2_el1_dl2048_df1_fctimeF_ebTrue_dtExp_projection_trk4_tsk7_0>>>>>>>>>>>>>>>>>>>>>>>>>>
train 36024
val 5079
test 10348
Epoch: 1 cost time: 14.060170888900757
Epoch: 1, Steps: 70 | Train Loss: 1.1457041 Vali Loss: 0.5014713
Validation loss decreased (inf --> 0.501471).  Saving model ...
Updating learning rate to 0.0009000000000000001
Epoch: 2 cost time: 13.804612874984741
Epoch: 2, Steps: 70 | Train Loss: 1.0633534 Vali Loss: 0.4837251
Validation loss decreased (0.501471 --> 0.483725).  Saving model ...
Updating learning rate to 0.0008100000000000001
Epoch: 3 cost time: 13.811262130737305
Epoch: 3, Steps: 70 | Train Loss: 1.0343252 Vali Loss: 0.4821229
Validation loss decreased (0.483725 --> 0.482123).  Saving model ...
Updating learning rate to 0.0007290000000000002
Epoch: 4 cost time: 13.966776371002197
Epoch: 4, Steps: 70 | Train Loss: 1.0260007 Vali Loss: 0.4758335
Validation loss decreased (0.482123 --> 0.475834).  Saving model ...
Updating learning rate to 0.0006561000000000001
Epoch: 5 cost time: 14.038788557052612
Epoch: 5, Steps: 70 | Train Loss: 0.9992949 Vali Loss: 0.4799368
EarlyStopping counter: 1 out of 3
Updating learning rate to 0.00059049
Epoch: 6 cost time: 14.03709077835083
Epoch: 6, Steps: 70 | Train Loss: 0.9812871 Vali Loss: 0.4881949
EarlyStopping counter: 2 out of 3
Updating learning rate to 0.000531441
Epoch: 7 cost time: 14.076141595840454
Epoch: 7, Steps: 70 | Train Loss: 0.9672216 Vali Loss: 0.4827732
EarlyStopping counter: 3 out of 3
Early stopping
>>>>>>>testing : weather_96_192_iInformer_custom_M_ft96_sl48_ll192_pl512_dm8_nh2_el1_dl2048_df1_fctimeF_ebTrue_dtExp_projection_trk4_tsk7_0<<<<<<<<<<<<<<<<<<<<<<<<<<<<<<<<<
test 9196
test shape: (9196, 1, 1344, 21) (9196, 1, 1344, 21)
test shape: (9196, 1344, 21) (9196, 1344, 21)
prediction length: 192, mse:0.19565849006175995, mae:0.2472011297941208
prediction length: 384, mse:0.25274527072906494, mae:0.2907830774784088
prediction length: 576, mse:0.2939421534538269, mae:0.31721678376197815
prediction length: 768, mse:0.3262030780315399, mae:0.3376961052417755
prediction length: 960, mse:0.35256654024124146, mae:0.3534618318080902
prediction length: 1152, mse:0.3734378218650818, mae:0.3647163212299347
prediction length: 1344, mse:0.39305996894836426, mae:0.3757917284965515
Use GPU: cuda:0
>>>>>>>start training : weather_96_192_iInformer_custom_M_ft96_sl48_ll192_pl512_dm8_nh2_el1_dl2048_df1_fctimeF_ebTrue_dtExp_projection_trk4_tsk7_1>>>>>>>>>>>>>>>>>>>>>>>>>>
train 36024
val 5079
test 10348
Epoch: 1 cost time: 13.71004033088684
Epoch: 1, Steps: 70 | Train Loss: 1.1503923 Vali Loss: 0.5001466
Validation loss decreased (inf --> 0.500147).  Saving model ...
Updating learning rate to 0.0009000000000000001
Epoch: 2 cost time: 13.809422254562378
Epoch: 2, Steps: 70 | Train Loss: 1.0682520 Vali Loss: 0.4838714
Validation loss decreased (0.500147 --> 0.483871).  Saving model ...
Updating learning rate to 0.0008100000000000001
Epoch: 3 cost time: 13.900345802307129
Epoch: 3, Steps: 70 | Train Loss: 1.0395348 Vali Loss: 0.4720587
Validation loss decreased (0.483871 --> 0.472059).  Saving model ...
Updating learning rate to 0.0007290000000000002
Epoch: 4 cost time: 13.982068538665771
Epoch: 4, Steps: 70 | Train Loss: 1.0183451 Vali Loss: 0.4746658
EarlyStopping counter: 1 out of 3
Updating learning rate to 0.0006561000000000001
Epoch: 5 cost time: 13.984198808670044
Epoch: 5, Steps: 70 | Train Loss: 0.9996955 Vali Loss: 0.4725965
EarlyStopping counter: 2 out of 3
Updating learning rate to 0.00059049
Epoch: 6 cost time: 13.92463207244873
Epoch: 6, Steps: 70 | Train Loss: 0.9801821 Vali Loss: 0.4753570
EarlyStopping counter: 3 out of 3
Early stopping
>>>>>>>testing : weather_96_192_iInformer_custom_M_ft96_sl48_ll192_pl512_dm8_nh2_el1_dl2048_df1_fctimeF_ebTrue_dtExp_projection_trk4_tsk7_1<<<<<<<<<<<<<<<<<<<<<<<<<<<<<<<<<
test 9196
test shape: (9196, 1, 1344, 21) (9196, 1, 1344, 21)
test shape: (9196, 1344, 21) (9196, 1344, 21)
prediction length: 192, mse:0.1960458606481552, mae:0.24632185697555542
prediction length: 384, mse:0.2526693642139435, mae:0.2895135283470154
prediction length: 576, mse:0.2939803898334503, mae:0.31608253717422485
prediction length: 768, mse:0.3268687427043915, mae:0.337089866399765
prediction length: 960, mse:0.3540196418762207, mae:0.3535616993904114
prediction length: 1152, mse:0.37546366453170776, mae:0.36541444063186646
prediction length: 1344, mse:0.39573603868484497, mae:0.3770490884780884
Use GPU: cuda:0
>>>>>>>start training : weather_96_192_iInformer_custom_M_ft96_sl48_ll192_pl512_dm8_nh2_el1_dl2048_df1_fctimeF_ebTrue_dtExp_projection_trk4_tsk7_2>>>>>>>>>>>>>>>>>>>>>>>>>>
train 36024
val 5079
test 10348
Epoch: 1 cost time: 13.677113771438599
Epoch: 1, Steps: 70 | Train Loss: 1.1501706 Vali Loss: 0.4949926
Validation loss decreased (inf --> 0.494993).  Saving model ...
Updating learning rate to 0.0009000000000000001
Epoch: 2 cost time: 13.880718231201172
Epoch: 2, Steps: 70 | Train Loss: 1.0635926 Vali Loss: 0.4858211
Validation loss decreased (0.494993 --> 0.485821).  Saving model ...
Updating learning rate to 0.0008100000000000001
Epoch: 3 cost time: 13.964407205581665
Epoch: 3, Steps: 70 | Train Loss: 1.0340076 Vali Loss: 0.4933739
EarlyStopping counter: 1 out of 3
Updating learning rate to 0.0007290000000000002
Epoch: 4 cost time: 14.019726753234863
Epoch: 4, Steps: 70 | Train Loss: 1.0224343 Vali Loss: 0.4810654
Validation loss decreased (0.485821 --> 0.481065).  Saving model ...
Updating learning rate to 0.0006561000000000001
Epoch: 5 cost time: 14.08090591430664
Epoch: 5, Steps: 70 | Train Loss: 0.9965357 Vali Loss: 0.4800533
Validation loss decreased (0.481065 --> 0.480053).  Saving model ...
Updating learning rate to 0.00059049
Epoch: 6 cost time: 14.01749038696289
Epoch: 6, Steps: 70 | Train Loss: 0.9777502 Vali Loss: 0.4762235
Validation loss decreased (0.480053 --> 0.476224).  Saving model ...
Updating learning rate to 0.000531441
Epoch: 7 cost time: 14.129025220870972
Epoch: 7, Steps: 70 | Train Loss: 0.9642871 Vali Loss: 0.4771220
EarlyStopping counter: 1 out of 3
Updating learning rate to 0.0004782969000000001
Epoch: 8 cost time: 14.140180826187134
Epoch: 8, Steps: 70 | Train Loss: 0.9470003 Vali Loss: 0.4820465
EarlyStopping counter: 2 out of 3
Updating learning rate to 0.0004304672100000001
Epoch: 9 cost time: 14.031222581863403
Epoch: 9, Steps: 70 | Train Loss: 0.9311861 Vali Loss: 0.4862829
EarlyStopping counter: 3 out of 3
Early stopping
>>>>>>>testing : weather_96_192_iInformer_custom_M_ft96_sl48_ll192_pl512_dm8_nh2_el1_dl2048_df1_fctimeF_ebTrue_dtExp_projection_trk4_tsk7_2<<<<<<<<<<<<<<<<<<<<<<<<<<<<<<<<<
test 9196
test shape: (9196, 1, 1344, 21) (9196, 1, 1344, 21)
test shape: (9196, 1344, 21) (9196, 1344, 21)
prediction length: 192, mse:0.19425824284553528, mae:0.24645790457725525
prediction length: 384, mse:0.25324130058288574, mae:0.2912446856498718
prediction length: 576, mse:0.29536470770835876, mae:0.3183880150318146
prediction length: 768, mse:0.32894378900527954, mae:0.33987900614738464
prediction length: 960, mse:0.35573092103004456, mae:0.35587161779403687
prediction length: 1152, mse:0.37676721811294556, mae:0.36742064356803894
prediction length: 1344, mse:0.3969971537590027, mae:0.37898221611976624
Use GPU: cuda:0
>>>>>>>start training : weather_96_192_iInformer_custom_M_ft96_sl48_ll192_pl512_dm8_nh2_el1_dl2048_df1_fctimeF_ebTrue_dtExp_projection_trk4_tsk7_3>>>>>>>>>>>>>>>>>>>>>>>>>>
train 36024
val 5079
test 10348
Epoch: 1 cost time: 13.79954743385315
Epoch: 1, Steps: 70 | Train Loss: 1.1446312 Vali Loss: 0.5012213
Validation loss decreased (inf --> 0.501221).  Saving model ...
Updating learning rate to 0.0009000000000000001
Epoch: 2 cost time: 13.953065156936646
Epoch: 2, Steps: 70 | Train Loss: 1.0658464 Vali Loss: 0.4835377
Validation loss decreased (0.501221 --> 0.483538).  Saving model ...
Updating learning rate to 0.0008100000000000001
Epoch: 3 cost time: 13.970213174819946
Epoch: 3, Steps: 70 | Train Loss: 1.0358896 Vali Loss: 0.4793422
Validation loss decreased (0.483538 --> 0.479342).  Saving model ...
Updating learning rate to 0.0007290000000000002
Epoch: 4 cost time: 13.983951091766357
Epoch: 4, Steps: 70 | Train Loss: 1.0151669 Vali Loss: 0.4808643
EarlyStopping counter: 1 out of 3
Updating learning rate to 0.0006561000000000001
Epoch: 5 cost time: 14.02708101272583
Epoch: 5, Steps: 70 | Train Loss: 0.9964163 Vali Loss: 0.4689778
Validation loss decreased (0.479342 --> 0.468978).  Saving model ...
Updating learning rate to 0.00059049
Epoch: 6 cost time: 14.06275987625122
Epoch: 6, Steps: 70 | Train Loss: 0.9829732 Vali Loss: 0.4752560
EarlyStopping counter: 1 out of 3
Updating learning rate to 0.000531441
Epoch: 7 cost time: 14.063530206680298
Epoch: 7, Steps: 70 | Train Loss: 0.9643111 Vali Loss: 0.4806735
EarlyStopping counter: 2 out of 3
Updating learning rate to 0.0004782969000000001
Epoch: 8 cost time: 14.082132339477539
Epoch: 8, Steps: 70 | Train Loss: 0.9503331 Vali Loss: 0.4859630
EarlyStopping counter: 3 out of 3
Early stopping
>>>>>>>testing : weather_96_192_iInformer_custom_M_ft96_sl48_ll192_pl512_dm8_nh2_el1_dl2048_df1_fctimeF_ebTrue_dtExp_projection_trk4_tsk7_3<<<<<<<<<<<<<<<<<<<<<<<<<<<<<<<<<
test 9196
test shape: (9196, 1, 1344, 21) (9196, 1, 1344, 21)
test shape: (9196, 1344, 21) (9196, 1344, 21)
prediction length: 192, mse:0.19457530975341797, mae:0.24624209105968475
prediction length: 384, mse:0.2518281638622284, mae:0.2900039255619049
prediction length: 576, mse:0.2929273247718811, mae:0.3163481056690216
prediction length: 768, mse:0.32520732283592224, mae:0.336958110332489
prediction length: 960, mse:0.35110944509506226, mae:0.35242006182670593
prediction length: 1152, mse:0.3717643618583679, mae:0.36384671926498413
prediction length: 1344, mse:0.3913327753543854, mae:0.3751332461833954
Args in experiment:
Namespace(is_training=1, model_id='weather_96_192', model='iInformer', data='custom', root_path='./dataset/weather/', data_path='weather.csv', features='M', target='OT', freq='h', checkpoints='./checkpoints/', seq_len=96, label_len=48, pred_len=192, training_k=4, test_k=7, beta=0.1, gamma=0.5, enc_in=21, dec_in=21, c_out=21, d_model=512, n_heads=8, e_layers=2, d_layers=1, d_ff=2048, moving_avg=25, factor=1, distil=True, dropout=0.1, embed='timeF', activation='gelu', output_attention=False, do_predict=False, num_workers=10, itr=5, train_epochs=30, batch_size=512, patience=3, learning_rate=0.001, des='Exp', loss='MSE', lradj='type1', use_amp=False, use_gpu=True, gpu=0, use_multi_gpu=False, devices='0,1,2,3', exp_name='MTSF', channel_independence=False, inverse=False, class_strategy='projection', target_root_path='./data/electricity/', target_data_path='electricity.csv', efficient_training=False, use_norm=True, partial_start_index=0)
Use GPU: cuda:0
>>>>>>>start training : weather_96_192_iInformer_custom_M_ft96_sl48_ll192_pl512_dm8_nh2_el1_dl2048_df1_fctimeF_ebTrue_dtExp_projection_trk4_tsk7_0>>>>>>>>>>>>>>>>>>>>>>>>>>
train 36024
val 5079
test 10348
Epoch: 1 cost time: 14.064252138137817
Epoch: 1, Steps: 70 | Train Loss: 1.1475427 Vali Loss: 0.5025482
Validation loss decreased (inf --> 0.502548).  Saving model ...
Updating learning rate to 0.0009000000000000001
Epoch: 2 cost time: 13.901584386825562
Epoch: 2, Steps: 70 | Train Loss: 1.0663526 Vali Loss: 0.4862275
Validation loss decreased (0.502548 --> 0.486227).  Saving model ...
Updating learning rate to 0.0008100000000000001
Epoch: 3 cost time: 13.943172931671143
Epoch: 3, Steps: 70 | Train Loss: 1.0391833 Vali Loss: 0.4793914
Validation loss decreased (0.486227 --> 0.479391).  Saving model ...
Updating learning rate to 0.0007290000000000002
Epoch: 4 cost time: 14.010305404663086
Epoch: 4, Steps: 70 | Train Loss: 1.0216446 Vali Loss: 0.4794610
EarlyStopping counter: 1 out of 3
Updating learning rate to 0.0006561000000000001
Epoch: 5 cost time: 13.997772455215454
Epoch: 5, Steps: 70 | Train Loss: 0.9983486 Vali Loss: 0.4789948
Validation loss decreased (0.479391 --> 0.478995).  Saving model ...
Updating learning rate to 0.00059049
Epoch: 6 cost time: 14.098687410354614
Epoch: 6, Steps: 70 | Train Loss: 0.9818486 Vali Loss: 0.4781054
Validation loss decreased (0.478995 --> 0.478105).  Saving model ...
Updating learning rate to 0.000531441
Epoch: 7 cost time: 14.05637001991272
Epoch: 7, Steps: 70 | Train Loss: 0.9679529 Vali Loss: 0.4861572
EarlyStopping counter: 1 out of 3
Updating learning rate to 0.0004782969000000001
Epoch: 8 cost time: 14.031078815460205
Epoch: 8, Steps: 70 | Train Loss: 0.9500911 Vali Loss: 0.4857621
EarlyStopping counter: 2 out of 3
Updating learning rate to 0.0004304672100000001
Epoch: 9 cost time: 13.946569681167603
Epoch: 9, Steps: 70 | Train Loss: 0.9348960 Vali Loss: 0.4885419
EarlyStopping counter: 3 out of 3
Early stopping
>>>>>>>testing : weather_96_192_iInformer_custom_M_ft96_sl48_ll192_pl512_dm8_nh2_el1_dl2048_df1_fctimeF_ebTrue_dtExp_projection_trk4_tsk7_0<<<<<<<<<<<<<<<<<<<<<<<<<<<<<<<<<
test 9196
test shape: (9196, 1, 1344, 21) (9196, 1, 1344, 21)
test shape: (9196, 1344, 21) (9196, 1344, 21)
prediction length: 192, mse:0.19611093401908875, mae:0.24781842529773712
prediction length: 384, mse:0.25271090865135193, mae:0.29060426354408264
prediction length: 576, mse:0.2927713692188263, mae:0.3162034749984741
prediction length: 768, mse:0.32435673475265503, mae:0.33619004487991333
prediction length: 960, mse:0.34960272908210754, mae:0.3511897027492523
prediction length: 1152, mse:0.36983612179756165, mae:0.3619648814201355
prediction length: 1344, mse:0.38906413316726685, mae:0.37273699045181274
Use GPU: cuda:0
>>>>>>>start training : weather_96_192_iInformer_custom_M_ft96_sl48_ll192_pl512_dm8_nh2_el1_dl2048_df1_fctimeF_ebTrue_dtExp_projection_trk4_tsk7_1>>>>>>>>>>>>>>>>>>>>>>>>>>
train 36024
val 5079
test 10348
Epoch: 1 cost time: 13.725361108779907
Epoch: 1, Steps: 70 | Train Loss: 1.1471327 Vali Loss: 0.5043249
Validation loss decreased (inf --> 0.504325).  Saving model ...
Updating learning rate to 0.0009000000000000001
Epoch: 2 cost time: 13.885746955871582
Epoch: 2, Steps: 70 | Train Loss: 1.0721316 Vali Loss: 0.4938831
Validation loss decreased (0.504325 --> 0.493883).  Saving model ...
Updating learning rate to 0.0008100000000000001
Epoch: 3 cost time: 13.924436569213867
Epoch: 3, Steps: 70 | Train Loss: 1.0418179 Vali Loss: 0.4774480
Validation loss decreased (0.493883 --> 0.477448).  Saving model ...
Updating learning rate to 0.0007290000000000002
Epoch: 4 cost time: 14.017920017242432
Epoch: 4, Steps: 70 | Train Loss: 1.0175435 Vali Loss: 0.4800459
EarlyStopping counter: 1 out of 3
Updating learning rate to 0.0006561000000000001
Epoch: 5 cost time: 13.923349380493164
Epoch: 5, Steps: 70 | Train Loss: 0.9972841 Vali Loss: 0.4759852
Validation loss decreased (0.477448 --> 0.475985).  Saving model ...
Updating learning rate to 0.00059049
Epoch: 6 cost time: 14.034042119979858
Epoch: 6, Steps: 70 | Train Loss: 0.9836773 Vali Loss: 0.4765957
EarlyStopping counter: 1 out of 3
Updating learning rate to 0.000531441
Epoch: 7 cost time: 14.017186880111694
Epoch: 7, Steps: 70 | Train Loss: 0.9628828 Vali Loss: 0.4689281
Validation loss decreased (0.475985 --> 0.468928).  Saving model ...
Updating learning rate to 0.0004782969000000001
Epoch: 8 cost time: 14.044433116912842
Epoch: 8, Steps: 70 | Train Loss: 0.9462910 Vali Loss: 0.4853819
EarlyStopping counter: 1 out of 3
Updating learning rate to 0.0004304672100000001
Epoch: 9 cost time: 13.86600375175476
Epoch: 9, Steps: 70 | Train Loss: 0.9276829 Vali Loss: 0.4870414
EarlyStopping counter: 2 out of 3
Updating learning rate to 0.0003874204890000001
Epoch: 10 cost time: 14.132844686508179
Epoch: 10, Steps: 70 | Train Loss: 0.9133415 Vali Loss: 0.5032563
EarlyStopping counter: 3 out of 3
Early stopping
>>>>>>>testing : weather_96_192_iInformer_custom_M_ft96_sl48_ll192_pl512_dm8_nh2_el1_dl2048_df1_fctimeF_ebTrue_dtExp_projection_trk4_tsk7_1<<<<<<<<<<<<<<<<<<<<<<<<<<<<<<<<<
test 9196
test shape: (9196, 1, 1344, 21) (9196, 1, 1344, 21)
test shape: (9196, 1344, 21) (9196, 1344, 21)
prediction length: 192, mse:0.19242209196090698, mae:0.24482494592666626
prediction length: 384, mse:0.24856030941009521, mae:0.28773823380470276
prediction length: 576, mse:0.28868767619132996, mae:0.3134375512599945
prediction length: 768, mse:0.3206574320793152, mae:0.333415687084198
prediction length: 960, mse:0.3463985025882721, mae:0.3486114740371704
prediction length: 1152, mse:0.36665061116218567, mae:0.35953405499458313
prediction length: 1344, mse:0.3856714963912964, mae:0.37030336260795593
Use GPU: cuda:0
>>>>>>>start training : weather_96_192_iInformer_custom_M_ft96_sl48_ll192_pl512_dm8_nh2_el1_dl2048_df1_fctimeF_ebTrue_dtExp_projection_trk4_tsk7_2>>>>>>>>>>>>>>>>>>>>>>>>>>
train 36024
val 5079
test 10348
Epoch: 1 cost time: 13.80023717880249
Epoch: 1, Steps: 70 | Train Loss: 1.1470879 Vali Loss: 0.4987257
Validation loss decreased (inf --> 0.498726).  Saving model ...
Updating learning rate to 0.0009000000000000001
Epoch: 2 cost time: 14.006125926971436
Epoch: 2, Steps: 70 | Train Loss: 1.0693619 Vali Loss: 0.4869498
Validation loss decreased (0.498726 --> 0.486950).  Saving model ...
Updating learning rate to 0.0008100000000000001
Epoch: 3 cost time: 13.913528680801392
Epoch: 3, Steps: 70 | Train Loss: 1.0394821 Vali Loss: 0.4845808
Validation loss decreased (0.486950 --> 0.484581).  Saving model ...
Updating learning rate to 0.0007290000000000002
Epoch: 4 cost time: 14.0527925491333
Epoch: 4, Steps: 70 | Train Loss: 1.0180772 Vali Loss: 0.4769289
Validation loss decreased (0.484581 --> 0.476929).  Saving model ...
Updating learning rate to 0.0006561000000000001
Epoch: 5 cost time: 13.971555948257446
Epoch: 5, Steps: 70 | Train Loss: 0.9982383 Vali Loss: 0.4857044
EarlyStopping counter: 1 out of 3
Updating learning rate to 0.00059049
Epoch: 6 cost time: 14.06839895248413
Epoch: 6, Steps: 70 | Train Loss: 0.9781290 Vali Loss: 0.4784825
EarlyStopping counter: 2 out of 3
Updating learning rate to 0.000531441
Epoch: 7 cost time: 14.098743438720703
Epoch: 7, Steps: 70 | Train Loss: 0.9603810 Vali Loss: 0.4785440
EarlyStopping counter: 3 out of 3
Early stopping
>>>>>>>testing : weather_96_192_iInformer_custom_M_ft96_sl48_ll192_pl512_dm8_nh2_el1_dl2048_df1_fctimeF_ebTrue_dtExp_projection_trk4_tsk7_2<<<<<<<<<<<<<<<<<<<<<<<<<<<<<<<<<
test 9196
test shape: (9196, 1, 1344, 21) (9196, 1, 1344, 21)
test shape: (9196, 1344, 21) (9196, 1344, 21)
prediction length: 192, mse:0.19502688944339752, mae:0.24658581614494324
prediction length: 384, mse:0.25324979424476624, mae:0.29099926352500916
prediction length: 576, mse:0.2953670620918274, mae:0.3181149363517761
prediction length: 768, mse:0.3286246061325073, mae:0.3395652174949646
prediction length: 960, mse:0.3553410768508911, mae:0.3556141257286072
prediction length: 1152, mse:0.3765423893928528, mae:0.36728212237358093
prediction length: 1344, mse:0.3968237340450287, mae:0.37897565960884094
Use GPU: cuda:0
>>>>>>>start training : weather_96_192_iInformer_custom_M_ft96_sl48_ll192_pl512_dm8_nh2_el1_dl2048_df1_fctimeF_ebTrue_dtExp_projection_trk4_tsk7_3>>>>>>>>>>>>>>>>>>>>>>>>>>
train 36024
val 5079
test 10348
Epoch: 1 cost time: 13.856248617172241
Epoch: 1, Steps: 70 | Train Loss: 1.1452082 Vali Loss: 0.5054052
Validation loss decreased (inf --> 0.505405).  Saving model ...
Updating learning rate to 0.0009000000000000001
Epoch: 2 cost time: 13.964416980743408
Epoch: 2, Steps: 70 | Train Loss: 1.0616751 Vali Loss: 0.4786659
Validation loss decreased (0.505405 --> 0.478666).  Saving model ...
Updating learning rate to 0.0008100000000000001
Epoch: 3 cost time: 14.103757381439209
Epoch: 3, Steps: 70 | Train Loss: 1.0350513 Vali Loss: 0.4778887
Validation loss decreased (0.478666 --> 0.477889).  Saving model ...
Updating learning rate to 0.0007290000000000002
Epoch: 4 cost time: 14.030168533325195
Epoch: 4, Steps: 70 | Train Loss: 1.0132911 Vali Loss: 0.4769248
Validation loss decreased (0.477889 --> 0.476925).  Saving model ...
Updating learning rate to 0.0006561000000000001
Epoch: 5 cost time: 14.17318868637085
Epoch: 5, Steps: 70 | Train Loss: 0.9953556 Vali Loss: 0.4819722
EarlyStopping counter: 1 out of 3
Updating learning rate to 0.00059049
Epoch: 6 cost time: 14.020524978637695
Epoch: 6, Steps: 70 | Train Loss: 0.9766979 Vali Loss: 0.4759851
Validation loss decreased (0.476925 --> 0.475985).  Saving model ...
Updating learning rate to 0.000531441
Epoch: 7 cost time: 14.146305561065674
Epoch: 7, Steps: 70 | Train Loss: 0.9589513 Vali Loss: 0.4842766
EarlyStopping counter: 1 out of 3
Updating learning rate to 0.0004782969000000001
Epoch: 8 cost time: 14.218443393707275
Epoch: 8, Steps: 70 | Train Loss: 0.9409920 Vali Loss: 0.4871029
EarlyStopping counter: 2 out of 3
Updating learning rate to 0.0004304672100000001
Epoch: 9 cost time: 14.128711223602295
Epoch: 9, Steps: 70 | Train Loss: 0.9275692 Vali Loss: 0.4913799
EarlyStopping counter: 3 out of 3
Early stopping
>>>>>>>testing : weather_96_192_iInformer_custom_M_ft96_sl48_ll192_pl512_dm8_nh2_el1_dl2048_df1_fctimeF_ebTrue_dtExp_projection_trk4_tsk7_3<<<<<<<<<<<<<<<<<<<<<<<<<<<<<<<<<
test 9196
test shape: (9196, 1, 1344, 21) (9196, 1, 1344, 21)
test shape: (9196, 1344, 21) (9196, 1344, 21)
prediction length: 192, mse:0.19416986405849457, mae:0.24666985869407654
prediction length: 384, mse:0.2511710226535797, mae:0.290412575006485
prediction length: 576, mse:0.2916533648967743, mae:0.3162614405155182
prediction length: 768, mse:0.3239426016807556, mae:0.33647027611732483
prediction length: 960, mse:0.35009002685546875, mae:0.35176265239715576
prediction length: 1152, mse:0.3711385726928711, mae:0.36303946375846863
prediction length: 1344, mse:0.3912453353404999, mae:0.3741247057914734
Use GPU: cuda:0
>>>>>>>start training : weather_96_192_iInformer_custom_M_ft96_sl48_ll192_pl512_dm8_nh2_el1_dl2048_df1_fctimeF_ebTrue_dtExp_projection_trk4_tsk7_4>>>>>>>>>>>>>>>>>>>>>>>>>>
train 36024
val 5079
test 10348
Epoch: 1 cost time: 13.83767294883728
Epoch: 1, Steps: 70 | Train Loss: 1.1487625 Vali Loss: 0.4991384
Validation loss decreased (inf --> 0.499138).  Saving model ...
Updating learning rate to 0.0009000000000000001
Epoch: 2 cost time: 13.956816673278809
Epoch: 2, Steps: 70 | Train Loss: 1.0673773 Vali Loss: 0.4859676
Validation loss decreased (0.499138 --> 0.485968).  Saving model ...
Updating learning rate to 0.0008100000000000001
Epoch: 3 cost time: 14.068989038467407
Epoch: 3, Steps: 70 | Train Loss: 1.0383632 Vali Loss: 0.4817048
Validation loss decreased (0.485968 --> 0.481705).  Saving model ...
Updating learning rate to 0.0007290000000000002
Epoch: 4 cost time: 14.094632625579834
Epoch: 4, Steps: 70 | Train Loss: 1.0178613 Vali Loss: 0.4777042
Validation loss decreased (0.481705 --> 0.477704).  Saving model ...
Updating learning rate to 0.0006561000000000001
Epoch: 5 cost time: 14.094820261001587
Epoch: 5, Steps: 70 | Train Loss: 0.9939452 Vali Loss: 0.4762889
Validation loss decreased (0.477704 --> 0.476289).  Saving model ...
Updating learning rate to 0.00059049
Epoch: 6 cost time: 14.133775472640991
Epoch: 6, Steps: 70 | Train Loss: 0.9758849 Vali Loss: 0.4721757
Validation loss decreased (0.476289 --> 0.472176).  Saving model ...
Updating learning rate to 0.000531441
Epoch: 7 cost time: 14.196710586547852
Epoch: 7, Steps: 70 | Train Loss: 0.9575162 Vali Loss: 0.4742114
EarlyStopping counter: 1 out of 3
Updating learning rate to 0.0004782969000000001
Epoch: 8 cost time: 14.132740497589111
Epoch: 8, Steps: 70 | Train Loss: 0.9396782 Vali Loss: 0.4800949
EarlyStopping counter: 2 out of 3
Updating learning rate to 0.0004304672100000001
Epoch: 9 cost time: 14.118879318237305
Epoch: 9, Steps: 70 | Train Loss: 0.9252913 Vali Loss: 0.4865631
EarlyStopping counter: 3 out of 3
Early stopping
>>>>>>>testing : weather_96_192_iInformer_custom_M_ft96_sl48_ll192_pl512_dm8_nh2_el1_dl2048_df1_fctimeF_ebTrue_dtExp_projection_trk4_tsk7_4<<<<<<<<<<<<<<<<<<<<<<<<<<<<<<<<<
test 9196
test shape: (9196, 1, 1344, 21) (9196, 1, 1344, 21)
test shape: (9196, 1344, 21) (9196, 1344, 21)
prediction length: 192, mse:0.1923697590827942, mae:0.24444063007831573
prediction length: 384, mse:0.2506546974182129, mae:0.2888752222061157
prediction length: 576, mse:0.2915955185890198, mae:0.3150864541530609
prediction length: 768, mse:0.3232666254043579, mae:0.3353472948074341
prediction length: 960, mse:0.3489570617675781, mae:0.3507416844367981
prediction length: 1152, mse:0.3690494894981384, mae:0.361630916595459
prediction length: 1344, mse:0.3881039619445801, mae:0.37245410680770874
Args in experiment:
Namespace(is_training=1, model_id='weather_96_192', model='iFlowformer', data='custom', root_path='./dataset/weather/', data_path='weather.csv', features='M', target='OT', freq='h', checkpoints='./checkpoints/', seq_len=96, label_len=48, pred_len=192, training_k=4, test_k=7, beta=0.1, gamma=0.5, enc_in=21, dec_in=21, c_out=21, d_model=512, n_heads=8, e_layers=2, d_layers=1, d_ff=2048, moving_avg=25, factor=1, distil=True, dropout=0.1, embed='timeF', activation='gelu', output_attention=False, do_predict=False, num_workers=10, itr=1, train_epochs=30, batch_size=512, patience=3, learning_rate=0.001, des='Exp', loss='MSE', lradj='type1', use_amp=False, use_gpu=True, gpu=0, use_multi_gpu=False, devices='0,1,2,3', exp_name='MTSF', channel_independence=False, inverse=False, class_strategy='projection', target_root_path='./data/electricity/', target_data_path='electricity.csv', efficient_training=False, use_norm=True, partial_start_index=0)
Use GPU: cuda:0
>>>>>>>start training : weather_96_192_iFlowformer_custom_M_ft96_sl48_ll192_pl512_dm8_nh2_el1_dl2048_df1_fctimeF_ebTrue_dtExp_projection_trk4_tsk7_0>>>>>>>>>>>>>>>>>>>>>>>>>>
train 36024
val 5079
test 10348
Epoch: 1 cost time: 15.797860622406006
Epoch: 1, Steps: 70 | Train Loss: 1.2022976 Vali Loss: 0.5343700
Validation loss decreased (inf --> 0.534370).  Saving model ...
Updating learning rate to 0.0009000000000000001
Epoch: 2 cost time: 15.432623863220215
Epoch: 2, Steps: 70 | Train Loss: 1.1237758 Vali Loss: 0.5158066
Validation loss decreased (0.534370 --> 0.515807).  Saving model ...
Updating learning rate to 0.0008100000000000001
Epoch: 3 cost time: 15.887006521224976
Epoch: 3, Steps: 70 | Train Loss: 1.0996267 Vali Loss: 0.5041801
Validation loss decreased (0.515807 --> 0.504180).  Saving model ...
Updating learning rate to 0.0007290000000000002
Epoch: 4 cost time: 15.907193422317505
Epoch: 4, Steps: 70 | Train Loss: 1.0762332 Vali Loss: 0.5130102
EarlyStopping counter: 1 out of 3
Updating learning rate to 0.0006561000000000001
Epoch: 5 cost time: 15.874451875686646
Epoch: 5, Steps: 70 | Train Loss: 1.0536299 Vali Loss: 0.5150710
EarlyStopping counter: 2 out of 3
Updating learning rate to 0.00059049
Epoch: 6 cost time: 15.92075490951538
Epoch: 6, Steps: 70 | Train Loss: 1.0342475 Vali Loss: 0.5139437
EarlyStopping counter: 3 out of 3
Early stopping
>>>>>>>testing : weather_96_192_iFlowformer_custom_M_ft96_sl48_ll192_pl512_dm8_nh2_el1_dl2048_df1_fctimeF_ebTrue_dtExp_projection_trk4_tsk7_0<<<<<<<<<<<<<<<<<<<<<<<<<<<<<<<<<
test 9196
test shape: (9196, 1, 1344, 21) (9196, 1, 1344, 21)
test shape: (9196, 1344, 21) (9196, 1344, 21)
prediction length: 192, mse:0.20644810795783997, mae:0.25187572836875916
prediction length: 384, mse:0.261311411857605, mae:0.29361918568611145
prediction length: 576, mse:0.30082565546035767, mae:0.3187052607536316
prediction length: 768, mse:0.33351439237594604, mae:0.3397965729236603
prediction length: 960, mse:0.3609234392642975, mae:0.35637810826301575
prediction length: 1152, mse:0.3828012943267822, mae:0.36851590871810913
prediction length: 1344, mse:0.4037056565284729, mae:0.3804329037666321
Args in experiment:
Namespace(is_training=1, model_id='weather_96_192', model='iFlowformer', data='custom', root_path='./dataset/weather/', data_path='weather.csv', features='M', target='OT', freq='h', checkpoints='./checkpoints/', seq_len=96, label_len=48, pred_len=192, training_k=4, test_k=7, beta=0.1, gamma=0.5, enc_in=21, dec_in=21, c_out=21, d_model=512, n_heads=8, e_layers=2, d_layers=1, d_ff=2048, moving_avg=25, factor=1, distil=True, dropout=0.1, embed='timeF', activation='gelu', output_attention=False, do_predict=False, num_workers=10, itr=2, train_epochs=30, batch_size=512, patience=3, learning_rate=0.001, des='Exp', loss='MSE', lradj='type1', use_amp=False, use_gpu=True, gpu=0, use_multi_gpu=False, devices='0,1,2,3', exp_name='MTSF', channel_independence=False, inverse=False, class_strategy='projection', target_root_path='./data/electricity/', target_data_path='electricity.csv', efficient_training=False, use_norm=True, partial_start_index=0)
Use GPU: cuda:0
>>>>>>>start training : weather_96_192_iFlowformer_custom_M_ft96_sl48_ll192_pl512_dm8_nh2_el1_dl2048_df1_fctimeF_ebTrue_dtExp_projection_trk4_tsk7_0>>>>>>>>>>>>>>>>>>>>>>>>>>
train 36024
val 5079
test 10348
Epoch: 1 cost time: 15.793631076812744
Epoch: 1, Steps: 70 | Train Loss: 1.2084540 Vali Loss: 0.5336211
Validation loss decreased (inf --> 0.533621).  Saving model ...
Updating learning rate to 0.0009000000000000001
Epoch: 2 cost time: 15.43810248374939
Epoch: 2, Steps: 70 | Train Loss: 1.1264754 Vali Loss: 0.5187468
Validation loss decreased (0.533621 --> 0.518747).  Saving model ...
Updating learning rate to 0.0008100000000000001
Epoch: 3 cost time: 15.597922086715698
Epoch: 3, Steps: 70 | Train Loss: 1.1006716 Vali Loss: 0.5150824
Validation loss decreased (0.518747 --> 0.515082).  Saving model ...
Updating learning rate to 0.0007290000000000002
Epoch: 4 cost time: 15.714050769805908
Epoch: 4, Steps: 70 | Train Loss: 1.0788581 Vali Loss: 0.5013565
Validation loss decreased (0.515082 --> 0.501357).  Saving model ...
Updating learning rate to 0.0006561000000000001
Epoch: 5 cost time: 15.798539876937866
Epoch: 5, Steps: 70 | Train Loss: 1.0552573 Vali Loss: 0.5043004
EarlyStopping counter: 1 out of 3
Updating learning rate to 0.00059049
Epoch: 6 cost time: 15.906779527664185
Epoch: 6, Steps: 70 | Train Loss: 1.0374177 Vali Loss: 0.5073473
EarlyStopping counter: 2 out of 3
Updating learning rate to 0.000531441
Epoch: 7 cost time: 15.853470087051392
Epoch: 7, Steps: 70 | Train Loss: 1.0181198 Vali Loss: 0.5168622
EarlyStopping counter: 3 out of 3
Early stopping
>>>>>>>testing : weather_96_192_iFlowformer_custom_M_ft96_sl48_ll192_pl512_dm8_nh2_el1_dl2048_df1_fctimeF_ebTrue_dtExp_projection_trk4_tsk7_0<<<<<<<<<<<<<<<<<<<<<<<<<<<<<<<<<
test 9196
test shape: (9196, 1, 1344, 21) (9196, 1, 1344, 21)
test shape: (9196, 1344, 21) (9196, 1344, 21)
prediction length: 192, mse:0.20475713908672333, mae:0.25091978907585144
prediction length: 384, mse:0.2607221305370331, mae:0.2941925525665283
prediction length: 576, mse:0.3007684648036957, mae:0.3198581635951996
prediction length: 768, mse:0.3337922990322113, mae:0.3412629961967468
prediction length: 960, mse:0.3621869683265686, mae:0.35856539011001587
prediction length: 1152, mse:0.38477450609207153, mae:0.3712610900402069
prediction length: 1344, mse:0.4063667953014374, mae:0.38371312618255615
Use GPU: cuda:0
>>>>>>>start training : weather_96_192_iFlowformer_custom_M_ft96_sl48_ll192_pl512_dm8_nh2_el1_dl2048_df1_fctimeF_ebTrue_dtExp_projection_trk4_tsk7_1>>>>>>>>>>>>>>>>>>>>>>>>>>
train 36024
val 5079
test 10348
Epoch: 1 cost time: 15.790759801864624
Epoch: 1, Steps: 70 | Train Loss: 1.2032410 Vali Loss: 0.5345822
Validation loss decreased (inf --> 0.534582).  Saving model ...
Updating learning rate to 0.0009000000000000001
Epoch: 2 cost time: 15.866538047790527
Epoch: 2, Steps: 70 | Train Loss: 1.1228291 Vali Loss: 0.5188931
Validation loss decreased (0.534582 --> 0.518893).  Saving model ...
Updating learning rate to 0.0008100000000000001
Epoch: 3 cost time: 15.973642110824585
Epoch: 3, Steps: 70 | Train Loss: 1.0963839 Vali Loss: 0.5000533
Validation loss decreased (0.518893 --> 0.500053).  Saving model ...
Updating learning rate to 0.0007290000000000002
Epoch: 4 cost time: 16.05473756790161
Epoch: 4, Steps: 70 | Train Loss: 1.0734401 Vali Loss: 0.5062154
EarlyStopping counter: 1 out of 3
Updating learning rate to 0.0006561000000000001
Epoch: 5 cost time: 15.942416906356812
Epoch: 5, Steps: 70 | Train Loss: 1.0538021 Vali Loss: 0.4983492
Validation loss decreased (0.500053 --> 0.498349).  Saving model ...
Updating learning rate to 0.00059049
Epoch: 6 cost time: 16.055147886276245
Epoch: 6, Steps: 70 | Train Loss: 1.0343147 Vali Loss: 0.5087545
EarlyStopping counter: 1 out of 3
Updating learning rate to 0.000531441
Epoch: 7 cost time: 16.00767970085144
Epoch: 7, Steps: 70 | Train Loss: 1.0158602 Vali Loss: 0.5196740
EarlyStopping counter: 2 out of 3
Updating learning rate to 0.0004782969000000001
Epoch: 8 cost time: 16.00604224205017
Epoch: 8, Steps: 70 | Train Loss: 0.9965484 Vali Loss: 0.5192901
EarlyStopping counter: 3 out of 3
Early stopping
>>>>>>>testing : weather_96_192_iFlowformer_custom_M_ft96_sl48_ll192_pl512_dm8_nh2_el1_dl2048_df1_fctimeF_ebTrue_dtExp_projection_trk4_tsk7_1<<<<<<<<<<<<<<<<<<<<<<<<<<<<<<<<<
test 9196
test shape: (9196, 1, 1344, 21) (9196, 1, 1344, 21)
test shape: (9196, 1344, 21) (9196, 1344, 21)
prediction length: 192, mse:0.20279879868030548, mae:0.2502618730068207
prediction length: 384, mse:0.2594447433948517, mae:0.29302719235420227
prediction length: 576, mse:0.29845064878463745, mae:0.31794509291648865
prediction length: 768, mse:0.3303784728050232, mae:0.33858779072761536
prediction length: 960, mse:0.3570312559604645, mae:0.35479068756103516
prediction length: 1152, mse:0.3782157599925995, mae:0.3665032386779785
prediction length: 1344, mse:0.39852362871170044, mae:0.3780423700809479
Args in experiment:
Namespace(is_training=1, model_id='weather_96_192', model='iFlowformer', data='custom', root_path='./dataset/weather/', data_path='weather.csv', features='M', target='OT', freq='h', checkpoints='./checkpoints/', seq_len=96, label_len=48, pred_len=192, training_k=4, test_k=7, beta=0.1, gamma=0.5, enc_in=21, dec_in=21, c_out=21, d_model=512, n_heads=8, e_layers=2, d_layers=1, d_ff=2048, moving_avg=25, factor=1, distil=True, dropout=0.1, embed='timeF', activation='gelu', output_attention=False, do_predict=False, num_workers=10, itr=3, train_epochs=30, batch_size=512, patience=3, learning_rate=0.001, des='Exp', loss='MSE', lradj='type1', use_amp=False, use_gpu=True, gpu=0, use_multi_gpu=False, devices='0,1,2,3', exp_name='MTSF', channel_independence=False, inverse=False, class_strategy='projection', target_root_path='./data/electricity/', target_data_path='electricity.csv', efficient_training=False, use_norm=True, partial_start_index=0)
Use GPU: cuda:0
>>>>>>>start training : weather_96_192_iFlowformer_custom_M_ft96_sl48_ll192_pl512_dm8_nh2_el1_dl2048_df1_fctimeF_ebTrue_dtExp_projection_trk4_tsk7_0>>>>>>>>>>>>>>>>>>>>>>>>>>
train 36024
val 5079
test 10348
Epoch: 1 cost time: 15.768757343292236
Epoch: 1, Steps: 70 | Train Loss: 1.2081493 Vali Loss: 0.5228060
Validation loss decreased (inf --> 0.522806).  Saving model ...
Updating learning rate to 0.0009000000000000001
Epoch: 2 cost time: 15.437476873397827
Epoch: 2, Steps: 70 | Train Loss: 1.1285740 Vali Loss: 0.5100172
Validation loss decreased (0.522806 --> 0.510017).  Saving model ...
Updating learning rate to 0.0008100000000000001
Epoch: 3 cost time: 15.615365505218506
Epoch: 3, Steps: 70 | Train Loss: 1.0959708 Vali Loss: 0.5086648
Validation loss decreased (0.510017 --> 0.508665).  Saving model ...
Updating learning rate to 0.0007290000000000002
Epoch: 4 cost time: 15.915941953659058
Epoch: 4, Steps: 70 | Train Loss: 1.0760970 Vali Loss: 0.5232946
EarlyStopping counter: 1 out of 3
Updating learning rate to 0.0006561000000000001
Epoch: 5 cost time: 15.896518468856812
Epoch: 5, Steps: 70 | Train Loss: 1.0552931 Vali Loss: 0.5057390
Validation loss decreased (0.508665 --> 0.505739).  Saving model ...
Updating learning rate to 0.00059049
Epoch: 6 cost time: 15.927680015563965
Epoch: 6, Steps: 70 | Train Loss: 1.0327873 Vali Loss: 0.5122570
EarlyStopping counter: 1 out of 3
Updating learning rate to 0.000531441
Epoch: 7 cost time: 15.654878854751587
Epoch: 7, Steps: 70 | Train Loss: 1.0174505 Vali Loss: 0.5137277
EarlyStopping counter: 2 out of 3
Updating learning rate to 0.0004782969000000001
Epoch: 8 cost time: 15.65159296989441
Epoch: 8, Steps: 70 | Train Loss: 0.9965038 Vali Loss: 0.5181523
EarlyStopping counter: 3 out of 3
Early stopping
>>>>>>>testing : weather_96_192_iFlowformer_custom_M_ft96_sl48_ll192_pl512_dm8_nh2_el1_dl2048_df1_fctimeF_ebTrue_dtExp_projection_trk4_tsk7_0<<<<<<<<<<<<<<<<<<<<<<<<<<<<<<<<<
test 9196
test shape: (9196, 1, 1344, 21) (9196, 1, 1344, 21)
test shape: (9196, 1344, 21) (9196, 1344, 21)
prediction length: 192, mse:0.20366418361663818, mae:0.2516733705997467
prediction length: 384, mse:0.26027756929397583, mae:0.2946041524410248
prediction length: 576, mse:0.3003128468990326, mae:0.32022804021835327
prediction length: 768, mse:0.3329527676105499, mae:0.3411775827407837
prediction length: 960, mse:0.35987913608551025, mae:0.3573853671550751
prediction length: 1152, mse:0.38116592168807983, mae:0.36909738183021545
prediction length: 1344, mse:0.40145382285118103, mae:0.380534291267395
Use GPU: cuda:0
>>>>>>>start training : weather_96_192_iFlowformer_custom_M_ft96_sl48_ll192_pl512_dm8_nh2_el1_dl2048_df1_fctimeF_ebTrue_dtExp_projection_trk4_tsk7_1>>>>>>>>>>>>>>>>>>>>>>>>>>
train 36024
val 5079
test 10348
Epoch: 1 cost time: 15.652968168258667
Epoch: 1, Steps: 70 | Train Loss: 1.2044902 Vali Loss: 0.5365112
Validation loss decreased (inf --> 0.536511).  Saving model ...
Updating learning rate to 0.0009000000000000001
Epoch: 2 cost time: 15.743621587753296
Epoch: 2, Steps: 70 | Train Loss: 1.1249059 Vali Loss: 0.5246425
Validation loss decreased (0.536511 --> 0.524642).  Saving model ...
Updating learning rate to 0.0008100000000000001
Epoch: 3 cost time: 15.920973062515259
Epoch: 3, Steps: 70 | Train Loss: 1.0950271 Vali Loss: 0.4997695
Validation loss decreased (0.524642 --> 0.499770).  Saving model ...
Updating learning rate to 0.0007290000000000002
Epoch: 4 cost time: 15.970155000686646
Epoch: 4, Steps: 70 | Train Loss: 1.0753805 Vali Loss: 0.5040996
EarlyStopping counter: 1 out of 3
Updating learning rate to 0.0006561000000000001
Epoch: 5 cost time: 15.945329427719116
Epoch: 5, Steps: 70 | Train Loss: 1.0526903 Vali Loss: 0.5055315
EarlyStopping counter: 2 out of 3
Updating learning rate to 0.00059049
Epoch: 6 cost time: 16.001209020614624
Epoch: 6, Steps: 70 | Train Loss: 1.0333814 Vali Loss: 0.5023608
EarlyStopping counter: 3 out of 3
Early stopping
>>>>>>>testing : weather_96_192_iFlowformer_custom_M_ft96_sl48_ll192_pl512_dm8_nh2_el1_dl2048_df1_fctimeF_ebTrue_dtExp_projection_trk4_tsk7_1<<<<<<<<<<<<<<<<<<<<<<<<<<<<<<<<<
test 9196
test shape: (9196, 1, 1344, 21) (9196, 1, 1344, 21)
test shape: (9196, 1344, 21) (9196, 1344, 21)
prediction length: 192, mse:0.20398952066898346, mae:0.2493322789669037
prediction length: 384, mse:0.25992298126220703, mae:0.2922351360321045
prediction length: 576, mse:0.29986482858657837, mae:0.3178376853466034
prediction length: 768, mse:0.3325519561767578, mae:0.33889731764793396
prediction length: 960, mse:0.36031803488731384, mae:0.3556636869907379
prediction length: 1152, mse:0.3825702667236328, mae:0.3679417073726654
prediction length: 1344, mse:0.4037102162837982, mae:0.37995821237564087
Use GPU: cuda:0
>>>>>>>start training : weather_96_192_iFlowformer_custom_M_ft96_sl48_ll192_pl512_dm8_nh2_el1_dl2048_df1_fctimeF_ebTrue_dtExp_projection_trk4_tsk7_2>>>>>>>>>>>>>>>>>>>>>>>>>>
train 36024
val 5079
test 10348
Epoch: 1 cost time: 15.715465307235718
Epoch: 1, Steps: 70 | Train Loss: 1.2143348 Vali Loss: 0.5244713
Validation loss decreased (inf --> 0.524471).  Saving model ...
Updating learning rate to 0.0009000000000000001
Epoch: 2 cost time: 15.856197834014893
Epoch: 2, Steps: 70 | Train Loss: 1.1213556 Vali Loss: 0.5106494
Validation loss decreased (0.524471 --> 0.510649).  Saving model ...
Updating learning rate to 0.0008100000000000001
Epoch: 3 cost time: 16.025946855545044
Epoch: 3, Steps: 70 | Train Loss: 1.0961547 Vali Loss: 0.5090439
Validation loss decreased (0.510649 --> 0.509044).  Saving model ...
Updating learning rate to 0.0007290000000000002
Epoch: 4 cost time: 16.030352115631104
Epoch: 4, Steps: 70 | Train Loss: 1.0781951 Vali Loss: 0.5023605
Validation loss decreased (0.509044 --> 0.502360).  Saving model ...
Updating learning rate to 0.0006561000000000001
Epoch: 5 cost time: 15.987107753753662
Epoch: 5, Steps: 70 | Train Loss: 1.0560050 Vali Loss: 0.5004548
Validation loss decreased (0.502360 --> 0.500455).  Saving model ...
Updating learning rate to 0.00059049
Epoch: 6 cost time: 16.024059534072876
Epoch: 6, Steps: 70 | Train Loss: 1.0381061 Vali Loss: 0.5043132
EarlyStopping counter: 1 out of 3
Updating learning rate to 0.000531441
Epoch: 7 cost time: 16.01346445083618
Epoch: 7, Steps: 70 | Train Loss: 1.0180329 Vali Loss: 0.5141858
EarlyStopping counter: 2 out of 3
Updating learning rate to 0.0004782969000000001
Epoch: 8 cost time: 15.98282504081726
Epoch: 8, Steps: 70 | Train Loss: 0.9969456 Vali Loss: 0.5265324
EarlyStopping counter: 3 out of 3
Early stopping
>>>>>>>testing : weather_96_192_iFlowformer_custom_M_ft96_sl48_ll192_pl512_dm8_nh2_el1_dl2048_df1_fctimeF_ebTrue_dtExp_projection_trk4_tsk7_2<<<<<<<<<<<<<<<<<<<<<<<<<<<<<<<<<
test 9196
test shape: (9196, 1, 1344, 21) (9196, 1, 1344, 21)
test shape: (9196, 1344, 21) (9196, 1344, 21)
prediction length: 192, mse:0.20220337808132172, mae:0.24892152845859528
prediction length: 384, mse:0.25878411531448364, mae:0.2924005091190338
prediction length: 576, mse:0.2983052432537079, mae:0.3177681565284729
prediction length: 768, mse:0.3306026756763458, mae:0.3385632336139679
prediction length: 960, mse:0.35765525698661804, mae:0.3548887073993683
prediction length: 1152, mse:0.3791268467903137, mae:0.36682000756263733
prediction length: 1344, mse:0.3997839093208313, mae:0.37855684757232666
Args in experiment:
Namespace(is_training=1, model_id='weather_96_192', model='iFlowformer', data='custom', root_path='./dataset/weather/', data_path='weather.csv', features='M', target='OT', freq='h', checkpoints='./checkpoints/', seq_len=96, label_len=48, pred_len=192, training_k=4, test_k=7, beta=0.1, gamma=0.5, enc_in=21, dec_in=21, c_out=21, d_model=512, n_heads=8, e_layers=2, d_layers=1, d_ff=2048, moving_avg=25, factor=1, distil=True, dropout=0.1, embed='timeF', activation='gelu', output_attention=False, do_predict=False, num_workers=10, itr=4, train_epochs=30, batch_size=512, patience=3, learning_rate=0.001, des='Exp', loss='MSE', lradj='type1', use_amp=False, use_gpu=True, gpu=0, use_multi_gpu=False, devices='0,1,2,3', exp_name='MTSF', channel_independence=False, inverse=False, class_strategy='projection', target_root_path='./data/electricity/', target_data_path='electricity.csv', efficient_training=False, use_norm=True, partial_start_index=0)
Use GPU: cuda:0
>>>>>>>start training : weather_96_192_iFlowformer_custom_M_ft96_sl48_ll192_pl512_dm8_nh2_el1_dl2048_df1_fctimeF_ebTrue_dtExp_projection_trk4_tsk7_0>>>>>>>>>>>>>>>>>>>>>>>>>>
train 36024
val 5079
test 10348
Epoch: 1 cost time: 15.800788640975952
Epoch: 1, Steps: 70 | Train Loss: 1.2095103 Vali Loss: 0.5312001
Validation loss decreased (inf --> 0.531200).  Saving model ...
Updating learning rate to 0.0009000000000000001
Epoch: 2 cost time: 15.699938297271729
Epoch: 2, Steps: 70 | Train Loss: 1.1236443 Vali Loss: 0.5169365
Validation loss decreased (0.531200 --> 0.516936).  Saving model ...
Updating learning rate to 0.0008100000000000001
Epoch: 3 cost time: 15.62298035621643
Epoch: 3, Steps: 70 | Train Loss: 1.0967642 Vali Loss: 0.5123554
Validation loss decreased (0.516936 --> 0.512355).  Saving model ...
Updating learning rate to 0.0007290000000000002
Epoch: 4 cost time: 15.931633472442627
Epoch: 4, Steps: 70 | Train Loss: 1.0761846 Vali Loss: 0.5021269
Validation loss decreased (0.512355 --> 0.502127).  Saving model ...
Updating learning rate to 0.0006561000000000001
Epoch: 5 cost time: 15.885177612304688
Epoch: 5, Steps: 70 | Train Loss: 1.0508051 Vali Loss: 0.5061080
EarlyStopping counter: 1 out of 3
Updating learning rate to 0.00059049
Epoch: 6 cost time: 15.94000768661499
Epoch: 6, Steps: 70 | Train Loss: 1.0306081 Vali Loss: 0.5147464
EarlyStopping counter: 2 out of 3
Updating learning rate to 0.000531441
Epoch: 7 cost time: 15.929032802581787
Epoch: 7, Steps: 70 | Train Loss: 1.0140534 Vali Loss: 0.5090206
EarlyStopping counter: 3 out of 3
Early stopping
>>>>>>>testing : weather_96_192_iFlowformer_custom_M_ft96_sl48_ll192_pl512_dm8_nh2_el1_dl2048_df1_fctimeF_ebTrue_dtExp_projection_trk4_tsk7_0<<<<<<<<<<<<<<<<<<<<<<<<<<<<<<<<<
test 9196
test shape: (9196, 1, 1344, 21) (9196, 1, 1344, 21)
test shape: (9196, 1344, 21) (9196, 1344, 21)
prediction length: 192, mse:0.20382001996040344, mae:0.24993310868740082
prediction length: 384, mse:0.26011374592781067, mae:0.2931549847126007
prediction length: 576, mse:0.30000442266464233, mae:0.31893712282180786
prediction length: 768, mse:0.3326336741447449, mae:0.3400115966796875
prediction length: 960, mse:0.36017876863479614, mae:0.35671061277389526
prediction length: 1152, mse:0.3821941614151001, mae:0.36899375915527344
prediction length: 1344, mse:0.4034002721309662, mae:0.381102055311203
Use GPU: cuda:0
>>>>>>>start training : weather_96_192_iFlowformer_custom_M_ft96_sl48_ll192_pl512_dm8_nh2_el1_dl2048_df1_fctimeF_ebTrue_dtExp_projection_trk4_tsk7_1>>>>>>>>>>>>>>>>>>>>>>>>>>
train 36024
val 5079
test 10348
Epoch: 1 cost time: 15.666868925094604
Epoch: 1, Steps: 70 | Train Loss: 1.2084972 Vali Loss: 0.5262293
Validation loss decreased (inf --> 0.526229).  Saving model ...
Updating learning rate to 0.0009000000000000001
Epoch: 2 cost time: 15.773091077804565
Epoch: 2, Steps: 70 | Train Loss: 1.1235868 Vali Loss: 0.5130908
Validation loss decreased (0.526229 --> 0.513091).  Saving model ...
Updating learning rate to 0.0008100000000000001
Epoch: 3 cost time: 15.955066919326782
Epoch: 3, Steps: 70 | Train Loss: 1.0962783 Vali Loss: 0.5038930
Validation loss decreased (0.513091 --> 0.503893).  Saving model ...
Updating learning rate to 0.0007290000000000002
Epoch: 4 cost time: 15.998313426971436
Epoch: 4, Steps: 70 | Train Loss: 1.0737837 Vali Loss: 0.5082642
EarlyStopping counter: 1 out of 3
Updating learning rate to 0.0006561000000000001
Epoch: 5 cost time: 15.962433338165283
Epoch: 5, Steps: 70 | Train Loss: 1.0513111 Vali Loss: 0.5075436
EarlyStopping counter: 2 out of 3
Updating learning rate to 0.00059049
Epoch: 6 cost time: 15.98060154914856
Epoch: 6, Steps: 70 | Train Loss: 1.0308608 Vali Loss: 0.5172660
EarlyStopping counter: 3 out of 3
Early stopping
>>>>>>>testing : weather_96_192_iFlowformer_custom_M_ft96_sl48_ll192_pl512_dm8_nh2_el1_dl2048_df1_fctimeF_ebTrue_dtExp_projection_trk4_tsk7_1<<<<<<<<<<<<<<<<<<<<<<<<<<<<<<<<<
test 9196
test shape: (9196, 1, 1344, 21) (9196, 1, 1344, 21)
test shape: (9196, 1344, 21) (9196, 1344, 21)
prediction length: 192, mse:0.20781052112579346, mae:0.25358784198760986
prediction length: 384, mse:0.2627200782299042, mae:0.29543086886405945
prediction length: 576, mse:0.302280992269516, mae:0.3207172751426697
prediction length: 768, mse:0.33512771129608154, mae:0.3418290317058563
prediction length: 960, mse:0.36303237080574036, mae:0.35865870118141174
prediction length: 1152, mse:0.3851640224456787, mae:0.37104517221450806
prediction length: 1344, mse:0.40658438205718994, mae:0.3833145201206207
Use GPU: cuda:0
>>>>>>>start training : weather_96_192_iFlowformer_custom_M_ft96_sl48_ll192_pl512_dm8_nh2_el1_dl2048_df1_fctimeF_ebTrue_dtExp_projection_trk4_tsk7_2>>>>>>>>>>>>>>>>>>>>>>>>>>
train 36024
val 5079
test 10348
Epoch: 1 cost time: 15.704747676849365
Epoch: 1, Steps: 70 | Train Loss: 1.2012347 Vali Loss: 0.5411375
Validation loss decreased (inf --> 0.541138).  Saving model ...
Updating learning rate to 0.0009000000000000001
Epoch: 2 cost time: 15.815958499908447
Epoch: 2, Steps: 70 | Train Loss: 1.1233725 Vali Loss: 0.5131040
Validation loss decreased (0.541138 --> 0.513104).  Saving model ...
Updating learning rate to 0.0008100000000000001
Epoch: 3 cost time: 15.971266508102417
Epoch: 3, Steps: 70 | Train Loss: 1.1005125 Vali Loss: 0.5124099
Validation loss decreased (0.513104 --> 0.512410).  Saving model ...
Updating learning rate to 0.0007290000000000002
Epoch: 4 cost time: 16.004692316055298
Epoch: 4, Steps: 70 | Train Loss: 1.0766702 Vali Loss: 0.5179037
EarlyStopping counter: 1 out of 3
Updating learning rate to 0.0006561000000000001
Epoch: 5 cost time: 15.988312005996704
Epoch: 5, Steps: 70 | Train Loss: 1.0552706 Vali Loss: 0.5008050
Validation loss decreased (0.512410 --> 0.500805).  Saving model ...
Updating learning rate to 0.00059049
Epoch: 6 cost time: 16.043978214263916
Epoch: 6, Steps: 70 | Train Loss: 1.0354204 Vali Loss: 0.5133410
EarlyStopping counter: 1 out of 3
Updating learning rate to 0.000531441
Epoch: 7 cost time: 16.02507185935974
Epoch: 7, Steps: 70 | Train Loss: 1.0154944 Vali Loss: 0.5106229
EarlyStopping counter: 2 out of 3
Updating learning rate to 0.0004782969000000001
Epoch: 8 cost time: 16.003916025161743
Epoch: 8, Steps: 70 | Train Loss: 0.9992140 Vali Loss: 0.5089840
EarlyStopping counter: 3 out of 3
Early stopping
>>>>>>>testing : weather_96_192_iFlowformer_custom_M_ft96_sl48_ll192_pl512_dm8_nh2_el1_dl2048_df1_fctimeF_ebTrue_dtExp_projection_trk4_tsk7_2<<<<<<<<<<<<<<<<<<<<<<<<<<<<<<<<<
test 9196
test shape: (9196, 1, 1344, 21) (9196, 1, 1344, 21)
test shape: (9196, 1344, 21) (9196, 1344, 21)
prediction length: 192, mse:0.20107588171958923, mae:0.2480093389749527
prediction length: 384, mse:0.2580975294113159, mae:0.291390597820282
prediction length: 576, mse:0.2983865737915039, mae:0.31703537702560425
prediction length: 768, mse:0.3312933146953583, mae:0.33809009194374084
prediction length: 960, mse:0.35863444209098816, mae:0.35463571548461914
prediction length: 1152, mse:0.3800623118877411, mae:0.36641886830329895
prediction length: 1344, mse:0.400445818901062, mae:0.3780307471752167
Use GPU: cuda:0
>>>>>>>start training : weather_96_192_iFlowformer_custom_M_ft96_sl48_ll192_pl512_dm8_nh2_el1_dl2048_df1_fctimeF_ebTrue_dtExp_projection_trk4_tsk7_3>>>>>>>>>>>>>>>>>>>>>>>>>>
train 36024
val 5079
test 10348
Epoch: 1 cost time: 15.647374629974365
Epoch: 1, Steps: 70 | Train Loss: 1.2066550 Vali Loss: 0.5336003
Validation loss decreased (inf --> 0.533600).  Saving model ...
Updating learning rate to 0.0009000000000000001
Epoch: 2 cost time: 15.753099203109741
Epoch: 2, Steps: 70 | Train Loss: 1.1205065 Vali Loss: 0.5254235
Validation loss decreased (0.533600 --> 0.525423).  Saving model ...
Updating learning rate to 0.0008100000000000001
Epoch: 3 cost time: 15.921091318130493
Epoch: 3, Steps: 70 | Train Loss: 1.0962099 Vali Loss: 0.5075909
Validation loss decreased (0.525423 --> 0.507591).  Saving model ...
Updating learning rate to 0.0007290000000000002
Epoch: 4 cost time: 15.98710560798645
Epoch: 4, Steps: 70 | Train Loss: 1.0693439 Vali Loss: 0.5085514
EarlyStopping counter: 1 out of 3
Updating learning rate to 0.0006561000000000001
Epoch: 5 cost time: 15.90140151977539
Epoch: 5, Steps: 70 | Train Loss: 1.0479609 Vali Loss: 0.5006931
Validation loss decreased (0.507591 --> 0.500693).  Saving model ...
Updating learning rate to 0.00059049
Epoch: 6 cost time: 16.013195514678955
Epoch: 6, Steps: 70 | Train Loss: 1.0261349 Vali Loss: 0.5122033
EarlyStopping counter: 1 out of 3
Updating learning rate to 0.000531441
Epoch: 7 cost time: 15.94017481803894
Epoch: 7, Steps: 70 | Train Loss: 1.0102021 Vali Loss: 0.5130981
EarlyStopping counter: 2 out of 3
Updating learning rate to 0.0004782969000000001
Epoch: 8 cost time: 15.93238878250122
Epoch: 8, Steps: 70 | Train Loss: 0.9891340 Vali Loss: 0.5170651
EarlyStopping counter: 3 out of 3
Early stopping
>>>>>>>testing : weather_96_192_iFlowformer_custom_M_ft96_sl48_ll192_pl512_dm8_nh2_el1_dl2048_df1_fctimeF_ebTrue_dtExp_projection_trk4_tsk7_3<<<<<<<<<<<<<<<<<<<<<<<<<<<<<<<<<
test 9196
test shape: (9196, 1, 1344, 21) (9196, 1, 1344, 21)
test shape: (9196, 1344, 21) (9196, 1344, 21)
prediction length: 192, mse:0.2036636769771576, mae:0.25050657987594604
prediction length: 384, mse:0.26125282049179077, mae:0.29440346360206604
prediction length: 576, mse:0.30124372243881226, mae:0.32045257091522217
prediction length: 768, mse:0.3339952528476715, mae:0.34155625104904175
prediction length: 960, mse:0.36137282848358154, mae:0.35796141624450684
prediction length: 1152, mse:0.38316047191619873, mae:0.36985132098197937
prediction length: 1344, mse:0.4040914475917816, mae:0.3815341591835022
Args in experiment:
Namespace(is_training=1, model_id='weather_96_192', model='iFlowformer', data='custom', root_path='./dataset/weather/', data_path='weather.csv', features='M', target='OT', freq='h', checkpoints='./checkpoints/', seq_len=96, label_len=48, pred_len=192, training_k=4, test_k=7, beta=0.1, gamma=0.5, enc_in=21, dec_in=21, c_out=21, d_model=512, n_heads=8, e_layers=2, d_layers=1, d_ff=2048, moving_avg=25, factor=1, distil=True, dropout=0.1, embed='timeF', activation='gelu', output_attention=False, do_predict=False, num_workers=10, itr=5, train_epochs=30, batch_size=512, patience=3, learning_rate=0.001, des='Exp', loss='MSE', lradj='type1', use_amp=False, use_gpu=True, gpu=0, use_multi_gpu=False, devices='0,1,2,3', exp_name='MTSF', channel_independence=False, inverse=False, class_strategy='projection', target_root_path='./data/electricity/', target_data_path='electricity.csv', efficient_training=False, use_norm=True, partial_start_index=0)
Use GPU: cuda:0
>>>>>>>start training : weather_96_192_iFlowformer_custom_M_ft96_sl48_ll192_pl512_dm8_nh2_el1_dl2048_df1_fctimeF_ebTrue_dtExp_projection_trk4_tsk7_0>>>>>>>>>>>>>>>>>>>>>>>>>>
train 36024
val 5079
test 10348
Epoch: 1 cost time: 15.803932189941406
Epoch: 1, Steps: 70 | Train Loss: 1.2026784 Vali Loss: 0.5298088
Validation loss decreased (inf --> 0.529809).  Saving model ...
Updating learning rate to 0.0009000000000000001
Epoch: 2 cost time: 15.707414388656616
Epoch: 2, Steps: 70 | Train Loss: 1.1239665 Vali Loss: 0.5134103
Validation loss decreased (0.529809 --> 0.513410).  Saving model ...
Updating learning rate to 0.0008100000000000001
Epoch: 3 cost time: 15.876266717910767
Epoch: 3, Steps: 70 | Train Loss: 1.0969780 Vali Loss: 0.5103080
Validation loss decreased (0.513410 --> 0.510308).  Saving model ...
Updating learning rate to 0.0007290000000000002
Epoch: 4 cost time: 15.942084789276123
Epoch: 4, Steps: 70 | Train Loss: 1.0802520 Vali Loss: 0.5061812
Validation loss decreased (0.510308 --> 0.506181).  Saving model ...
Updating learning rate to 0.0006561000000000001
Epoch: 5 cost time: 15.919788837432861
Epoch: 5, Steps: 70 | Train Loss: 1.0550780 Vali Loss: 0.5082080
EarlyStopping counter: 1 out of 3
Updating learning rate to 0.00059049
Epoch: 6 cost time: 15.914766073226929
Epoch: 6, Steps: 70 | Train Loss: 1.0348104 Vali Loss: 0.5086055
EarlyStopping counter: 2 out of 3
Updating learning rate to 0.000531441
Epoch: 7 cost time: 15.882634401321411
Epoch: 7, Steps: 70 | Train Loss: 1.0153847 Vali Loss: 0.5062702
EarlyStopping counter: 3 out of 3
Early stopping
>>>>>>>testing : weather_96_192_iFlowformer_custom_M_ft96_sl48_ll192_pl512_dm8_nh2_el1_dl2048_df1_fctimeF_ebTrue_dtExp_projection_trk4_tsk7_0<<<<<<<<<<<<<<<<<<<<<<<<<<<<<<<<<
test 9196
test shape: (9196, 1, 1344, 21) (9196, 1, 1344, 21)
test shape: (9196, 1344, 21) (9196, 1344, 21)
prediction length: 192, mse:0.20330484211444855, mae:0.2502416968345642
prediction length: 384, mse:0.25952333211898804, mae:0.2928803563117981
prediction length: 576, mse:0.29928022623062134, mae:0.31835559010505676
prediction length: 768, mse:0.3317323923110962, mae:0.33914849162101746
prediction length: 960, mse:0.3589225113391876, mae:0.3556297719478607
prediction length: 1152, mse:0.38041722774505615, mae:0.3675561547279358
prediction length: 1344, mse:0.40095365047454834, mae:0.3791828751564026
Use GPU: cuda:0
>>>>>>>start training : weather_96_192_iFlowformer_custom_M_ft96_sl48_ll192_pl512_dm8_nh2_el1_dl2048_df1_fctimeF_ebTrue_dtExp_projection_trk4_tsk7_1>>>>>>>>>>>>>>>>>>>>>>>>>>
train 36024
val 5079
test 10348
Epoch: 1 cost time: 15.66489839553833
Epoch: 1, Steps: 70 | Train Loss: 1.2104304 Vali Loss: 0.5360051
Validation loss decreased (inf --> 0.536005).  Saving model ...
Updating learning rate to 0.0009000000000000001
Epoch: 2 cost time: 15.773136615753174
Epoch: 2, Steps: 70 | Train Loss: 1.1209241 Vali Loss: 0.5176386
Validation loss decreased (0.536005 --> 0.517639).  Saving model ...
Updating learning rate to 0.0008100000000000001
Epoch: 3 cost time: 15.92043399810791
Epoch: 3, Steps: 70 | Train Loss: 1.0942057 Vali Loss: 0.5034521
Validation loss decreased (0.517639 --> 0.503452).  Saving model ...
Updating learning rate to 0.0007290000000000002
Epoch: 4 cost time: 15.976493835449219
Epoch: 4, Steps: 70 | Train Loss: 1.0716231 Vali Loss: 0.5113057
EarlyStopping counter: 1 out of 3
Updating learning rate to 0.0006561000000000001
Epoch: 5 cost time: 15.967200517654419
Epoch: 5, Steps: 70 | Train Loss: 1.0513011 Vali Loss: 0.5112789
EarlyStopping counter: 2 out of 3
Updating learning rate to 0.00059049
Epoch: 6 cost time: 15.998544216156006
Epoch: 6, Steps: 70 | Train Loss: 1.0296885 Vali Loss: 0.5123852
EarlyStopping counter: 3 out of 3
Early stopping
>>>>>>>testing : weather_96_192_iFlowformer_custom_M_ft96_sl48_ll192_pl512_dm8_nh2_el1_dl2048_df1_fctimeF_ebTrue_dtExp_projection_trk4_tsk7_1<<<<<<<<<<<<<<<<<<<<<<<<<<<<<<<<<
test 9196
test shape: (9196, 1, 1344, 21) (9196, 1, 1344, 21)
test shape: (9196, 1344, 21) (9196, 1344, 21)
prediction length: 192, mse:0.20706069469451904, mae:0.2507418096065521
prediction length: 384, mse:0.262428879737854, mae:0.2934218645095825
prediction length: 576, mse:0.30247724056243896, mae:0.3191947042942047
prediction length: 768, mse:0.33517986536026, mae:0.3404071629047394
prediction length: 960, mse:0.36274635791778564, mae:0.35717999935150146
prediction length: 1152, mse:0.3846082091331482, mae:0.3694000840187073
prediction length: 1344, mse:0.4054473340511322, mae:0.38128411769866943
Use GPU: cuda:0
>>>>>>>start training : weather_96_192_iFlowformer_custom_M_ft96_sl48_ll192_pl512_dm8_nh2_el1_dl2048_df1_fctimeF_ebTrue_dtExp_projection_trk4_tsk7_2>>>>>>>>>>>>>>>>>>>>>>>>>>
train 36024
val 5079
test 10348
Epoch: 1 cost time: 15.687522649765015
Epoch: 1, Steps: 70 | Train Loss: 1.2076623 Vali Loss: 0.5285780
Validation loss decreased (inf --> 0.528578).  Saving model ...
Updating learning rate to 0.0009000000000000001
Epoch: 2 cost time: 15.806135416030884
Epoch: 2, Steps: 70 | Train Loss: 1.1207188 Vali Loss: 0.5094430
Validation loss decreased (0.528578 --> 0.509443).  Saving model ...
Updating learning rate to 0.0008100000000000001
Epoch: 3 cost time: 15.959167718887329
Epoch: 3, Steps: 70 | Train Loss: 1.0956482 Vali Loss: 0.5029721
Validation loss decreased (0.509443 --> 0.502972).  Saving model ...
Updating learning rate to 0.0007290000000000002
Epoch: 4 cost time: 16.02988362312317
Epoch: 4, Steps: 70 | Train Loss: 1.0760877 Vali Loss: 0.5033296
EarlyStopping counter: 1 out of 3
Updating learning rate to 0.0006561000000000001
Epoch: 5 cost time: 15.9571852684021
Epoch: 5, Steps: 70 | Train Loss: 1.0524977 Vali Loss: 0.5010021
Validation loss decreased (0.502972 --> 0.501002).  Saving model ...
Updating learning rate to 0.00059049
Epoch: 6 cost time: 16.076834201812744
Epoch: 6, Steps: 70 | Train Loss: 1.0326608 Vali Loss: 0.5110100
EarlyStopping counter: 1 out of 3
Updating learning rate to 0.000531441
Epoch: 7 cost time: 15.982096672058105
Epoch: 7, Steps: 70 | Train Loss: 1.0139701 Vali Loss: 0.5181204
EarlyStopping counter: 2 out of 3
Updating learning rate to 0.0004782969000000001
Epoch: 8 cost time: 16.019432544708252
Epoch: 8, Steps: 70 | Train Loss: 0.9950880 Vali Loss: 0.5246570
EarlyStopping counter: 3 out of 3
Early stopping
>>>>>>>testing : weather_96_192_iFlowformer_custom_M_ft96_sl48_ll192_pl512_dm8_nh2_el1_dl2048_df1_fctimeF_ebTrue_dtExp_projection_trk4_tsk7_2<<<<<<<<<<<<<<<<<<<<<<<<<<<<<<<<<
test 9196
test shape: (9196, 1, 1344, 21) (9196, 1, 1344, 21)
test shape: (9196, 1344, 21) (9196, 1344, 21)
prediction length: 192, mse:0.20000101625919342, mae:0.2481129914522171
prediction length: 384, mse:0.25772812962532043, mae:0.2921779155731201
prediction length: 576, mse:0.297643780708313, mae:0.31780847907066345
prediction length: 768, mse:0.33033451437950134, mae:0.33868175745010376
prediction length: 960, mse:0.35758936405181885, mae:0.355060338973999
prediction length: 1152, mse:0.37897518277168274, mae:0.3669041395187378
prediction length: 1344, mse:0.3993287682533264, mae:0.3785122334957123
Use GPU: cuda:0
>>>>>>>start training : weather_96_192_iFlowformer_custom_M_ft96_sl48_ll192_pl512_dm8_nh2_el1_dl2048_df1_fctimeF_ebTrue_dtExp_projection_trk4_tsk7_3>>>>>>>>>>>>>>>>>>>>>>>>>>
train 36024
val 5079
test 10348
Epoch: 1 cost time: 15.63132929801941
Epoch: 1, Steps: 70 | Train Loss: 1.2050546 Vali Loss: 0.5336536
Validation loss decreased (inf --> 0.533654).  Saving model ...
Updating learning rate to 0.0009000000000000001
Epoch: 2 cost time: 15.766784191131592
Epoch: 2, Steps: 70 | Train Loss: 1.1255079 Vali Loss: 0.5152616
Validation loss decreased (0.533654 --> 0.515262).  Saving model ...
Updating learning rate to 0.0008100000000000001
Epoch: 3 cost time: 15.94375991821289
Epoch: 3, Steps: 70 | Train Loss: 1.0978333 Vali Loss: 0.5103292
Validation loss decreased (0.515262 --> 0.510329).  Saving model ...
Updating learning rate to 0.0007290000000000002
Epoch: 4 cost time: 16.003052949905396
Epoch: 4, Steps: 70 | Train Loss: 1.0766714 Vali Loss: 0.4993163
Validation loss decreased (0.510329 --> 0.499316).  Saving model ...
Updating learning rate to 0.0006561000000000001
Epoch: 5 cost time: 15.98056674003601
Epoch: 5, Steps: 70 | Train Loss: 1.0554828 Vali Loss: 0.5077956
EarlyStopping counter: 1 out of 3
Updating learning rate to 0.00059049
Epoch: 6 cost time: 15.971116065979004
Epoch: 6, Steps: 70 | Train Loss: 1.0340819 Vali Loss: 0.5100662
EarlyStopping counter: 2 out of 3
Updating learning rate to 0.000531441
Epoch: 7 cost time: 15.963325262069702
Epoch: 7, Steps: 70 | Train Loss: 1.0176958 Vali Loss: 0.5124304
EarlyStopping counter: 3 out of 3
Early stopping
>>>>>>>testing : weather_96_192_iFlowformer_custom_M_ft96_sl48_ll192_pl512_dm8_nh2_el1_dl2048_df1_fctimeF_ebTrue_dtExp_projection_trk4_tsk7_3<<<<<<<<<<<<<<<<<<<<<<<<<<<<<<<<<
test 9196
test shape: (9196, 1, 1344, 21) (9196, 1, 1344, 21)
test shape: (9196, 1344, 21) (9196, 1344, 21)
prediction length: 192, mse:0.20302517712116241, mae:0.24832047522068024
prediction length: 384, mse:0.25995638966560364, mae:0.2922119200229645
prediction length: 576, mse:0.3003990650177002, mae:0.31818073987960815
prediction length: 768, mse:0.33355048298835754, mae:0.33934861421585083
prediction length: 960, mse:0.36124715209007263, mae:0.35609495639801025
prediction length: 1152, mse:0.3832531273365021, mae:0.36813703179359436
prediction length: 1344, mse:0.4043639600276947, mae:0.3800424337387085
Use GPU: cuda:0
>>>>>>>start training : weather_96_192_iFlowformer_custom_M_ft96_sl48_ll192_pl512_dm8_nh2_el1_dl2048_df1_fctimeF_ebTrue_dtExp_projection_trk4_tsk7_4>>>>>>>>>>>>>>>>>>>>>>>>>>
train 36024
val 5079
test 10348
Epoch: 1 cost time: 15.703281879425049
Epoch: 1, Steps: 70 | Train Loss: 1.2048883 Vali Loss: 0.5469083
Validation loss decreased (inf --> 0.546908).  Saving model ...
Updating learning rate to 0.0009000000000000001
Epoch: 2 cost time: 15.783123970031738
Epoch: 2, Steps: 70 | Train Loss: 1.1223283 Vali Loss: 0.5174000
Validation loss decreased (0.546908 --> 0.517400).  Saving model ...
Updating learning rate to 0.0008100000000000001
Epoch: 3 cost time: 15.985197067260742
Epoch: 3, Steps: 70 | Train Loss: 1.0936356 Vali Loss: 0.5136704
Validation loss decreased (0.517400 --> 0.513670).  Saving model ...
Updating learning rate to 0.0007290000000000002
Epoch: 4 cost time: 16.00089192390442
Epoch: 4, Steps: 70 | Train Loss: 1.0755857 Vali Loss: 0.5016494
Validation loss decreased (0.513670 --> 0.501649).  Saving model ...
Updating learning rate to 0.0006561000000000001
Epoch: 5 cost time: 16.049550533294678
Epoch: 5, Steps: 70 | Train Loss: 1.0513993 Vali Loss: 0.5066983
EarlyStopping counter: 1 out of 3
Updating learning rate to 0.00059049
Epoch: 6 cost time: 15.990203857421875
Epoch: 6, Steps: 70 | Train Loss: 1.0315827 Vali Loss: 0.5098047
EarlyStopping counter: 2 out of 3
Updating learning rate to 0.000531441
Epoch: 7 cost time: 16.003955602645874
Epoch: 7, Steps: 70 | Train Loss: 1.0112372 Vali Loss: 0.5101299
EarlyStopping counter: 3 out of 3
Early stopping
>>>>>>>testing : weather_96_192_iFlowformer_custom_M_ft96_sl48_ll192_pl512_dm8_nh2_el1_dl2048_df1_fctimeF_ebTrue_dtExp_projection_trk4_tsk7_4<<<<<<<<<<<<<<<<<<<<<<<<<<<<<<<<<
test 9196
test shape: (9196, 1, 1344, 21) (9196, 1, 1344, 21)
test shape: (9196, 1344, 21) (9196, 1344, 21)
prediction length: 192, mse:0.20309126377105713, mae:0.2492871880531311
prediction length: 384, mse:0.2591570019721985, mae:0.2922290861606598
prediction length: 576, mse:0.29880866408348083, mae:0.31764209270477295
prediction length: 768, mse:0.33112189173698425, mae:0.3384568691253662
prediction length: 960, mse:0.3583839535713196, mae:0.35499781370162964
prediction length: 1152, mse:0.37999072670936584, mae:0.3669602870941162
prediction length: 1344, mse:0.4005986750125885, mae:0.37868180871009827
Args in experiment:
Namespace(is_training=1, model_id='weather_96_192', model='iFlashformer', data='custom', root_path='./dataset/weather/', data_path='weather.csv', features='M', target='OT', freq='h', checkpoints='./checkpoints/', seq_len=96, label_len=48, pred_len=192, training_k=4, test_k=7, beta=0.1, gamma=0.5, enc_in=21, dec_in=21, c_out=21, d_model=512, n_heads=8, e_layers=2, d_layers=1, d_ff=2048, moving_avg=25, factor=3, distil=True, dropout=0.1, embed='timeF', activation='gelu', output_attention=False, do_predict=False, num_workers=10, itr=1, train_epochs=30, batch_size=512, patience=3, learning_rate=0.001, des='Exp', loss='MSE', lradj='type1', use_amp=False, use_gpu=True, gpu=0, use_multi_gpu=False, devices='0,1,2,3', exp_name='MTSF', channel_independence=False, inverse=False, class_strategy='projection', target_root_path='./data/electricity/', target_data_path='electricity.csv', efficient_training=False, use_norm=True, partial_start_index=0)
Use GPU: cuda:0
>>>>>>>start training : weather_96_192_iFlashformer_custom_M_ft96_sl48_ll192_pl512_dm8_nh2_el1_dl2048_df3_fctimeF_ebTrue_dtExp_projection_trk4_tsk7_0>>>>>>>>>>>>>>>>>>>>>>>>>>
train 36024
val 5079
test 10348
Epoch: 1 cost time: 14.553915977478027
Epoch: 1, Steps: 70 | Train Loss: 1.2026058 Vali Loss: 0.5237808
Validation loss decreased (inf --> 0.523781).  Saving model ...
Updating learning rate to 0.0009000000000000001
Epoch: 2 cost time: 14.339863300323486
Epoch: 2, Steps: 70 | Train Loss: 1.1128059 Vali Loss: 0.5179613
Validation loss decreased (0.523781 --> 0.517961).  Saving model ...
Updating learning rate to 0.0008100000000000001
Epoch: 3 cost time: 14.491722822189331
Epoch: 3, Steps: 70 | Train Loss: 1.0850014 Vali Loss: 0.5130971
Validation loss decreased (0.517961 --> 0.513097).  Saving model ...
Updating learning rate to 0.0007290000000000002
Epoch: 4 cost time: 14.564150333404541
Epoch: 4, Steps: 70 | Train Loss: 1.0611734 Vali Loss: 0.5081265
Validation loss decreased (0.513097 --> 0.508126).  Saving model ...
Updating learning rate to 0.0006561000000000001
Epoch: 5 cost time: 14.604943990707397
Epoch: 5, Steps: 70 | Train Loss: 1.0394679 Vali Loss: 0.5179325
EarlyStopping counter: 1 out of 3
Updating learning rate to 0.00059049
Epoch: 6 cost time: 14.562137603759766
Epoch: 6, Steps: 70 | Train Loss: 1.0169942 Vali Loss: 0.5188263
EarlyStopping counter: 2 out of 3
Updating learning rate to 0.000531441
Epoch: 7 cost time: 14.571500301361084
Epoch: 7, Steps: 70 | Train Loss: 0.9962728 Vali Loss: 0.5269474
EarlyStopping counter: 3 out of 3
Early stopping
>>>>>>>testing : weather_96_192_iFlashformer_custom_M_ft96_sl48_ll192_pl512_dm8_nh2_el1_dl2048_df3_fctimeF_ebTrue_dtExp_projection_trk4_tsk7_0<<<<<<<<<<<<<<<<<<<<<<<<<<<<<<<<<
test 9196
test shape: (9196, 1, 1344, 21) (9196, 1, 1344, 21)
test shape: (9196, 1344, 21) (9196, 1344, 21)
prediction length: 192, mse:0.20662052929401398, mae:0.25114455819129944
prediction length: 384, mse:0.26414239406585693, mae:0.29522669315338135
prediction length: 576, mse:0.30526110529899597, mae:0.32177823781967163
prediction length: 768, mse:0.3390757739543915, mae:0.34368836879730225
prediction length: 960, mse:0.3671416938304901, mae:0.36071160435676575
prediction length: 1152, mse:0.38941439986228943, mae:0.37314555048942566
prediction length: 1344, mse:0.41103166341781616, mae:0.3854764997959137
Args in experiment:
Namespace(is_training=1, model_id='weather_96_192', model='iFlashformer', data='custom', root_path='./dataset/weather/', data_path='weather.csv', features='M', target='OT', freq='h', checkpoints='./checkpoints/', seq_len=96, label_len=48, pred_len=192, training_k=4, test_k=7, beta=0.1, gamma=0.5, enc_in=21, dec_in=21, c_out=21, d_model=512, n_heads=8, e_layers=2, d_layers=1, d_ff=2048, moving_avg=25, factor=3, distil=True, dropout=0.1, embed='timeF', activation='gelu', output_attention=False, do_predict=False, num_workers=10, itr=2, train_epochs=30, batch_size=512, patience=3, learning_rate=0.001, des='Exp', loss='MSE', lradj='type1', use_amp=False, use_gpu=True, gpu=0, use_multi_gpu=False, devices='0,1,2,3', exp_name='MTSF', channel_independence=False, inverse=False, class_strategy='projection', target_root_path='./data/electricity/', target_data_path='electricity.csv', efficient_training=False, use_norm=True, partial_start_index=0)
Use GPU: cuda:0
>>>>>>>start training : weather_96_192_iFlashformer_custom_M_ft96_sl48_ll192_pl512_dm8_nh2_el1_dl2048_df3_fctimeF_ebTrue_dtExp_projection_trk4_tsk7_0>>>>>>>>>>>>>>>>>>>>>>>>>>
train 36024
val 5079
test 10348
Epoch: 1 cost time: 14.53787612915039
Epoch: 1, Steps: 70 | Train Loss: 1.2030104 Vali Loss: 0.5230529
Validation loss decreased (inf --> 0.523053).  Saving model ...
Updating learning rate to 0.0009000000000000001
Epoch: 2 cost time: 14.36772871017456
Epoch: 2, Steps: 70 | Train Loss: 1.1172233 Vali Loss: 0.5225224
Validation loss decreased (0.523053 --> 0.522522).  Saving model ...
Updating learning rate to 0.0008100000000000001
Epoch: 3 cost time: 14.184448957443237
Epoch: 3, Steps: 70 | Train Loss: 1.0923446 Vali Loss: 0.5163872
Validation loss decreased (0.522522 --> 0.516387).  Saving model ...
Updating learning rate to 0.0007290000000000002
Epoch: 4 cost time: 14.509583234786987
Epoch: 4, Steps: 70 | Train Loss: 1.0645341 Vali Loss: 0.5027093
Validation loss decreased (0.516387 --> 0.502709).  Saving model ...
Updating learning rate to 0.0006561000000000001
Epoch: 5 cost time: 14.3002347946167
Epoch: 5, Steps: 70 | Train Loss: 1.0487769 Vali Loss: 0.5108940
EarlyStopping counter: 1 out of 3
Updating learning rate to 0.00059049
Epoch: 6 cost time: 14.36746859550476
Epoch: 6, Steps: 70 | Train Loss: 1.0258203 Vali Loss: 0.5064331
EarlyStopping counter: 2 out of 3
Updating learning rate to 0.000531441
Epoch: 7 cost time: 14.580901384353638
Epoch: 7, Steps: 70 | Train Loss: 1.0035112 Vali Loss: 0.5073121
EarlyStopping counter: 3 out of 3
Early stopping
>>>>>>>testing : weather_96_192_iFlashformer_custom_M_ft96_sl48_ll192_pl512_dm8_nh2_el1_dl2048_df3_fctimeF_ebTrue_dtExp_projection_trk4_tsk7_0<<<<<<<<<<<<<<<<<<<<<<<<<<<<<<<<<
test 9196
test shape: (9196, 1, 1344, 21) (9196, 1, 1344, 21)
test shape: (9196, 1344, 21) (9196, 1344, 21)
prediction length: 192, mse:0.2041957825422287, mae:0.24780920147895813
prediction length: 384, mse:0.260553777217865, mae:0.29212361574172974
prediction length: 576, mse:0.30150333046913147, mae:0.31861886382102966
prediction length: 768, mse:0.33511993288993835, mae:0.34031611680984497
prediction length: 960, mse:0.36328187584877014, mae:0.35759392380714417
prediction length: 1152, mse:0.3854822516441345, mae:0.37007656693458557
prediction length: 1344, mse:0.40653344988822937, mae:0.3820924162864685
Use GPU: cuda:0
>>>>>>>start training : weather_96_192_iFlashformer_custom_M_ft96_sl48_ll192_pl512_dm8_nh2_el1_dl2048_df3_fctimeF_ebTrue_dtExp_projection_trk4_tsk7_1>>>>>>>>>>>>>>>>>>>>>>>>>>
train 36024
val 5079
test 10348
Epoch: 1 cost time: 14.428166627883911
Epoch: 1, Steps: 70 | Train Loss: 1.2029236 Vali Loss: 0.5274642
Validation loss decreased (inf --> 0.527464).  Saving model ...
Updating learning rate to 0.0009000000000000001
Epoch: 2 cost time: 14.456797361373901
Epoch: 2, Steps: 70 | Train Loss: 1.1129856 Vali Loss: 0.5123374
Validation loss decreased (0.527464 --> 0.512337).  Saving model ...
Updating learning rate to 0.0008100000000000001
Epoch: 3 cost time: 14.527712345123291
Epoch: 3, Steps: 70 | Train Loss: 1.0869226 Vali Loss: 0.5138918
EarlyStopping counter: 1 out of 3
Updating learning rate to 0.0007290000000000002
Epoch: 4 cost time: 14.624357223510742
Epoch: 4, Steps: 70 | Train Loss: 1.0642835 Vali Loss: 0.5127135
EarlyStopping counter: 2 out of 3
Updating learning rate to 0.0006561000000000001
Epoch: 5 cost time: 14.582086324691772
Epoch: 5, Steps: 70 | Train Loss: 1.0400479 Vali Loss: 0.5250280
EarlyStopping counter: 3 out of 3
Early stopping
>>>>>>>testing : weather_96_192_iFlashformer_custom_M_ft96_sl48_ll192_pl512_dm8_nh2_el1_dl2048_df3_fctimeF_ebTrue_dtExp_projection_trk4_tsk7_1<<<<<<<<<<<<<<<<<<<<<<<<<<<<<<<<<
test 9196
test shape: (9196, 1, 1344, 21) (9196, 1, 1344, 21)
test shape: (9196, 1344, 21) (9196, 1344, 21)
prediction length: 192, mse:0.20873400568962097, mae:0.2544044256210327
prediction length: 384, mse:0.26331397891044617, mae:0.2957542836666107
prediction length: 576, mse:0.3030460476875305, mae:0.3210613429546356
prediction length: 768, mse:0.336139440536499, mae:0.34248948097229004
prediction length: 960, mse:0.3642095923423767, mae:0.3595391809940338
prediction length: 1152, mse:0.38679268956184387, mae:0.3720986843109131
prediction length: 1344, mse:0.4081687033176422, mae:0.38435766100883484
Args in experiment:
Namespace(is_training=1, model_id='weather_96_192', model='iFlashformer', data='custom', root_path='./dataset/weather/', data_path='weather.csv', features='M', target='OT', freq='h', checkpoints='./checkpoints/', seq_len=96, label_len=48, pred_len=192, training_k=4, test_k=7, beta=0.1, gamma=0.5, enc_in=21, dec_in=21, c_out=21, d_model=512, n_heads=8, e_layers=2, d_layers=1, d_ff=2048, moving_avg=25, factor=3, distil=True, dropout=0.1, embed='timeF', activation='gelu', output_attention=False, do_predict=False, num_workers=10, itr=3, train_epochs=30, batch_size=512, patience=3, learning_rate=0.001, des='Exp', loss='MSE', lradj='type1', use_amp=False, use_gpu=True, gpu=0, use_multi_gpu=False, devices='0,1,2,3', exp_name='MTSF', channel_independence=False, inverse=False, class_strategy='projection', target_root_path='./data/electricity/', target_data_path='electricity.csv', efficient_training=False, use_norm=True, partial_start_index=0)
Use GPU: cuda:0
>>>>>>>start training : weather_96_192_iFlashformer_custom_M_ft96_sl48_ll192_pl512_dm8_nh2_el1_dl2048_df3_fctimeF_ebTrue_dtExp_projection_trk4_tsk7_0>>>>>>>>>>>>>>>>>>>>>>>>>>
train 36024
val 5079
test 10348
Epoch: 1 cost time: 14.49226975440979
Epoch: 1, Steps: 70 | Train Loss: 1.2061092 Vali Loss: 0.5262865
Validation loss decreased (inf --> 0.526287).  Saving model ...
Updating learning rate to 0.0009000000000000001
Epoch: 2 cost time: 14.346212148666382
Epoch: 2, Steps: 70 | Train Loss: 1.1137160 Vali Loss: 0.5222439
Validation loss decreased (0.526287 --> 0.522244).  Saving model ...
Updating learning rate to 0.0008100000000000001
Epoch: 3 cost time: 14.143385410308838
Epoch: 3, Steps: 70 | Train Loss: 1.0887840 Vali Loss: 0.5177474
Validation loss decreased (0.522244 --> 0.517747).  Saving model ...
Updating learning rate to 0.0007290000000000002
Epoch: 4 cost time: 14.480204105377197
Epoch: 4, Steps: 70 | Train Loss: 1.0661640 Vali Loss: 0.5196812
EarlyStopping counter: 1 out of 3
Updating learning rate to 0.0006561000000000001
Epoch: 5 cost time: 14.417283535003662
Epoch: 5, Steps: 70 | Train Loss: 1.0496124 Vali Loss: 0.5178386
EarlyStopping counter: 2 out of 3
Updating learning rate to 0.00059049
Epoch: 6 cost time: 14.6103355884552
Epoch: 6, Steps: 70 | Train Loss: 1.0216132 Vali Loss: 0.5179442
EarlyStopping counter: 3 out of 3
Early stopping
>>>>>>>testing : weather_96_192_iFlashformer_custom_M_ft96_sl48_ll192_pl512_dm8_nh2_el1_dl2048_df3_fctimeF_ebTrue_dtExp_projection_trk4_tsk7_0<<<<<<<<<<<<<<<<<<<<<<<<<<<<<<<<<
test 9196
test shape: (9196, 1, 1344, 21) (9196, 1, 1344, 21)
test shape: (9196, 1344, 21) (9196, 1344, 21)
prediction length: 192, mse:0.20915654301643372, mae:0.25331205129623413
prediction length: 384, mse:0.26413261890411377, mae:0.2954488694667816
prediction length: 576, mse:0.30411794781684875, mae:0.320909708738327
prediction length: 768, mse:0.3372769355773926, mae:0.3421657383441925
prediction length: 960, mse:0.3649757504463196, mae:0.35901588201522827
prediction length: 1152, mse:0.3869878351688385, mae:0.37113627791404724
prediction length: 1344, mse:0.40787988901138306, mae:0.3829788267612457
Use GPU: cuda:0
>>>>>>>start training : weather_96_192_iFlashformer_custom_M_ft96_sl48_ll192_pl512_dm8_nh2_el1_dl2048_df3_fctimeF_ebTrue_dtExp_projection_trk4_tsk7_1>>>>>>>>>>>>>>>>>>>>>>>>>>
train 36024
val 5079
test 10348
Epoch: 1 cost time: 14.35733437538147
Epoch: 1, Steps: 70 | Train Loss: 1.2090871 Vali Loss: 0.5347251
Validation loss decreased (inf --> 0.534725).  Saving model ...
Updating learning rate to 0.0009000000000000001
Epoch: 2 cost time: 14.473402976989746
Epoch: 2, Steps: 70 | Train Loss: 1.1189856 Vali Loss: 0.5044699
Validation loss decreased (0.534725 --> 0.504470).  Saving model ...
Updating learning rate to 0.0008100000000000001
Epoch: 3 cost time: 14.521128416061401
Epoch: 3, Steps: 70 | Train Loss: 1.0925655 Vali Loss: 0.5075809
EarlyStopping counter: 1 out of 3
Updating learning rate to 0.0007290000000000002
Epoch: 4 cost time: 14.523182392120361
Epoch: 4, Steps: 70 | Train Loss: 1.0651117 Vali Loss: 0.5064260
EarlyStopping counter: 2 out of 3
Updating learning rate to 0.0006561000000000001
Epoch: 5 cost time: 14.567192554473877
Epoch: 5, Steps: 70 | Train Loss: 1.0453589 Vali Loss: 0.5048781
EarlyStopping counter: 3 out of 3
Early stopping
>>>>>>>testing : weather_96_192_iFlashformer_custom_M_ft96_sl48_ll192_pl512_dm8_nh2_el1_dl2048_df3_fctimeF_ebTrue_dtExp_projection_trk4_tsk7_1<<<<<<<<<<<<<<<<<<<<<<<<<<<<<<<<<
test 9196
test shape: (9196, 1, 1344, 21) (9196, 1, 1344, 21)
test shape: (9196, 1344, 21) (9196, 1344, 21)
prediction length: 192, mse:0.2092868983745575, mae:0.2550307512283325
prediction length: 384, mse:0.263668954372406, mae:0.2962321937084198
prediction length: 576, mse:0.3028276264667511, mae:0.3208908140659332
prediction length: 768, mse:0.33546918630599976, mae:0.3417147994041443
prediction length: 960, mse:0.36252468824386597, mae:0.35822367668151855
prediction length: 1152, mse:0.383801132440567, mae:0.3699607253074646
prediction length: 1344, mse:0.4040449559688568, mae:0.3814306855201721
Use GPU: cuda:0
>>>>>>>start training : weather_96_192_iFlashformer_custom_M_ft96_sl48_ll192_pl512_dm8_nh2_el1_dl2048_df3_fctimeF_ebTrue_dtExp_projection_trk4_tsk7_2>>>>>>>>>>>>>>>>>>>>>>>>>>
train 36024
val 5079
test 10348
Epoch: 1 cost time: 14.387556791305542
Epoch: 1, Steps: 70 | Train Loss: 1.2052395 Vali Loss: 0.5332682
Validation loss decreased (inf --> 0.533268).  Saving model ...
Updating learning rate to 0.0009000000000000001
Epoch: 2 cost time: 14.454092502593994
Epoch: 2, Steps: 70 | Train Loss: 1.1147774 Vali Loss: 0.5232698
Validation loss decreased (0.533268 --> 0.523270).  Saving model ...
Updating learning rate to 0.0008100000000000001
Epoch: 3 cost time: 14.502685546875
Epoch: 3, Steps: 70 | Train Loss: 1.0927086 Vali Loss: 0.5278022
EarlyStopping counter: 1 out of 3
Updating learning rate to 0.0007290000000000002
Epoch: 4 cost time: 14.524861574172974
Epoch: 4, Steps: 70 | Train Loss: 1.0829874 Vali Loss: 0.5235183
EarlyStopping counter: 2 out of 3
Updating learning rate to 0.0006561000000000001
Epoch: 5 cost time: 14.551357984542847
Epoch: 5, Steps: 70 | Train Loss: 1.0533613 Vali Loss: 0.5071610
Validation loss decreased (0.523270 --> 0.507161).  Saving model ...
Updating learning rate to 0.00059049
Epoch: 6 cost time: 14.68565058708191
Epoch: 6, Steps: 70 | Train Loss: 1.0301088 Vali Loss: 0.5105598
EarlyStopping counter: 1 out of 3
Updating learning rate to 0.000531441
Epoch: 7 cost time: 14.655241012573242
Epoch: 7, Steps: 70 | Train Loss: 1.0125574 Vali Loss: 0.5127828
EarlyStopping counter: 2 out of 3
Updating learning rate to 0.0004782969000000001
Epoch: 8 cost time: 14.578136682510376
Epoch: 8, Steps: 70 | Train Loss: 0.9930984 Vali Loss: 0.5288548
EarlyStopping counter: 3 out of 3
Early stopping
>>>>>>>testing : weather_96_192_iFlashformer_custom_M_ft96_sl48_ll192_pl512_dm8_nh2_el1_dl2048_df3_fctimeF_ebTrue_dtExp_projection_trk4_tsk7_2<<<<<<<<<<<<<<<<<<<<<<<<<<<<<<<<<
test 9196
test shape: (9196, 1, 1344, 21) (9196, 1, 1344, 21)
test shape: (9196, 1344, 21) (9196, 1344, 21)
prediction length: 192, mse:0.2078423947095871, mae:0.2535671591758728
prediction length: 384, mse:0.2640666663646698, mae:0.29708006978034973
prediction length: 576, mse:0.30423101782798767, mae:0.32290351390838623
prediction length: 768, mse:0.33810192346572876, mae:0.3445734977722168
prediction length: 960, mse:0.3667989671230316, mae:0.3618479371070862
prediction length: 1152, mse:0.38927745819091797, mae:0.37432417273521423
prediction length: 1344, mse:0.4110654890537262, mae:0.3867654502391815
Args in experiment:
Namespace(is_training=1, model_id='weather_96_192', model='iFlashformer', data='custom', root_path='./dataset/weather/', data_path='weather.csv', features='M', target='OT', freq='h', checkpoints='./checkpoints/', seq_len=96, label_len=48, pred_len=192, training_k=4, test_k=7, beta=0.1, gamma=0.5, enc_in=21, dec_in=21, c_out=21, d_model=512, n_heads=8, e_layers=2, d_layers=1, d_ff=2048, moving_avg=25, factor=3, distil=True, dropout=0.1, embed='timeF', activation='gelu', output_attention=False, do_predict=False, num_workers=10, itr=4, train_epochs=30, batch_size=512, patience=3, learning_rate=0.001, des='Exp', loss='MSE', lradj='type1', use_amp=False, use_gpu=True, gpu=0, use_multi_gpu=False, devices='0,1,2,3', exp_name='MTSF', channel_independence=False, inverse=False, class_strategy='projection', target_root_path='./data/electricity/', target_data_path='electricity.csv', efficient_training=False, use_norm=True, partial_start_index=0)
Use GPU: cuda:0
>>>>>>>start training : weather_96_192_iFlashformer_custom_M_ft96_sl48_ll192_pl512_dm8_nh2_el1_dl2048_df3_fctimeF_ebTrue_dtExp_projection_trk4_tsk7_0>>>>>>>>>>>>>>>>>>>>>>>>>>
train 36024
val 5079
test 10348
Epoch: 1 cost time: 14.499682903289795
Epoch: 1, Steps: 70 | Train Loss: 1.2032066 Vali Loss: 0.5221362
Validation loss decreased (inf --> 0.522136).  Saving model ...
Updating learning rate to 0.0009000000000000001
Epoch: 2 cost time: 14.400721549987793
Epoch: 2, Steps: 70 | Train Loss: 1.1124672 Vali Loss: 0.5175194
Validation loss decreased (0.522136 --> 0.517519).  Saving model ...
Updating learning rate to 0.0008100000000000001
Epoch: 3 cost time: 14.399116277694702
Epoch: 3, Steps: 70 | Train Loss: 1.0868137 Vali Loss: 0.5166891
Validation loss decreased (0.517519 --> 0.516689).  Saving model ...
Updating learning rate to 0.0007290000000000002
Epoch: 4 cost time: 14.485090494155884
Epoch: 4, Steps: 70 | Train Loss: 1.0604752 Vali Loss: 0.5101191
Validation loss decreased (0.516689 --> 0.510119).  Saving model ...
Updating learning rate to 0.0006561000000000001
Epoch: 5 cost time: 14.489293575286865
Epoch: 5, Steps: 70 | Train Loss: 1.0387783 Vali Loss: 0.5258721
EarlyStopping counter: 1 out of 3
Updating learning rate to 0.00059049
Epoch: 6 cost time: 14.59412431716919
Epoch: 6, Steps: 70 | Train Loss: 1.0208147 Vali Loss: 0.5278016
EarlyStopping counter: 2 out of 3
Updating learning rate to 0.000531441
Epoch: 7 cost time: 14.276910781860352
Epoch: 7, Steps: 70 | Train Loss: 1.0063879 Vali Loss: 0.5368941
EarlyStopping counter: 3 out of 3
Early stopping
>>>>>>>testing : weather_96_192_iFlashformer_custom_M_ft96_sl48_ll192_pl512_dm8_nh2_el1_dl2048_df3_fctimeF_ebTrue_dtExp_projection_trk4_tsk7_0<<<<<<<<<<<<<<<<<<<<<<<<<<<<<<<<<
test 9196
test shape: (9196, 1, 1344, 21) (9196, 1, 1344, 21)
test shape: (9196, 1344, 21) (9196, 1344, 21)
prediction length: 192, mse:0.20543383061885834, mae:0.2516469657421112
prediction length: 384, mse:0.26001235842704773, mae:0.294016033411026
prediction length: 576, mse:0.29967033863067627, mae:0.319550484418869
prediction length: 768, mse:0.33286336064338684, mae:0.3408300280570984
prediction length: 960, mse:0.360669881105423, mae:0.3578152358531952
prediction length: 1152, mse:0.38279297947883606, mae:0.37030091881752014
prediction length: 1344, mse:0.40377628803253174, mae:0.38226842880249023
Use GPU: cuda:0
>>>>>>>start training : weather_96_192_iFlashformer_custom_M_ft96_sl48_ll192_pl512_dm8_nh2_el1_dl2048_df3_fctimeF_ebTrue_dtExp_projection_trk4_tsk7_1>>>>>>>>>>>>>>>>>>>>>>>>>>
train 36024
val 5079
test 10348
Epoch: 1 cost time: 14.29712700843811
Epoch: 1, Steps: 70 | Train Loss: 1.1981378 Vali Loss: 0.5584587
Validation loss decreased (inf --> 0.558459).  Saving model ...
Updating learning rate to 0.0009000000000000001
Epoch: 2 cost time: 14.404988765716553
Epoch: 2, Steps: 70 | Train Loss: 1.1175817 Vali Loss: 0.5106910
Validation loss decreased (0.558459 --> 0.510691).  Saving model ...
Updating learning rate to 0.0008100000000000001
Epoch: 3 cost time: 14.512449502944946
Epoch: 3, Steps: 70 | Train Loss: 1.0863165 Vali Loss: 0.5040219
Validation loss decreased (0.510691 --> 0.504022).  Saving model ...
Updating learning rate to 0.0007290000000000002
Epoch: 4 cost time: 14.563852787017822
Epoch: 4, Steps: 70 | Train Loss: 1.0627878 Vali Loss: 0.5083988
EarlyStopping counter: 1 out of 3
Updating learning rate to 0.0006561000000000001
Epoch: 5 cost time: 14.524402856826782
Epoch: 5, Steps: 70 | Train Loss: 1.0395356 Vali Loss: 0.5192993
EarlyStopping counter: 2 out of 3
Updating learning rate to 0.00059049
Epoch: 6 cost time: 14.585833549499512
Epoch: 6, Steps: 70 | Train Loss: 1.0255749 Vali Loss: 0.5075803
EarlyStopping counter: 3 out of 3
Early stopping
>>>>>>>testing : weather_96_192_iFlashformer_custom_M_ft96_sl48_ll192_pl512_dm8_nh2_el1_dl2048_df3_fctimeF_ebTrue_dtExp_projection_trk4_tsk7_1<<<<<<<<<<<<<<<<<<<<<<<<<<<<<<<<<
test 9196
test shape: (9196, 1, 1344, 21) (9196, 1, 1344, 21)
test shape: (9196, 1344, 21) (9196, 1344, 21)
prediction length: 192, mse:0.20561189949512482, mae:0.25113916397094727
prediction length: 384, mse:0.2610894739627838, mae:0.2934774160385132
prediction length: 576, mse:0.30114486813545227, mae:0.3188267946243286
prediction length: 768, mse:0.33428218960762024, mae:0.34017252922058105
prediction length: 960, mse:0.3615419864654541, mae:0.3567032516002655
prediction length: 1152, mse:0.3830653131008148, mae:0.36861875653266907
prediction length: 1344, mse:0.40360623598098755, mae:0.3803648352622986
Use GPU: cuda:0
>>>>>>>start training : weather_96_192_iFlashformer_custom_M_ft96_sl48_ll192_pl512_dm8_nh2_el1_dl2048_df3_fctimeF_ebTrue_dtExp_projection_trk4_tsk7_2>>>>>>>>>>>>>>>>>>>>>>>>>>
train 36024
val 5079
test 10348
Epoch: 1 cost time: 14.381970405578613
Epoch: 1, Steps: 70 | Train Loss: 1.1982821 Vali Loss: 0.5196035
Validation loss decreased (inf --> 0.519603).  Saving model ...
Updating learning rate to 0.0009000000000000001
Epoch: 2 cost time: 14.46017599105835
Epoch: 2, Steps: 70 | Train Loss: 1.1153247 Vali Loss: 0.5089204
Validation loss decreased (0.519603 --> 0.508920).  Saving model ...
Updating learning rate to 0.0008100000000000001
Epoch: 3 cost time: 14.518230438232422
Epoch: 3, Steps: 70 | Train Loss: 1.0828413 Vali Loss: 0.5181479
EarlyStopping counter: 1 out of 3
Updating learning rate to 0.0007290000000000002
Epoch: 4 cost time: 14.54196286201477
Epoch: 4, Steps: 70 | Train Loss: 1.0627052 Vali Loss: 0.5120165
EarlyStopping counter: 2 out of 3
Updating learning rate to 0.0006561000000000001
Epoch: 5 cost time: 14.568439245223999
Epoch: 5, Steps: 70 | Train Loss: 1.0367306 Vali Loss: 0.5154769
EarlyStopping counter: 3 out of 3
Early stopping
>>>>>>>testing : weather_96_192_iFlashformer_custom_M_ft96_sl48_ll192_pl512_dm8_nh2_el1_dl2048_df3_fctimeF_ebTrue_dtExp_projection_trk4_tsk7_2<<<<<<<<<<<<<<<<<<<<<<<<<<<<<<<<<
test 9196
test shape: (9196, 1, 1344, 21) (9196, 1, 1344, 21)
test shape: (9196, 1344, 21) (9196, 1344, 21)
prediction length: 192, mse:0.20991428196430206, mae:0.256212055683136
prediction length: 384, mse:0.2644687294960022, mae:0.29729923605918884
prediction length: 576, mse:0.3043972849845886, mae:0.3224954307079315
prediction length: 768, mse:0.3372126817703247, mae:0.34355399012565613
prediction length: 960, mse:0.36476486921310425, mae:0.3601224422454834
prediction length: 1152, mse:0.3866976201534271, mae:0.37208372354507446
prediction length: 1344, mse:0.40743696689605713, mae:0.3838515877723694
Use GPU: cuda:0
>>>>>>>start training : weather_96_192_iFlashformer_custom_M_ft96_sl48_ll192_pl512_dm8_nh2_el1_dl2048_df3_fctimeF_ebTrue_dtExp_projection_trk4_tsk7_3>>>>>>>>>>>>>>>>>>>>>>>>>>
train 36024
val 5079
test 10348
Epoch: 1 cost time: 14.353098630905151
Epoch: 1, Steps: 70 | Train Loss: 1.1980583 Vali Loss: 0.5314219
Validation loss decreased (inf --> 0.531422).  Saving model ...
Updating learning rate to 0.0009000000000000001
Epoch: 2 cost time: 14.490519523620605
Epoch: 2, Steps: 70 | Train Loss: 1.1109853 Vali Loss: 0.5201199
Validation loss decreased (0.531422 --> 0.520120).  Saving model ...
Updating learning rate to 0.0008100000000000001
Epoch: 3 cost time: 14.51655125617981
Epoch: 3, Steps: 70 | Train Loss: 1.0861055 Vali Loss: 0.5174000
Validation loss decreased (0.520120 --> 0.517400).  Saving model ...
Updating learning rate to 0.0007290000000000002
Epoch: 4 cost time: 14.539440155029297
Epoch: 4, Steps: 70 | Train Loss: 1.0632206 Vali Loss: 0.5179327
EarlyStopping counter: 1 out of 3
Updating learning rate to 0.0006561000000000001
Epoch: 5 cost time: 14.517590999603271
Epoch: 5, Steps: 70 | Train Loss: 1.0386206 Vali Loss: 0.5239843
EarlyStopping counter: 2 out of 3
Updating learning rate to 0.00059049
Epoch: 6 cost time: 14.653794288635254
Epoch: 6, Steps: 70 | Train Loss: 1.0141503 Vali Loss: 0.5255157
EarlyStopping counter: 3 out of 3
Early stopping
>>>>>>>testing : weather_96_192_iFlashformer_custom_M_ft96_sl48_ll192_pl512_dm8_nh2_el1_dl2048_df3_fctimeF_ebTrue_dtExp_projection_trk4_tsk7_3<<<<<<<<<<<<<<<<<<<<<<<<<<<<<<<<<
test 9196
test shape: (9196, 1, 1344, 21) (9196, 1, 1344, 21)
test shape: (9196, 1344, 21) (9196, 1344, 21)
prediction length: 192, mse:0.2081945538520813, mae:0.25306177139282227
prediction length: 384, mse:0.26328280568122864, mae:0.29480990767478943
prediction length: 576, mse:0.30275508761405945, mae:0.31984907388687134
prediction length: 768, mse:0.3354767858982086, mae:0.34090501070022583
prediction length: 960, mse:0.362806499004364, mae:0.35748302936553955
prediction length: 1152, mse:0.3842797577381134, mae:0.36939117312431335
prediction length: 1344, mse:0.404544860124588, mae:0.38097313046455383
Args in experiment:
Namespace(is_training=1, model_id='weather_96_192', model='iFlashformer', data='custom', root_path='./dataset/weather/', data_path='weather.csv', features='M', target='OT', freq='h', checkpoints='./checkpoints/', seq_len=96, label_len=48, pred_len=192, training_k=4, test_k=7, beta=0.1, gamma=0.5, enc_in=21, dec_in=21, c_out=21, d_model=512, n_heads=8, e_layers=2, d_layers=1, d_ff=2048, moving_avg=25, factor=3, distil=True, dropout=0.1, embed='timeF', activation='gelu', output_attention=False, do_predict=False, num_workers=10, itr=5, train_epochs=30, batch_size=512, patience=3, learning_rate=0.001, des='Exp', loss='MSE', lradj='type1', use_amp=False, use_gpu=True, gpu=0, use_multi_gpu=False, devices='0,1,2,3', exp_name='MTSF', channel_independence=False, inverse=False, class_strategy='projection', target_root_path='./data/electricity/', target_data_path='electricity.csv', efficient_training=False, use_norm=True, partial_start_index=0)
Use GPU: cuda:0
>>>>>>>start training : weather_96_192_iFlashformer_custom_M_ft96_sl48_ll192_pl512_dm8_nh2_el1_dl2048_df3_fctimeF_ebTrue_dtExp_projection_trk4_tsk7_0>>>>>>>>>>>>>>>>>>>>>>>>>>
train 36024
val 5079
test 10348
Epoch: 1 cost time: 14.480590343475342
Epoch: 1, Steps: 70 | Train Loss: 1.2041668 Vali Loss: 0.5220735
Validation loss decreased (inf --> 0.522074).  Saving model ...
Updating learning rate to 0.0009000000000000001
Epoch: 2 cost time: 14.38454008102417
Epoch: 2, Steps: 70 | Train Loss: 1.1150219 Vali Loss: 0.5180138
Validation loss decreased (0.522074 --> 0.518014).  Saving model ...
Updating learning rate to 0.0008100000000000001
Epoch: 3 cost time: 14.400267124176025
Epoch: 3, Steps: 70 | Train Loss: 1.0842320 Vali Loss: 0.5076706
Validation loss decreased (0.518014 --> 0.507671).  Saving model ...
Updating learning rate to 0.0007290000000000002
Epoch: 4 cost time: 14.463235139846802
Epoch: 4, Steps: 70 | Train Loss: 1.0621213 Vali Loss: 0.5275385
EarlyStopping counter: 1 out of 3
Updating learning rate to 0.0006561000000000001
Epoch: 5 cost time: 14.47176718711853
Epoch: 5, Steps: 70 | Train Loss: 1.0440141 Vali Loss: 0.5108939
EarlyStopping counter: 2 out of 3
Updating learning rate to 0.00059049
Epoch: 6 cost time: 14.616191625595093
Epoch: 6, Steps: 70 | Train Loss: 1.0169210 Vali Loss: 0.5127672
EarlyStopping counter: 3 out of 3
Early stopping
>>>>>>>testing : weather_96_192_iFlashformer_custom_M_ft96_sl48_ll192_pl512_dm8_nh2_el1_dl2048_df3_fctimeF_ebTrue_dtExp_projection_trk4_tsk7_0<<<<<<<<<<<<<<<<<<<<<<<<<<<<<<<<<
test 9196
test shape: (9196, 1, 1344, 21) (9196, 1, 1344, 21)
test shape: (9196, 1344, 21) (9196, 1344, 21)
prediction length: 192, mse:0.20625950396060944, mae:0.2513490319252014
prediction length: 384, mse:0.262552410364151, mae:0.29475805163383484
prediction length: 576, mse:0.3030262887477875, mae:0.3206554353237152
prediction length: 768, mse:0.3365909457206726, mae:0.3422047793865204
prediction length: 960, mse:0.36464375257492065, mae:0.3592889904975891
prediction length: 1152, mse:0.38683104515075684, mae:0.37161603569984436
prediction length: 1344, mse:0.40794694423675537, mae:0.3836943507194519
Use GPU: cuda:0
>>>>>>>start training : weather_96_192_iFlashformer_custom_M_ft96_sl48_ll192_pl512_dm8_nh2_el1_dl2048_df3_fctimeF_ebTrue_dtExp_projection_trk4_tsk7_1>>>>>>>>>>>>>>>>>>>>>>>>>>
train 36024
val 5079
test 10348
Epoch: 1 cost time: 14.389875173568726
Epoch: 1, Steps: 70 | Train Loss: 1.1977918 Vali Loss: 0.5197347
Validation loss decreased (inf --> 0.519735).  Saving model ...
Updating learning rate to 0.0009000000000000001
Epoch: 2 cost time: 14.443555355072021
Epoch: 2, Steps: 70 | Train Loss: 1.1127382 Vali Loss: 0.5170864
Validation loss decreased (0.519735 --> 0.517086).  Saving model ...
Updating learning rate to 0.0008100000000000001
Epoch: 3 cost time: 14.517231464385986
Epoch: 3, Steps: 70 | Train Loss: 1.0847947 Vali Loss: 0.5251175
EarlyStopping counter: 1 out of 3
Updating learning rate to 0.0007290000000000002
Epoch: 4 cost time: 14.523339033126831
Epoch: 4, Steps: 70 | Train Loss: 1.0640685 Vali Loss: 0.5100631
Validation loss decreased (0.517086 --> 0.510063).  Saving model ...
Updating learning rate to 0.0006561000000000001
Epoch: 5 cost time: 14.644961595535278
Epoch: 5, Steps: 70 | Train Loss: 1.0365494 Vali Loss: 0.5078697
Validation loss decreased (0.510063 --> 0.507870).  Saving model ...
Updating learning rate to 0.00059049
Epoch: 6 cost time: 14.676499843597412
Epoch: 6, Steps: 70 | Train Loss: 1.0199866 Vali Loss: 0.5191363
EarlyStopping counter: 1 out of 3
Updating learning rate to 0.000531441
Epoch: 7 cost time: 14.666964292526245
Epoch: 7, Steps: 70 | Train Loss: 0.9957853 Vali Loss: 0.5144896
EarlyStopping counter: 2 out of 3
Updating learning rate to 0.0004782969000000001
Epoch: 8 cost time: 14.6591956615448
Epoch: 8, Steps: 70 | Train Loss: 0.9795439 Vali Loss: 0.5200617
EarlyStopping counter: 3 out of 3
Early stopping
>>>>>>>testing : weather_96_192_iFlashformer_custom_M_ft96_sl48_ll192_pl512_dm8_nh2_el1_dl2048_df3_fctimeF_ebTrue_dtExp_projection_trk4_tsk7_1<<<<<<<<<<<<<<<<<<<<<<<<<<<<<<<<<
test 9196
test shape: (9196, 1, 1344, 21) (9196, 1, 1344, 21)
test shape: (9196, 1344, 21) (9196, 1344, 21)
prediction length: 192, mse:0.20520828664302826, mae:0.2523130178451538
prediction length: 384, mse:0.260952889919281, mae:0.294720321893692
prediction length: 576, mse:0.30076834559440613, mae:0.3201889097690582
prediction length: 768, mse:0.333954781293869, mae:0.3415343165397644
prediction length: 960, mse:0.3612031042575836, mae:0.3580740690231323
prediction length: 1152, mse:0.38257914781570435, mae:0.3698999285697937
prediction length: 1344, mse:0.4029862582683563, mae:0.3814579248428345
Use GPU: cuda:0
>>>>>>>start training : weather_96_192_iFlashformer_custom_M_ft96_sl48_ll192_pl512_dm8_nh2_el1_dl2048_df3_fctimeF_ebTrue_dtExp_projection_trk4_tsk7_2>>>>>>>>>>>>>>>>>>>>>>>>>>
train 36024
val 5079
test 10348
Epoch: 1 cost time: 14.440425872802734
Epoch: 1, Steps: 70 | Train Loss: 1.2015349 Vali Loss: 0.5253389
Validation loss decreased (inf --> 0.525339).  Saving model ...
Updating learning rate to 0.0009000000000000001
Epoch: 2 cost time: 14.450135707855225
Epoch: 2, Steps: 70 | Train Loss: 1.1117123 Vali Loss: 0.5169672
Validation loss decreased (0.525339 --> 0.516967).  Saving model ...
Updating learning rate to 0.0008100000000000001
Epoch: 3 cost time: 14.54587984085083
Epoch: 3, Steps: 70 | Train Loss: 1.0867640 Vali Loss: 0.5159601
Validation loss decreased (0.516967 --> 0.515960).  Saving model ...
Updating learning rate to 0.0007290000000000002
Epoch: 4 cost time: 14.638550758361816
Epoch: 4, Steps: 70 | Train Loss: 1.0612904 Vali Loss: 0.5136216
Validation loss decreased (0.515960 --> 0.513622).  Saving model ...
Updating learning rate to 0.0006561000000000001
Epoch: 5 cost time: 14.66466760635376
Epoch: 5, Steps: 70 | Train Loss: 1.0446031 Vali Loss: 0.5140870
EarlyStopping counter: 1 out of 3
Updating learning rate to 0.00059049
Epoch: 6 cost time: 14.625826597213745
Epoch: 6, Steps: 70 | Train Loss: 1.0197721 Vali Loss: 0.5245824
EarlyStopping counter: 2 out of 3
Updating learning rate to 0.000531441
Epoch: 7 cost time: 14.630980730056763
Epoch: 7, Steps: 70 | Train Loss: 1.0032468 Vali Loss: 0.5243216
EarlyStopping counter: 3 out of 3
Early stopping
>>>>>>>testing : weather_96_192_iFlashformer_custom_M_ft96_sl48_ll192_pl512_dm8_nh2_el1_dl2048_df3_fctimeF_ebTrue_dtExp_projection_trk4_tsk7_2<<<<<<<<<<<<<<<<<<<<<<<<<<<<<<<<<
test 9196
test shape: (9196, 1, 1344, 21) (9196, 1, 1344, 21)
test shape: (9196, 1344, 21) (9196, 1344, 21)
prediction length: 192, mse:0.20495769381523132, mae:0.2495497614145279
prediction length: 384, mse:0.26073238253593445, mae:0.2926289141178131
prediction length: 576, mse:0.3009551763534546, mae:0.31838518381118774
prediction length: 768, mse:0.33411967754364014, mae:0.33972612023353577
prediction length: 960, mse:0.36180758476257324, mae:0.35670948028564453
prediction length: 1152, mse:0.3834969699382782, mae:0.36892297863960266
prediction length: 1344, mse:0.4041295051574707, mae:0.3807776868343353
Use GPU: cuda:0
>>>>>>>start training : weather_96_192_iFlashformer_custom_M_ft96_sl48_ll192_pl512_dm8_nh2_el1_dl2048_df3_fctimeF_ebTrue_dtExp_projection_trk4_tsk7_3>>>>>>>>>>>>>>>>>>>>>>>>>>
train 36024
val 5079
test 10348
Epoch: 1 cost time: 14.418999671936035
Epoch: 1, Steps: 70 | Train Loss: 1.2020516 Vali Loss: 0.5201556
Validation loss decreased (inf --> 0.520156).  Saving model ...
Updating learning rate to 0.0009000000000000001
Epoch: 2 cost time: 14.43230938911438
Epoch: 2, Steps: 70 | Train Loss: 1.1135200 Vali Loss: 0.5185266
Validation loss decreased (0.520156 --> 0.518527).  Saving model ...
Updating learning rate to 0.0008100000000000001
Epoch: 3 cost time: 14.494680881500244
Epoch: 3, Steps: 70 | Train Loss: 1.0840124 Vali Loss: 0.5091053
Validation loss decreased (0.518527 --> 0.509105).  Saving model ...
Updating learning rate to 0.0007290000000000002
Epoch: 4 cost time: 14.580187320709229
Epoch: 4, Steps: 70 | Train Loss: 1.0622533 Vali Loss: 0.5087799
Validation loss decreased (0.509105 --> 0.508780).  Saving model ...
Updating learning rate to 0.0006561000000000001
Epoch: 5 cost time: 14.620378255844116
Epoch: 5, Steps: 70 | Train Loss: 1.0439589 Vali Loss: 0.5075964
Validation loss decreased (0.508780 --> 0.507596).  Saving model ...
Updating learning rate to 0.00059049
Epoch: 6 cost time: 14.642168760299683
Epoch: 6, Steps: 70 | Train Loss: 1.0223755 Vali Loss: 0.5166371
EarlyStopping counter: 1 out of 3
Updating learning rate to 0.000531441
Epoch: 7 cost time: 14.592689037322998
Epoch: 7, Steps: 70 | Train Loss: 0.9982167 Vali Loss: 0.5211073
EarlyStopping counter: 2 out of 3
Updating learning rate to 0.0004782969000000001
Epoch: 8 cost time: 14.601689100265503
Epoch: 8, Steps: 70 | Train Loss: 0.9810003 Vali Loss: 0.5266556
EarlyStopping counter: 3 out of 3
Early stopping
>>>>>>>testing : weather_96_192_iFlashformer_custom_M_ft96_sl48_ll192_pl512_dm8_nh2_el1_dl2048_df3_fctimeF_ebTrue_dtExp_projection_trk4_tsk7_3<<<<<<<<<<<<<<<<<<<<<<<<<<<<<<<<<
test 9196
test shape: (9196, 1, 1344, 21) (9196, 1, 1344, 21)
test shape: (9196, 1344, 21) (9196, 1344, 21)
prediction length: 192, mse:0.20566727221012115, mae:0.251669704914093
prediction length: 384, mse:0.2637255787849426, mae:0.2964169383049011
prediction length: 576, mse:0.3037511706352234, mae:0.3221757113933563
prediction length: 768, mse:0.33665362000465393, mae:0.3432995080947876
prediction length: 960, mse:0.3639885187149048, mae:0.35977622866630554
prediction length: 1152, mse:0.38516178727149963, mae:0.37136489152908325
prediction length: 1344, mse:0.40558314323425293, mae:0.38285619020462036
Use GPU: cuda:0
>>>>>>>start training : weather_96_192_iFlashformer_custom_M_ft96_sl48_ll192_pl512_dm8_nh2_el1_dl2048_df3_fctimeF_ebTrue_dtExp_projection_trk4_tsk7_4>>>>>>>>>>>>>>>>>>>>>>>>>>
train 36024
val 5079
test 10348
Epoch: 1 cost time: 14.421448230743408
Epoch: 1, Steps: 70 | Train Loss: 1.2011828 Vali Loss: 0.5237002
Validation loss decreased (inf --> 0.523700).  Saving model ...
Updating learning rate to 0.0009000000000000001
Epoch: 2 cost time: 14.478071451187134
Epoch: 2, Steps: 70 | Train Loss: 1.1166486 Vali Loss: 0.5173521
Validation loss decreased (0.523700 --> 0.517352).  Saving model ...
Updating learning rate to 0.0008100000000000001
Epoch: 3 cost time: 14.533060312271118
Epoch: 3, Steps: 70 | Train Loss: 1.0835732 Vali Loss: 0.5184455
EarlyStopping counter: 1 out of 3
Updating learning rate to 0.0007290000000000002
Epoch: 4 cost time: 14.532208681106567
Epoch: 4, Steps: 70 | Train Loss: 1.0595875 Vali Loss: 0.5161282
Validation loss decreased (0.517352 --> 0.516128).  Saving model ...
Updating learning rate to 0.0006561000000000001
Epoch: 5 cost time: 14.606476306915283
Epoch: 5, Steps: 70 | Train Loss: 1.0370486 Vali Loss: 0.5263593
EarlyStopping counter: 1 out of 3
Updating learning rate to 0.00059049
Epoch: 6 cost time: 14.638582468032837
Epoch: 6, Steps: 70 | Train Loss: 1.0130274 Vali Loss: 0.5366560
EarlyStopping counter: 2 out of 3
Updating learning rate to 0.000531441
Epoch: 7 cost time: 14.602652311325073
Epoch: 7, Steps: 70 | Train Loss: 0.9931730 Vali Loss: 0.5412180
EarlyStopping counter: 3 out of 3
Early stopping
>>>>>>>testing : weather_96_192_iFlashformer_custom_M_ft96_sl48_ll192_pl512_dm8_nh2_el1_dl2048_df3_fctimeF_ebTrue_dtExp_projection_trk4_tsk7_4<<<<<<<<<<<<<<<<<<<<<<<<<<<<<<<<<
test 9196
test shape: (9196, 1, 1344, 21) (9196, 1, 1344, 21)
test shape: (9196, 1344, 21) (9196, 1344, 21)
prediction length: 192, mse:0.20595355331897736, mae:0.25267088413238525
prediction length: 384, mse:0.2613259553909302, mae:0.2952902913093567
prediction length: 576, mse:0.3009259104728699, mae:0.3209376335144043
prediction length: 768, mse:0.33419984579086304, mae:0.3423229157924652
prediction length: 960, mse:0.36169975996017456, mae:0.35905829071998596
prediction length: 1152, mse:0.383190393447876, mae:0.37111350893974304
prediction length: 1344, mse:0.40354761481285095, mae:0.3827117383480072
Args in experiment:
Namespace(is_training=1, model_id='weather_96_336', model='iTransformer', data='custom', root_path='./dataset/weather/', data_path='weather.csv', features='M', target='OT', freq='h', checkpoints='./checkpoints/', seq_len=96, label_len=48, pred_len=336, training_k=4, test_k=4, beta=0.1, gamma=0.5, enc_in=21, dec_in=21, c_out=21, d_model=512, n_heads=8, e_layers=2, d_layers=1, d_ff=512, moving_avg=25, factor=1, distil=True, dropout=0.1, embed='timeF', activation='gelu', output_attention=False, do_predict=False, num_workers=10, itr=1, train_epochs=30, batch_size=512, patience=3, learning_rate=0.001, des='Exp', loss='MSE', lradj='type1', use_amp=False, use_gpu=True, gpu=0, use_multi_gpu=False, devices='0,1,2,3', exp_name='MTSF', channel_independence=False, inverse=False, class_strategy='projection', target_root_path='./data/electricity/', target_data_path='electricity.csv', efficient_training=False, use_norm=True, partial_start_index=0)
Use GPU: cuda:0
>>>>>>>start training : weather_96_336_iTransformer_custom_M_ft96_sl48_ll336_pl512_dm8_nh2_el1_dl512_df1_fctimeF_ebTrue_dtExp_projection_trk4_tsk4_0>>>>>>>>>>>>>>>>>>>>>>>>>>
train 35448
val 4935
test 10204
Epoch: 1 cost time: 9.84839391708374
Epoch: 1, Steps: 69 | Train Loss: 1.3186547 Vali Loss: 0.6334617
Validation loss decreased (inf --> 0.633462).  Saving model ...
Updating learning rate to 0.0009000000000000001
Epoch: 2 cost time: 9.326512336730957
Epoch: 2, Steps: 69 | Train Loss: 1.2359714 Vali Loss: 0.6088154
Validation loss decreased (0.633462 --> 0.608815).  Saving model ...
Updating learning rate to 0.0008100000000000001
Epoch: 3 cost time: 9.368561267852783
Epoch: 3, Steps: 69 | Train Loss: 1.2088396 Vali Loss: 0.6165089
EarlyStopping counter: 1 out of 3
Updating learning rate to 0.0007290000000000002
Epoch: 4 cost time: 9.356232166290283
Epoch: 4, Steps: 69 | Train Loss: 1.1843293 Vali Loss: 0.6031650
Validation loss decreased (0.608815 --> 0.603165).  Saving model ...
Updating learning rate to 0.0006561000000000001
Epoch: 5 cost time: 9.785544633865356
Epoch: 5, Steps: 69 | Train Loss: 1.1701993 Vali Loss: 0.5955563
Validation loss decreased (0.603165 --> 0.595556).  Saving model ...
Updating learning rate to 0.00059049
Epoch: 6 cost time: 9.768493890762329
Epoch: 6, Steps: 69 | Train Loss: 1.1490893 Vali Loss: 0.6003689
EarlyStopping counter: 1 out of 3
Updating learning rate to 0.000531441
Epoch: 7 cost time: 9.786677360534668
Epoch: 7, Steps: 69 | Train Loss: 1.1331980 Vali Loss: 0.6049984
EarlyStopping counter: 2 out of 3
Updating learning rate to 0.0004782969000000001
Epoch: 8 cost time: 9.80265998840332
Epoch: 8, Steps: 69 | Train Loss: 1.1194842 Vali Loss: 0.6023823
EarlyStopping counter: 3 out of 3
Early stopping
>>>>>>>testing : weather_96_336_iTransformer_custom_M_ft96_sl48_ll336_pl512_dm8_nh2_el1_dl512_df1_fctimeF_ebTrue_dtExp_projection_trk4_tsk4_0<<<<<<<<<<<<<<<<<<<<<<<<<<<<<<<<<
test 9196
test shape: (9196, 1, 1344, 21) (9196, 1, 1344, 21)
test shape: (9196, 1344, 21) (9196, 1344, 21)
prediction length: 336, mse:0.2514044940471649, mae:0.28719446063041687
prediction length: 672, mse:0.32051628828048706, mae:0.33210477232933044
prediction length: 1008, mse:0.36873659491539, mae:0.36162999272346497
prediction length: 1344, mse:0.40491238236427307, mae:0.38196006417274475
Args in experiment:
Namespace(is_training=1, model_id='weather_96_336', model='iTransformer', data='custom', root_path='./dataset/weather/', data_path='weather.csv', features='M', target='OT', freq='h', checkpoints='./checkpoints/', seq_len=96, label_len=48, pred_len=336, training_k=4, test_k=4, beta=0.1, gamma=0.5, enc_in=21, dec_in=21, c_out=21, d_model=512, n_heads=8, e_layers=2, d_layers=1, d_ff=512, moving_avg=25, factor=1, distil=True, dropout=0.1, embed='timeF', activation='gelu', output_attention=False, do_predict=False, num_workers=10, itr=2, train_epochs=30, batch_size=512, patience=3, learning_rate=0.001, des='Exp', loss='MSE', lradj='type1', use_amp=False, use_gpu=True, gpu=0, use_multi_gpu=False, devices='0,1,2,3', exp_name='MTSF', channel_independence=False, inverse=False, class_strategy='projection', target_root_path='./data/electricity/', target_data_path='electricity.csv', efficient_training=False, use_norm=True, partial_start_index=0)
Use GPU: cuda:0
>>>>>>>start training : weather_96_336_iTransformer_custom_M_ft96_sl48_ll336_pl512_dm8_nh2_el1_dl512_df1_fctimeF_ebTrue_dtExp_projection_trk4_tsk4_0>>>>>>>>>>>>>>>>>>>>>>>>>>
train 35448
val 4935
test 10204
Epoch: 1 cost time: 9.86173391342163
Epoch: 1, Steps: 69 | Train Loss: 1.3164738 Vali Loss: 0.6080299
Validation loss decreased (inf --> 0.608030).  Saving model ...
Updating learning rate to 0.0009000000000000001
Epoch: 2 cost time: 9.715080499649048
Epoch: 2, Steps: 69 | Train Loss: 1.2339375 Vali Loss: 0.6093116
EarlyStopping counter: 1 out of 3
Updating learning rate to 0.0008100000000000001
Epoch: 3 cost time: 9.334827184677124
Epoch: 3, Steps: 69 | Train Loss: 1.2093461 Vali Loss: 0.6050302
Validation loss decreased (0.608030 --> 0.605030).  Saving model ...
Updating learning rate to 0.0007290000000000002
Epoch: 4 cost time: 9.717267274856567
Epoch: 4, Steps: 69 | Train Loss: 1.1969831 Vali Loss: 0.6064417
EarlyStopping counter: 1 out of 3
Updating learning rate to 0.0006561000000000001
Epoch: 5 cost time: 9.456623315811157
Epoch: 5, Steps: 69 | Train Loss: 1.1809545 Vali Loss: 0.5965569
Validation loss decreased (0.605030 --> 0.596557).  Saving model ...
Updating learning rate to 0.00059049
Epoch: 6 cost time: 9.719523906707764
Epoch: 6, Steps: 69 | Train Loss: 1.1579435 Vali Loss: 0.6054675
EarlyStopping counter: 1 out of 3
Updating learning rate to 0.000531441
Epoch: 7 cost time: 9.804986238479614
Epoch: 7, Steps: 69 | Train Loss: 1.1408568 Vali Loss: 0.6034477
EarlyStopping counter: 2 out of 3
Updating learning rate to 0.0004782969000000001
Epoch: 8 cost time: 9.788156032562256
Epoch: 8, Steps: 69 | Train Loss: 1.1239250 Vali Loss: 0.6079575
EarlyStopping counter: 3 out of 3
Early stopping
>>>>>>>testing : weather_96_336_iTransformer_custom_M_ft96_sl48_ll336_pl512_dm8_nh2_el1_dl512_df1_fctimeF_ebTrue_dtExp_projection_trk4_tsk4_0<<<<<<<<<<<<<<<<<<<<<<<<<<<<<<<<<
test 9196
test shape: (9196, 1, 1344, 21) (9196, 1, 1344, 21)
test shape: (9196, 1344, 21) (9196, 1344, 21)
prediction length: 336, mse:0.25118711590766907, mae:0.2866648733615875
prediction length: 672, mse:0.319709837436676, mae:0.33119872212409973
prediction length: 1008, mse:0.3676937222480774, mae:0.36060503125190735
prediction length: 1344, mse:0.40353158116340637, mae:0.3807196617126465
Use GPU: cuda:0
>>>>>>>start training : weather_96_336_iTransformer_custom_M_ft96_sl48_ll336_pl512_dm8_nh2_el1_dl512_df1_fctimeF_ebTrue_dtExp_projection_trk4_tsk4_1>>>>>>>>>>>>>>>>>>>>>>>>>>
train 35448
val 4935
test 10204
Epoch: 1 cost time: 9.635061979293823
Epoch: 1, Steps: 69 | Train Loss: 1.3180658 Vali Loss: 0.6129596
Validation loss decreased (inf --> 0.612960).  Saving model ...
Updating learning rate to 0.0009000000000000001
Epoch: 2 cost time: 9.598094701766968
Epoch: 2, Steps: 69 | Train Loss: 1.2409739 Vali Loss: 0.5928853
Validation loss decreased (0.612960 --> 0.592885).  Saving model ...
Updating learning rate to 0.0008100000000000001
Epoch: 3 cost time: 9.675645112991333
Epoch: 3, Steps: 69 | Train Loss: 1.2162710 Vali Loss: 0.6041793
EarlyStopping counter: 1 out of 3
Updating learning rate to 0.0007290000000000002
Epoch: 4 cost time: 9.762584447860718
Epoch: 4, Steps: 69 | Train Loss: 1.1898623 Vali Loss: 0.5990893
EarlyStopping counter: 2 out of 3
Updating learning rate to 0.0006561000000000001
Epoch: 5 cost time: 9.758663654327393
Epoch: 5, Steps: 69 | Train Loss: 1.1735979 Vali Loss: 0.6149957
EarlyStopping counter: 3 out of 3
Early stopping
>>>>>>>testing : weather_96_336_iTransformer_custom_M_ft96_sl48_ll336_pl512_dm8_nh2_el1_dl512_df1_fctimeF_ebTrue_dtExp_projection_trk4_tsk4_1<<<<<<<<<<<<<<<<<<<<<<<<<<<<<<<<<
test 9196
test shape: (9196, 1, 1344, 21) (9196, 1, 1344, 21)
test shape: (9196, 1344, 21) (9196, 1344, 21)
prediction length: 336, mse:0.2535884380340576, mae:0.2881934940814972
prediction length: 672, mse:0.32206112146377563, mae:0.3317793607711792
prediction length: 1008, mse:0.37062352895736694, mae:0.3610824644565582
prediction length: 1344, mse:0.40735965967178345, mae:0.3814586102962494
Args in experiment:
Namespace(is_training=1, model_id='weather_96_336', model='iTransformer', data='custom', root_path='./dataset/weather/', data_path='weather.csv', features='M', target='OT', freq='h', checkpoints='./checkpoints/', seq_len=96, label_len=48, pred_len=336, training_k=4, test_k=4, beta=0.1, gamma=0.5, enc_in=21, dec_in=21, c_out=21, d_model=512, n_heads=8, e_layers=2, d_layers=1, d_ff=512, moving_avg=25, factor=1, distil=True, dropout=0.1, embed='timeF', activation='gelu', output_attention=False, do_predict=False, num_workers=10, itr=3, train_epochs=30, batch_size=512, patience=3, learning_rate=0.001, des='Exp', loss='MSE', lradj='type1', use_amp=False, use_gpu=True, gpu=0, use_multi_gpu=False, devices='0,1,2,3', exp_name='MTSF', channel_independence=False, inverse=False, class_strategy='projection', target_root_path='./data/electricity/', target_data_path='electricity.csv', efficient_training=False, use_norm=True, partial_start_index=0)
Use GPU: cuda:0
>>>>>>>start training : weather_96_336_iTransformer_custom_M_ft96_sl48_ll336_pl512_dm8_nh2_el1_dl512_df1_fctimeF_ebTrue_dtExp_projection_trk4_tsk4_0>>>>>>>>>>>>>>>>>>>>>>>>>>
train 35448
val 4935
test 10204
Epoch: 1 cost time: 9.816268682479858
Epoch: 1, Steps: 69 | Train Loss: 1.3309188 Vali Loss: 0.6351262
Validation loss decreased (inf --> 0.635126).  Saving model ...
Updating learning rate to 0.0009000000000000001
Epoch: 2 cost time: 9.648145198822021
Epoch: 2, Steps: 69 | Train Loss: 1.2408244 Vali Loss: 0.6236162
Validation loss decreased (0.635126 --> 0.623616).  Saving model ...
Updating learning rate to 0.0008100000000000001
Epoch: 3 cost time: 9.404297351837158
Epoch: 3, Steps: 69 | Train Loss: 1.2134484 Vali Loss: 0.5982998
Validation loss decreased (0.623616 --> 0.598300).  Saving model ...
Updating learning rate to 0.0007290000000000002
Epoch: 4 cost time: 9.806443929672241
Epoch: 4, Steps: 69 | Train Loss: 1.1952123 Vali Loss: 0.6019299
EarlyStopping counter: 1 out of 3
Updating learning rate to 0.0006561000000000001
Epoch: 5 cost time: 9.43298602104187
Epoch: 5, Steps: 69 | Train Loss: 1.1747810 Vali Loss: 0.5926965
Validation loss decreased (0.598300 --> 0.592696).  Saving model ...
Updating learning rate to 0.00059049
Epoch: 6 cost time: 9.611307859420776
Epoch: 6, Steps: 69 | Train Loss: 1.1647589 Vali Loss: 0.5977211
EarlyStopping counter: 1 out of 3
Updating learning rate to 0.000531441
Epoch: 7 cost time: 9.79948377609253
Epoch: 7, Steps: 69 | Train Loss: 1.1438940 Vali Loss: 0.6005068
EarlyStopping counter: 2 out of 3
Updating learning rate to 0.0004782969000000001
Epoch: 8 cost time: 9.764618873596191
Epoch: 8, Steps: 69 | Train Loss: 1.1270296 Vali Loss: 0.6061591
EarlyStopping counter: 3 out of 3
Early stopping
>>>>>>>testing : weather_96_336_iTransformer_custom_M_ft96_sl48_ll336_pl512_dm8_nh2_el1_dl512_df1_fctimeF_ebTrue_dtExp_projection_trk4_tsk4_0<<<<<<<<<<<<<<<<<<<<<<<<<<<<<<<<<
test 9196
test shape: (9196, 1, 1344, 21) (9196, 1, 1344, 21)
test shape: (9196, 1344, 21) (9196, 1344, 21)
prediction length: 336, mse:0.25251737236976624, mae:0.28908875584602356
prediction length: 672, mse:0.3217630088329315, mae:0.3339618444442749
prediction length: 1008, mse:0.36998504400253296, mae:0.3636276423931122
prediction length: 1344, mse:0.40620434284210205, mae:0.3841480314731598
Use GPU: cuda:0
>>>>>>>start training : weather_96_336_iTransformer_custom_M_ft96_sl48_ll336_pl512_dm8_nh2_el1_dl512_df1_fctimeF_ebTrue_dtExp_projection_trk4_tsk4_1>>>>>>>>>>>>>>>>>>>>>>>>>>
train 35448
val 4935
test 10204
Epoch: 1 cost time: 9.612553834915161
Epoch: 1, Steps: 69 | Train Loss: 1.3187953 Vali Loss: 0.6408406
Validation loss decreased (inf --> 0.640841).  Saving model ...
Updating learning rate to 0.0009000000000000001
Epoch: 2 cost time: 9.611057996749878
Epoch: 2, Steps: 69 | Train Loss: 1.2368820 Vali Loss: 0.6269192
Validation loss decreased (0.640841 --> 0.626919).  Saving model ...
Updating learning rate to 0.0008100000000000001
Epoch: 3 cost time: 9.652990102767944
Epoch: 3, Steps: 69 | Train Loss: 1.2100775 Vali Loss: 0.6101093
Validation loss decreased (0.626919 --> 0.610109).  Saving model ...
Updating learning rate to 0.0007290000000000002
Epoch: 4 cost time: 9.717011451721191
Epoch: 4, Steps: 69 | Train Loss: 1.1900664 Vali Loss: 0.6115218
EarlyStopping counter: 1 out of 3
Updating learning rate to 0.0006561000000000001
Epoch: 5 cost time: 9.68868899345398
Epoch: 5, Steps: 69 | Train Loss: 1.1703664 Vali Loss: 0.5963159
Validation loss decreased (0.610109 --> 0.596316).  Saving model ...
Updating learning rate to 0.00059049
Epoch: 6 cost time: 9.771479368209839
Epoch: 6, Steps: 69 | Train Loss: 1.1545954 Vali Loss: 0.6089016
EarlyStopping counter: 1 out of 3
Updating learning rate to 0.000531441
Epoch: 7 cost time: 9.70384168624878
Epoch: 7, Steps: 69 | Train Loss: 1.1354656 Vali Loss: 0.6065075
EarlyStopping counter: 2 out of 3
Updating learning rate to 0.0004782969000000001
Epoch: 8 cost time: 9.709567308425903
Epoch: 8, Steps: 69 | Train Loss: 1.1239428 Vali Loss: 0.6193243
EarlyStopping counter: 3 out of 3
Early stopping
>>>>>>>testing : weather_96_336_iTransformer_custom_M_ft96_sl48_ll336_pl512_dm8_nh2_el1_dl512_df1_fctimeF_ebTrue_dtExp_projection_trk4_tsk4_1<<<<<<<<<<<<<<<<<<<<<<<<<<<<<<<<<
test 9196
test shape: (9196, 1, 1344, 21) (9196, 1, 1344, 21)
test shape: (9196, 1344, 21) (9196, 1344, 21)
prediction length: 336, mse:0.2514534890651703, mae:0.28770241141319275
prediction length: 672, mse:0.3199409246444702, mae:0.331945538520813
prediction length: 1008, mse:0.3677118122577667, mae:0.36124953627586365
prediction length: 1344, mse:0.4038737714290619, mae:0.381634920835495
Use GPU: cuda:0
>>>>>>>start training : weather_96_336_iTransformer_custom_M_ft96_sl48_ll336_pl512_dm8_nh2_el1_dl512_df1_fctimeF_ebTrue_dtExp_projection_trk4_tsk4_2>>>>>>>>>>>>>>>>>>>>>>>>>>
train 35448
val 4935
test 10204
Epoch: 1 cost time: 9.630746126174927
Epoch: 1, Steps: 69 | Train Loss: 1.3186089 Vali Loss: 0.6096730
Validation loss decreased (inf --> 0.609673).  Saving model ...
Updating learning rate to 0.0009000000000000001
Epoch: 2 cost time: 9.738332986831665
Epoch: 2, Steps: 69 | Train Loss: 1.2332390 Vali Loss: 0.6080975
Validation loss decreased (0.609673 --> 0.608097).  Saving model ...
Updating learning rate to 0.0008100000000000001
Epoch: 3 cost time: 9.74361252784729
Epoch: 3, Steps: 69 | Train Loss: 1.2048513 Vali Loss: 0.6012444
Validation loss decreased (0.608097 --> 0.601244).  Saving model ...
Updating learning rate to 0.0007290000000000002
Epoch: 4 cost time: 9.77966833114624
Epoch: 4, Steps: 69 | Train Loss: 1.1839021 Vali Loss: 0.5906894
Validation loss decreased (0.601244 --> 0.590689).  Saving model ...
Updating learning rate to 0.0006561000000000001
Epoch: 5 cost time: 9.813118696212769
Epoch: 5, Steps: 69 | Train Loss: 1.1633896 Vali Loss: 0.6138806
EarlyStopping counter: 1 out of 3
Updating learning rate to 0.00059049
Epoch: 6 cost time: 9.79277777671814
Epoch: 6, Steps: 69 | Train Loss: 1.1477806 Vali Loss: 0.6041139
EarlyStopping counter: 2 out of 3
Updating learning rate to 0.000531441
Epoch: 7 cost time: 9.774400234222412
Epoch: 7, Steps: 69 | Train Loss: 1.1289129 Vali Loss: 0.6004530
EarlyStopping counter: 3 out of 3
Early stopping
>>>>>>>testing : weather_96_336_iTransformer_custom_M_ft96_sl48_ll336_pl512_dm8_nh2_el1_dl512_df1_fctimeF_ebTrue_dtExp_projection_trk4_tsk4_2<<<<<<<<<<<<<<<<<<<<<<<<<<<<<<<<<
test 9196
test shape: (9196, 1, 1344, 21) (9196, 1, 1344, 21)
test shape: (9196, 1344, 21) (9196, 1344, 21)
prediction length: 336, mse:0.25200000405311584, mae:0.2870819568634033
prediction length: 672, mse:0.3214999735355377, mae:0.3324029743671417
prediction length: 1008, mse:0.37126168608665466, mae:0.36294621229171753
prediction length: 1344, mse:0.40874576568603516, mae:0.38422349095344543
Args in experiment:
Namespace(is_training=1, model_id='weather_96_336', model='iTransformer', data='custom', root_path='./dataset/weather/', data_path='weather.csv', features='M', target='OT', freq='h', checkpoints='./checkpoints/', seq_len=96, label_len=48, pred_len=336, training_k=4, test_k=4, beta=0.1, gamma=0.5, enc_in=21, dec_in=21, c_out=21, d_model=512, n_heads=8, e_layers=2, d_layers=1, d_ff=512, moving_avg=25, factor=1, distil=True, dropout=0.1, embed='timeF', activation='gelu', output_attention=False, do_predict=False, num_workers=10, itr=4, train_epochs=30, batch_size=512, patience=3, learning_rate=0.001, des='Exp', loss='MSE', lradj='type1', use_amp=False, use_gpu=True, gpu=0, use_multi_gpu=False, devices='0,1,2,3', exp_name='MTSF', channel_independence=False, inverse=False, class_strategy='projection', target_root_path='./data/electricity/', target_data_path='electricity.csv', efficient_training=False, use_norm=True, partial_start_index=0)
Use GPU: cuda:0
>>>>>>>start training : weather_96_336_iTransformer_custom_M_ft96_sl48_ll336_pl512_dm8_nh2_el1_dl512_df1_fctimeF_ebTrue_dtExp_projection_trk4_tsk4_0>>>>>>>>>>>>>>>>>>>>>>>>>>
train 35448
val 4935
test 10204
Epoch: 1 cost time: 9.902647256851196
Epoch: 1, Steps: 69 | Train Loss: 1.3212119 Vali Loss: 0.6128771
Validation loss decreased (inf --> 0.612877).  Saving model ...
Updating learning rate to 0.0009000000000000001
Epoch: 2 cost time: 9.688380241394043
Epoch: 2, Steps: 69 | Train Loss: 1.2316119 Vali Loss: 0.6022184
Validation loss decreased (0.612877 --> 0.602218).  Saving model ...
Updating learning rate to 0.0008100000000000001
Epoch: 3 cost time: 9.713619709014893
Epoch: 3, Steps: 69 | Train Loss: 1.2048464 Vali Loss: 0.6066163
EarlyStopping counter: 1 out of 3
Updating learning rate to 0.0007290000000000002
Epoch: 4 cost time: 9.713925123214722
Epoch: 4, Steps: 69 | Train Loss: 1.1849831 Vali Loss: 0.6084146
EarlyStopping counter: 2 out of 3
Updating learning rate to 0.0006561000000000001
Epoch: 5 cost time: 9.636021614074707
Epoch: 5, Steps: 69 | Train Loss: 1.1656738 Vali Loss: 0.6072313
EarlyStopping counter: 3 out of 3
Early stopping
>>>>>>>testing : weather_96_336_iTransformer_custom_M_ft96_sl48_ll336_pl512_dm8_nh2_el1_dl512_df1_fctimeF_ebTrue_dtExp_projection_trk4_tsk4_0<<<<<<<<<<<<<<<<<<<<<<<<<<<<<<<<<
test 9196
test shape: (9196, 1, 1344, 21) (9196, 1, 1344, 21)
test shape: (9196, 1344, 21) (9196, 1344, 21)
prediction length: 336, mse:0.2531495988368988, mae:0.288862943649292
prediction length: 672, mse:0.3211689293384552, mae:0.3328772187232971
prediction length: 1008, mse:0.3692587614059448, mae:0.3625013530254364
prediction length: 1344, mse:0.4058161675930023, mae:0.3834364712238312
Use GPU: cuda:0
>>>>>>>start training : weather_96_336_iTransformer_custom_M_ft96_sl48_ll336_pl512_dm8_nh2_el1_dl512_df1_fctimeF_ebTrue_dtExp_projection_trk4_tsk4_1>>>>>>>>>>>>>>>>>>>>>>>>>>
train 35448
val 4935
test 10204
Epoch: 1 cost time: 9.658294439315796
Epoch: 1, Steps: 69 | Train Loss: 1.3201885 Vali Loss: 0.6113362
Validation loss decreased (inf --> 0.611336).  Saving model ...
Updating learning rate to 0.0009000000000000001
Epoch: 2 cost time: 9.64384412765503
Epoch: 2, Steps: 69 | Train Loss: 1.2331312 Vali Loss: 0.6133636
EarlyStopping counter: 1 out of 3
Updating learning rate to 0.0008100000000000001
Epoch: 3 cost time: 9.680411577224731
Epoch: 3, Steps: 69 | Train Loss: 1.2163612 Vali Loss: 0.6229997
EarlyStopping counter: 2 out of 3
Updating learning rate to 0.0007290000000000002
Epoch: 4 cost time: 9.663006067276001
Epoch: 4, Steps: 69 | Train Loss: 1.1951363 Vali Loss: 0.6174108
EarlyStopping counter: 3 out of 3
Early stopping
>>>>>>>testing : weather_96_336_iTransformer_custom_M_ft96_sl48_ll336_pl512_dm8_nh2_el1_dl512_df1_fctimeF_ebTrue_dtExp_projection_trk4_tsk4_1<<<<<<<<<<<<<<<<<<<<<<<<<<<<<<<<<
test 9196
test shape: (9196, 1, 1344, 21) (9196, 1, 1344, 21)
test shape: (9196, 1344, 21) (9196, 1344, 21)
prediction length: 336, mse:0.256470263004303, mae:0.29122018814086914
prediction length: 672, mse:0.32485297322273254, mae:0.33444711565971375
prediction length: 1008, mse:0.37296178936958313, mae:0.36351463198661804
prediction length: 1344, mse:0.40949925780296326, mae:0.38384565711021423
Use GPU: cuda:0
>>>>>>>start training : weather_96_336_iTransformer_custom_M_ft96_sl48_ll336_pl512_dm8_nh2_el1_dl512_df1_fctimeF_ebTrue_dtExp_projection_trk4_tsk4_2>>>>>>>>>>>>>>>>>>>>>>>>>>
train 35448
val 4935
test 10204
Epoch: 1 cost time: 9.700416088104248
Epoch: 1, Steps: 69 | Train Loss: 1.3203961 Vali Loss: 0.6244473
Validation loss decreased (inf --> 0.624447).  Saving model ...
Updating learning rate to 0.0009000000000000001
Epoch: 2 cost time: 9.691869974136353
Epoch: 2, Steps: 69 | Train Loss: 1.2340128 Vali Loss: 0.6070244
Validation loss decreased (0.624447 --> 0.607024).  Saving model ...
Updating learning rate to 0.0008100000000000001
Epoch: 3 cost time: 9.690564155578613
Epoch: 3, Steps: 69 | Train Loss: 1.2144733 Vali Loss: 0.6040453
Validation loss decreased (0.607024 --> 0.604045).  Saving model ...
Updating learning rate to 0.0007290000000000002
Epoch: 4 cost time: 9.735768795013428
Epoch: 4, Steps: 69 | Train Loss: 1.1884769 Vali Loss: 0.5961334
Validation loss decreased (0.604045 --> 0.596133).  Saving model ...
Updating learning rate to 0.0006561000000000001
Epoch: 5 cost time: 9.80472207069397
Epoch: 5, Steps: 69 | Train Loss: 1.1712995 Vali Loss: 0.5942330
Validation loss decreased (0.596133 --> 0.594233).  Saving model ...
Updating learning rate to 0.00059049
Epoch: 6 cost time: 9.802106618881226
Epoch: 6, Steps: 69 | Train Loss: 1.1537791 Vali Loss: 0.6062570
EarlyStopping counter: 1 out of 3
Updating learning rate to 0.000531441
Epoch: 7 cost time: 9.80397081375122
Epoch: 7, Steps: 69 | Train Loss: 1.1392687 Vali Loss: 0.6030457
EarlyStopping counter: 2 out of 3
Updating learning rate to 0.0004782969000000001
Epoch: 8 cost time: 9.779202222824097
Epoch: 8, Steps: 69 | Train Loss: 1.1178540 Vali Loss: 0.5984593
EarlyStopping counter: 3 out of 3
Early stopping
>>>>>>>testing : weather_96_336_iTransformer_custom_M_ft96_sl48_ll336_pl512_dm8_nh2_el1_dl512_df1_fctimeF_ebTrue_dtExp_projection_trk4_tsk4_2<<<<<<<<<<<<<<<<<<<<<<<<<<<<<<<<<
test 9196
test shape: (9196, 1, 1344, 21) (9196, 1, 1344, 21)
test shape: (9196, 1344, 21) (9196, 1344, 21)
prediction length: 336, mse:0.25319015979766846, mae:0.28874561190605164
prediction length: 672, mse:0.3223875164985657, mae:0.3336123526096344
prediction length: 1008, mse:0.370510071516037, mae:0.3630659282207489
prediction length: 1344, mse:0.4060940742492676, mae:0.38293763995170593
Use GPU: cuda:0
>>>>>>>start training : weather_96_336_iTransformer_custom_M_ft96_sl48_ll336_pl512_dm8_nh2_el1_dl512_df1_fctimeF_ebTrue_dtExp_projection_trk4_tsk4_3>>>>>>>>>>>>>>>>>>>>>>>>>>
train 35448
val 4935
test 10204
Epoch: 1 cost time: 9.70965313911438
Epoch: 1, Steps: 69 | Train Loss: 1.3266995 Vali Loss: 0.6241413
Validation loss decreased (inf --> 0.624141).  Saving model ...
Updating learning rate to 0.0009000000000000001
Epoch: 2 cost time: 9.711738586425781
Epoch: 2, Steps: 69 | Train Loss: 1.2357657 Vali Loss: 0.6161499
Validation loss decreased (0.624141 --> 0.616150).  Saving model ...
Updating learning rate to 0.0008100000000000001
Epoch: 3 cost time: 9.733733177185059
Epoch: 3, Steps: 69 | Train Loss: 1.2089146 Vali Loss: 0.5976243
Validation loss decreased (0.616150 --> 0.597624).  Saving model ...
Updating learning rate to 0.0007290000000000002
Epoch: 4 cost time: 9.722128629684448
Epoch: 4, Steps: 69 | Train Loss: 1.1872758 Vali Loss: 0.5946956
Validation loss decreased (0.597624 --> 0.594696).  Saving model ...
Updating learning rate to 0.0006561000000000001
Epoch: 5 cost time: 9.807199954986572
Epoch: 5, Steps: 69 | Train Loss: 1.1695272 Vali Loss: 0.5899159
Validation loss decreased (0.594696 --> 0.589916).  Saving model ...
Updating learning rate to 0.00059049
Epoch: 6 cost time: 9.826130867004395
Epoch: 6, Steps: 69 | Train Loss: 1.1514435 Vali Loss: 0.5906842
EarlyStopping counter: 1 out of 3
Updating learning rate to 0.000531441
Epoch: 7 cost time: 9.791272640228271
Epoch: 7, Steps: 69 | Train Loss: 1.1383732 Vali Loss: 0.5982997
EarlyStopping counter: 2 out of 3
Updating learning rate to 0.0004782969000000001
Epoch: 8 cost time: 9.809793472290039
Epoch: 8, Steps: 69 | Train Loss: 1.1164747 Vali Loss: 0.5962833
EarlyStopping counter: 3 out of 3
Early stopping
>>>>>>>testing : weather_96_336_iTransformer_custom_M_ft96_sl48_ll336_pl512_dm8_nh2_el1_dl512_df1_fctimeF_ebTrue_dtExp_projection_trk4_tsk4_3<<<<<<<<<<<<<<<<<<<<<<<<<<<<<<<<<
test 9196
test shape: (9196, 1, 1344, 21) (9196, 1, 1344, 21)
test shape: (9196, 1344, 21) (9196, 1344, 21)
prediction length: 336, mse:0.2517152726650238, mae:0.28793421387672424
prediction length: 672, mse:0.3210050165653229, mae:0.3328080475330353
prediction length: 1008, mse:0.36877989768981934, mae:0.3621310293674469
prediction length: 1344, mse:0.4050842523574829, mae:0.3825473487377167
Args in experiment:
Namespace(is_training=1, model_id='weather_96_336', model='iTransformer', data='custom', root_path='./dataset/weather/', data_path='weather.csv', features='M', target='OT', freq='h', checkpoints='./checkpoints/', seq_len=96, label_len=48, pred_len=336, training_k=4, test_k=4, beta=0.1, gamma=0.5, enc_in=21, dec_in=21, c_out=21, d_model=512, n_heads=8, e_layers=2, d_layers=1, d_ff=512, moving_avg=25, factor=1, distil=True, dropout=0.1, embed='timeF', activation='gelu', output_attention=False, do_predict=False, num_workers=10, itr=5, train_epochs=30, batch_size=512, patience=3, learning_rate=0.001, des='Exp', loss='MSE', lradj='type1', use_amp=False, use_gpu=True, gpu=0, use_multi_gpu=False, devices='0,1,2,3', exp_name='MTSF', channel_independence=False, inverse=False, class_strategy='projection', target_root_path='./data/electricity/', target_data_path='electricity.csv', efficient_training=False, use_norm=True, partial_start_index=0)
Use GPU: cuda:0
>>>>>>>start training : weather_96_336_iTransformer_custom_M_ft96_sl48_ll336_pl512_dm8_nh2_el1_dl512_df1_fctimeF_ebTrue_dtExp_projection_trk4_tsk4_0>>>>>>>>>>>>>>>>>>>>>>>>>>
train 35448
val 4935
test 10204
Epoch: 1 cost time: 9.86370062828064
Epoch: 1, Steps: 69 | Train Loss: 1.3197793 Vali Loss: 0.6189325
Validation loss decreased (inf --> 0.618932).  Saving model ...
Updating learning rate to 0.0009000000000000001
Epoch: 2 cost time: 9.696430206298828
Epoch: 2, Steps: 69 | Train Loss: 1.2346200 Vali Loss: 0.6142923
Validation loss decreased (0.618932 --> 0.614292).  Saving model ...
Updating learning rate to 0.0008100000000000001
Epoch: 3 cost time: 9.682047843933105
Epoch: 3, Steps: 69 | Train Loss: 1.2107709 Vali Loss: 0.6024259
Validation loss decreased (0.614292 --> 0.602426).  Saving model ...
Updating learning rate to 0.0007290000000000002
Epoch: 4 cost time: 9.676249265670776
Epoch: 4, Steps: 69 | Train Loss: 1.1875614 Vali Loss: 0.5816762
Validation loss decreased (0.602426 --> 0.581676).  Saving model ...
Updating learning rate to 0.0006561000000000001
Epoch: 5 cost time: 9.570224285125732
Epoch: 5, Steps: 69 | Train Loss: 1.1680847 Vali Loss: 0.6035997
EarlyStopping counter: 1 out of 3
Updating learning rate to 0.00059049
Epoch: 6 cost time: 9.43199610710144
Epoch: 6, Steps: 69 | Train Loss: 1.1491494 Vali Loss: 0.6027489
EarlyStopping counter: 2 out of 3
Updating learning rate to 0.000531441
Epoch: 7 cost time: 9.789428949356079
Epoch: 7, Steps: 69 | Train Loss: 1.1335702 Vali Loss: 0.6117075
EarlyStopping counter: 3 out of 3
Early stopping
>>>>>>>testing : weather_96_336_iTransformer_custom_M_ft96_sl48_ll336_pl512_dm8_nh2_el1_dl512_df1_fctimeF_ebTrue_dtExp_projection_trk4_tsk4_0<<<<<<<<<<<<<<<<<<<<<<<<<<<<<<<<<
test 9196
test shape: (9196, 1, 1344, 21) (9196, 1, 1344, 21)
test shape: (9196, 1344, 21) (9196, 1344, 21)
prediction length: 336, mse:0.25065645575523376, mae:0.28638651967048645
prediction length: 672, mse:0.3201840817928314, mae:0.3312520384788513
prediction length: 1008, mse:0.36877843737602234, mae:0.36095720529556274
prediction length: 1344, mse:0.4051329493522644, mae:0.3813195526599884
Use GPU: cuda:0
>>>>>>>start training : weather_96_336_iTransformer_custom_M_ft96_sl48_ll336_pl512_dm8_nh2_el1_dl512_df1_fctimeF_ebTrue_dtExp_projection_trk4_tsk4_1>>>>>>>>>>>>>>>>>>>>>>>>>>
train 35448
val 4935
test 10204
Epoch: 1 cost time: 9.620965957641602
Epoch: 1, Steps: 69 | Train Loss: 1.3228830 Vali Loss: 0.6166036
Validation loss decreased (inf --> 0.616604).  Saving model ...
Updating learning rate to 0.0009000000000000001
Epoch: 2 cost time: 9.548586368560791
Epoch: 2, Steps: 69 | Train Loss: 1.2312560 Vali Loss: 0.6090355
Validation loss decreased (0.616604 --> 0.609035).  Saving model ...
Updating learning rate to 0.0008100000000000001
Epoch: 3 cost time: 9.604641675949097
Epoch: 3, Steps: 69 | Train Loss: 1.2049093 Vali Loss: 0.6089217
Validation loss decreased (0.609035 --> 0.608922).  Saving model ...
Updating learning rate to 0.0007290000000000002
Epoch: 4 cost time: 9.604430913925171
Epoch: 4, Steps: 69 | Train Loss: 1.1875433 Vali Loss: 0.5988296
Validation loss decreased (0.608922 --> 0.598830).  Saving model ...
Updating learning rate to 0.0006561000000000001
Epoch: 5 cost time: 9.628747940063477
Epoch: 5, Steps: 69 | Train Loss: 1.1688708 Vali Loss: 0.6043942
EarlyStopping counter: 1 out of 3
Updating learning rate to 0.00059049
Epoch: 6 cost time: 9.624577522277832
Epoch: 6, Steps: 69 | Train Loss: 1.1508388 Vali Loss: 0.6122009
EarlyStopping counter: 2 out of 3
Updating learning rate to 0.000531441
Epoch: 7 cost time: 9.628782272338867
Epoch: 7, Steps: 69 | Train Loss: 1.1328563 Vali Loss: 0.6215151
EarlyStopping counter: 3 out of 3
Early stopping
>>>>>>>testing : weather_96_336_iTransformer_custom_M_ft96_sl48_ll336_pl512_dm8_nh2_el1_dl512_df1_fctimeF_ebTrue_dtExp_projection_trk4_tsk4_1<<<<<<<<<<<<<<<<<<<<<<<<<<<<<<<<<
test 9196
test shape: (9196, 1, 1344, 21) (9196, 1, 1344, 21)
test shape: (9196, 1344, 21) (9196, 1344, 21)
prediction length: 336, mse:0.2523045241832733, mae:0.2873764932155609
prediction length: 672, mse:0.32151690125465393, mae:0.33251526951789856
prediction length: 1008, mse:0.37122461199760437, mae:0.36277246475219727
prediction length: 1344, mse:0.4089793264865875, mae:0.384039044380188
Use GPU: cuda:0
>>>>>>>start training : weather_96_336_iTransformer_custom_M_ft96_sl48_ll336_pl512_dm8_nh2_el1_dl512_df1_fctimeF_ebTrue_dtExp_projection_trk4_tsk4_2>>>>>>>>>>>>>>>>>>>>>>>>>>
train 35448
val 4935
test 10204
Epoch: 1 cost time: 9.643142223358154
Epoch: 1, Steps: 69 | Train Loss: 1.3201236 Vali Loss: 0.6183156
Validation loss decreased (inf --> 0.618316).  Saving model ...
Updating learning rate to 0.0009000000000000001
Epoch: 2 cost time: 9.67917251586914
Epoch: 2, Steps: 69 | Train Loss: 1.2321796 Vali Loss: 0.5965042
Validation loss decreased (0.618316 --> 0.596504).  Saving model ...
Updating learning rate to 0.0008100000000000001
Epoch: 3 cost time: 9.682165622711182
Epoch: 3, Steps: 69 | Train Loss: 1.2048231 Vali Loss: 0.6064570
EarlyStopping counter: 1 out of 3
Updating learning rate to 0.0007290000000000002
Epoch: 4 cost time: 9.719053745269775
Epoch: 4, Steps: 69 | Train Loss: 1.1821656 Vali Loss: 0.6011334
EarlyStopping counter: 2 out of 3
Updating learning rate to 0.0006561000000000001
Epoch: 5 cost time: 9.712976932525635
Epoch: 5, Steps: 69 | Train Loss: 1.1642466 Vali Loss: 0.5947494
Validation loss decreased (0.596504 --> 0.594749).  Saving model ...
Updating learning rate to 0.00059049
Epoch: 6 cost time: 9.77412724494934
Epoch: 6, Steps: 69 | Train Loss: 1.1462845 Vali Loss: 0.5969597
EarlyStopping counter: 1 out of 3
Updating learning rate to 0.000531441
Epoch: 7 cost time: 9.75818419456482
Epoch: 7, Steps: 69 | Train Loss: 1.1247447 Vali Loss: 0.6018216
EarlyStopping counter: 2 out of 3
Updating learning rate to 0.0004782969000000001
Epoch: 8 cost time: 9.730672836303711
Epoch: 8, Steps: 69 | Train Loss: 1.1123130 Vali Loss: 0.6083862
EarlyStopping counter: 3 out of 3
Early stopping
>>>>>>>testing : weather_96_336_iTransformer_custom_M_ft96_sl48_ll336_pl512_dm8_nh2_el1_dl512_df1_fctimeF_ebTrue_dtExp_projection_trk4_tsk4_2<<<<<<<<<<<<<<<<<<<<<<<<<<<<<<<<<
test 9196
test shape: (9196, 1, 1344, 21) (9196, 1, 1344, 21)
test shape: (9196, 1344, 21) (9196, 1344, 21)
prediction length: 336, mse:0.25273579359054565, mae:0.2877369523048401
prediction length: 672, mse:0.3223465383052826, mae:0.3331958055496216
prediction length: 1008, mse:0.37147054076194763, mae:0.3631913661956787
prediction length: 1344, mse:0.4081832766532898, mae:0.3837660253047943
Use GPU: cuda:0
>>>>>>>start training : weather_96_336_iTransformer_custom_M_ft96_sl48_ll336_pl512_dm8_nh2_el1_dl512_df1_fctimeF_ebTrue_dtExp_projection_trk4_tsk4_3>>>>>>>>>>>>>>>>>>>>>>>>>>
train 35448
val 4935
test 10204
Epoch: 1 cost time: 9.685593366622925
Epoch: 1, Steps: 69 | Train Loss: 1.3243119 Vali Loss: 0.6249235
Validation loss decreased (inf --> 0.624923).  Saving model ...
Updating learning rate to 0.0009000000000000001
Epoch: 2 cost time: 9.713383674621582
Epoch: 2, Steps: 69 | Train Loss: 1.2342249 Vali Loss: 0.6139999
Validation loss decreased (0.624923 --> 0.614000).  Saving model ...
Updating learning rate to 0.0008100000000000001
Epoch: 3 cost time: 9.740590333938599
Epoch: 3, Steps: 69 | Train Loss: 1.2092653 Vali Loss: 0.5937120
Validation loss decreased (0.614000 --> 0.593712).  Saving model ...
Updating learning rate to 0.0007290000000000002
Epoch: 4 cost time: 9.763099908828735
Epoch: 4, Steps: 69 | Train Loss: 1.1930687 Vali Loss: 0.6013998
EarlyStopping counter: 1 out of 3
Updating learning rate to 0.0006561000000000001
Epoch: 5 cost time: 9.751997232437134
Epoch: 5, Steps: 69 | Train Loss: 1.1698476 Vali Loss: 0.6091426
EarlyStopping counter: 2 out of 3
Updating learning rate to 0.00059049
Epoch: 6 cost time: 9.770458221435547
Epoch: 6, Steps: 69 | Train Loss: 1.1562352 Vali Loss: 0.6110129
EarlyStopping counter: 3 out of 3
Early stopping
>>>>>>>testing : weather_96_336_iTransformer_custom_M_ft96_sl48_ll336_pl512_dm8_nh2_el1_dl512_df1_fctimeF_ebTrue_dtExp_projection_trk4_tsk4_3<<<<<<<<<<<<<<<<<<<<<<<<<<<<<<<<<
test 9196
test shape: (9196, 1, 1344, 21) (9196, 1, 1344, 21)
test shape: (9196, 1344, 21) (9196, 1344, 21)
prediction length: 336, mse:0.25351783633232117, mae:0.28896936774253845
prediction length: 672, mse:0.32208338379859924, mae:0.3331449627876282
prediction length: 1008, mse:0.3699631094932556, mae:0.36222097277641296
prediction length: 1344, mse:0.4061504602432251, mae:0.3822898864746094
Use GPU: cuda:0
>>>>>>>start training : weather_96_336_iTransformer_custom_M_ft96_sl48_ll336_pl512_dm8_nh2_el1_dl512_df1_fctimeF_ebTrue_dtExp_projection_trk4_tsk4_4>>>>>>>>>>>>>>>>>>>>>>>>>>
train 35448
val 4935
test 10204
Epoch: 1 cost time: 9.663946390151978
Epoch: 1, Steps: 69 | Train Loss: 1.3228534 Vali Loss: 0.6176317
Validation loss decreased (inf --> 0.617632).  Saving model ...
Updating learning rate to 0.0009000000000000001
Epoch: 2 cost time: 9.699227333068848
Epoch: 2, Steps: 69 | Train Loss: 1.2332249 Vali Loss: 0.6052282
Validation loss decreased (0.617632 --> 0.605228).  Saving model ...
Updating learning rate to 0.0008100000000000001
Epoch: 3 cost time: 9.739509105682373
Epoch: 3, Steps: 69 | Train Loss: 1.2104810 Vali Loss: 0.6033827
Validation loss decreased (0.605228 --> 0.603383).  Saving model ...
Updating learning rate to 0.0007290000000000002
Epoch: 4 cost time: 9.736970663070679
Epoch: 4, Steps: 69 | Train Loss: 1.1911277 Vali Loss: 0.5929590
Validation loss decreased (0.603383 --> 0.592959).  Saving model ...
Updating learning rate to 0.0006561000000000001
Epoch: 5 cost time: 9.788061380386353
Epoch: 5, Steps: 69 | Train Loss: 1.1718843 Vali Loss: 0.6062677
EarlyStopping counter: 1 out of 3
Updating learning rate to 0.00059049
Epoch: 6 cost time: 9.748905897140503
Epoch: 6, Steps: 69 | Train Loss: 1.1527829 Vali Loss: 0.6068933
EarlyStopping counter: 2 out of 3
Updating learning rate to 0.000531441
Epoch: 7 cost time: 9.768611192703247
Epoch: 7, Steps: 69 | Train Loss: 1.1347845 Vali Loss: 0.6046278
EarlyStopping counter: 3 out of 3
Early stopping
>>>>>>>testing : weather_96_336_iTransformer_custom_M_ft96_sl48_ll336_pl512_dm8_nh2_el1_dl512_df1_fctimeF_ebTrue_dtExp_projection_trk4_tsk4_4<<<<<<<<<<<<<<<<<<<<<<<<<<<<<<<<<
test 9196
test shape: (9196, 1, 1344, 21) (9196, 1, 1344, 21)
test shape: (9196, 1344, 21) (9196, 1344, 21)
prediction length: 336, mse:0.25121575593948364, mae:0.2864834666252136
prediction length: 672, mse:0.31987693905830383, mae:0.3308928310871124
prediction length: 1008, mse:0.36840903759002686, mae:0.360720694065094
prediction length: 1344, mse:0.40520453453063965, mae:0.38157105445861816
Args in experiment:
Namespace(is_training=1, model_id='weather_96_336', model='iInformer', data='custom', root_path='./dataset/weather/', data_path='weather.csv', features='M', target='OT', freq='h', checkpoints='./checkpoints/', seq_len=96, label_len=48, pred_len=336, training_k=4, test_k=4, beta=0.1, gamma=0.5, enc_in=21, dec_in=21, c_out=21, d_model=512, n_heads=8, e_layers=2, d_layers=1, d_ff=2048, moving_avg=25, factor=1, distil=True, dropout=0.1, embed='timeF', activation='gelu', output_attention=False, do_predict=False, num_workers=10, itr=1, train_epochs=30, batch_size=512, patience=3, learning_rate=0.001, des='Exp', loss='MSE', lradj='type1', use_amp=False, use_gpu=True, gpu=0, use_multi_gpu=False, devices='0,1,2,3', exp_name='MTSF', channel_independence=False, inverse=False, class_strategy='projection', target_root_path='./data/electricity/', target_data_path='electricity.csv', efficient_training=False, use_norm=True, partial_start_index=0)
Use GPU: cuda:0
>>>>>>>start training : weather_96_336_iInformer_custom_M_ft96_sl48_ll336_pl512_dm8_nh2_el1_dl2048_df1_fctimeF_ebTrue_dtExp_projection_trk4_tsk4_0>>>>>>>>>>>>>>>>>>>>>>>>>>
train 35448
val 4935
test 10204
Epoch: 1 cost time: 14.907704830169678
Epoch: 1, Steps: 69 | Train Loss: 1.2590965 Vali Loss: 0.5880761
Validation loss decreased (inf --> 0.588076).  Saving model ...
Updating learning rate to 0.0009000000000000001
Epoch: 2 cost time: 14.29465365409851
Epoch: 2, Steps: 69 | Train Loss: 1.1773613 Vali Loss: 0.5758274
Validation loss decreased (0.588076 --> 0.575827).  Saving model ...
Updating learning rate to 0.0008100000000000001
Epoch: 3 cost time: 14.704898595809937
Epoch: 3, Steps: 69 | Train Loss: 1.1462155 Vali Loss: 0.5618854
Validation loss decreased (0.575827 --> 0.561885).  Saving model ...
Updating learning rate to 0.0007290000000000002
Epoch: 4 cost time: 14.76664924621582
Epoch: 4, Steps: 69 | Train Loss: 1.1176481 Vali Loss: 0.5711265
EarlyStopping counter: 1 out of 3
Updating learning rate to 0.0006561000000000001
Epoch: 5 cost time: 14.738779783248901
Epoch: 5, Steps: 69 | Train Loss: 1.0969024 Vali Loss: 0.5662472
EarlyStopping counter: 2 out of 3
Updating learning rate to 0.00059049
Epoch: 6 cost time: 14.857419967651367
Epoch: 6, Steps: 69 | Train Loss: 1.0732615 Vali Loss: 0.5767620
EarlyStopping counter: 3 out of 3
Early stopping
>>>>>>>testing : weather_96_336_iInformer_custom_M_ft96_sl48_ll336_pl512_dm8_nh2_el1_dl2048_df1_fctimeF_ebTrue_dtExp_projection_trk4_tsk4_0<<<<<<<<<<<<<<<<<<<<<<<<<<<<<<<<<
test 9196
test shape: (9196, 1, 1344, 21) (9196, 1, 1344, 21)
test shape: (9196, 1344, 21) (9196, 1344, 21)
prediction length: 336, mse:0.24517887830734253, mae:0.2861019968986511
prediction length: 672, mse:0.31570687890052795, mae:0.33138954639434814
prediction length: 1008, mse:0.3623439371585846, mae:0.35935425758361816
prediction length: 1344, mse:0.3970690071582794, mae:0.3785611391067505
Args in experiment:
Namespace(is_training=1, model_id='weather_96_336', model='iInformer', data='custom', root_path='./dataset/weather/', data_path='weather.csv', features='M', target='OT', freq='h', checkpoints='./checkpoints/', seq_len=96, label_len=48, pred_len=336, training_k=4, test_k=4, beta=0.1, gamma=0.5, enc_in=21, dec_in=21, c_out=21, d_model=512, n_heads=8, e_layers=2, d_layers=1, d_ff=2048, moving_avg=25, factor=1, distil=True, dropout=0.1, embed='timeF', activation='gelu', output_attention=False, do_predict=False, num_workers=10, itr=2, train_epochs=30, batch_size=512, patience=3, learning_rate=0.001, des='Exp', loss='MSE', lradj='type1', use_amp=False, use_gpu=True, gpu=0, use_multi_gpu=False, devices='0,1,2,3', exp_name='MTSF', channel_independence=False, inverse=False, class_strategy='projection', target_root_path='./data/electricity/', target_data_path='electricity.csv', efficient_training=False, use_norm=True, partial_start_index=0)
Use GPU: cuda:0
>>>>>>>start training : weather_96_336_iInformer_custom_M_ft96_sl48_ll336_pl512_dm8_nh2_el1_dl2048_df1_fctimeF_ebTrue_dtExp_projection_trk4_tsk4_0>>>>>>>>>>>>>>>>>>>>>>>>>>
train 35448
val 4935
test 10204
Epoch: 1 cost time: 14.876558542251587
Epoch: 1, Steps: 69 | Train Loss: 1.2606389 Vali Loss: 0.5838463
Validation loss decreased (inf --> 0.583846).  Saving model ...
Updating learning rate to 0.0009000000000000001
Epoch: 2 cost time: 14.618365049362183
Epoch: 2, Steps: 69 | Train Loss: 1.1717353 Vali Loss: 0.5730685
Validation loss decreased (0.583846 --> 0.573068).  Saving model ...
Updating learning rate to 0.0008100000000000001
Epoch: 3 cost time: 14.626911163330078
Epoch: 3, Steps: 69 | Train Loss: 1.1426212 Vali Loss: 0.5725126
Validation loss decreased (0.573068 --> 0.572513).  Saving model ...
Updating learning rate to 0.0007290000000000002
Epoch: 4 cost time: 14.839743614196777
Epoch: 4, Steps: 69 | Train Loss: 1.1168184 Vali Loss: 0.5653956
Validation loss decreased (0.572513 --> 0.565396).  Saving model ...
Updating learning rate to 0.0006561000000000001
Epoch: 5 cost time: 14.82855224609375
Epoch: 5, Steps: 69 | Train Loss: 1.0921074 Vali Loss: 0.5699741
EarlyStopping counter: 1 out of 3
Updating learning rate to 0.00059049
Epoch: 6 cost time: 14.885943412780762
Epoch: 6, Steps: 69 | Train Loss: 1.0704233 Vali Loss: 0.5775020
EarlyStopping counter: 2 out of 3
Updating learning rate to 0.000531441
Epoch: 7 cost time: 14.784642219543457
Epoch: 7, Steps: 69 | Train Loss: 1.0549353 Vali Loss: 0.5850465
EarlyStopping counter: 3 out of 3
Early stopping
>>>>>>>testing : weather_96_336_iInformer_custom_M_ft96_sl48_ll336_pl512_dm8_nh2_el1_dl2048_df1_fctimeF_ebTrue_dtExp_projection_trk4_tsk4_0<<<<<<<<<<<<<<<<<<<<<<<<<<<<<<<<<
test 9196
test shape: (9196, 1, 1344, 21) (9196, 1, 1344, 21)
test shape: (9196, 1344, 21) (9196, 1344, 21)
prediction length: 336, mse:0.2405998557806015, mae:0.28142595291137695
prediction length: 672, mse:0.31036439538002014, mae:0.326462060213089
prediction length: 1008, mse:0.35585570335388184, mae:0.35380375385284424
prediction length: 1344, mse:0.3898528516292572, mae:0.37267380952835083
Use GPU: cuda:0
>>>>>>>start training : weather_96_336_iInformer_custom_M_ft96_sl48_ll336_pl512_dm8_nh2_el1_dl2048_df1_fctimeF_ebTrue_dtExp_projection_trk4_tsk4_1>>>>>>>>>>>>>>>>>>>>>>>>>>
train 35448
val 4935
test 10204
Epoch: 1 cost time: 14.424837350845337
Epoch: 1, Steps: 69 | Train Loss: 1.2621614 Vali Loss: 0.5829530
Validation loss decreased (inf --> 0.582953).  Saving model ...
Updating learning rate to 0.0009000000000000001
Epoch: 2 cost time: 14.558144092559814
Epoch: 2, Steps: 69 | Train Loss: 1.1752817 Vali Loss: 0.5723830
Validation loss decreased (0.582953 --> 0.572383).  Saving model ...
Updating learning rate to 0.0008100000000000001
Epoch: 3 cost time: 14.62767243385315
Epoch: 3, Steps: 69 | Train Loss: 1.1466667 Vali Loss: 0.5599779
Validation loss decreased (0.572383 --> 0.559978).  Saving model ...
Updating learning rate to 0.0007290000000000002
Epoch: 4 cost time: 14.741576433181763
Epoch: 4, Steps: 69 | Train Loss: 1.1227017 Vali Loss: 0.5702867
EarlyStopping counter: 1 out of 3
Updating learning rate to 0.0006561000000000001
Epoch: 5 cost time: 14.653339147567749
Epoch: 5, Steps: 69 | Train Loss: 1.0963629 Vali Loss: 0.5687025
EarlyStopping counter: 2 out of 3
Updating learning rate to 0.00059049
Epoch: 6 cost time: 14.721500158309937
Epoch: 6, Steps: 69 | Train Loss: 1.0767783 Vali Loss: 0.5766823
EarlyStopping counter: 3 out of 3
Early stopping
>>>>>>>testing : weather_96_336_iInformer_custom_M_ft96_sl48_ll336_pl512_dm8_nh2_el1_dl2048_df1_fctimeF_ebTrue_dtExp_projection_trk4_tsk4_1<<<<<<<<<<<<<<<<<<<<<<<<<<<<<<<<<
test 9196
test shape: (9196, 1, 1344, 21) (9196, 1, 1344, 21)
test shape: (9196, 1344, 21) (9196, 1344, 21)
prediction length: 336, mse:0.24226942658424377, mae:0.2832738757133484
prediction length: 672, mse:0.31202349066734314, mae:0.3286360502243042
prediction length: 1008, mse:0.3588332235813141, mae:0.3569430410861969
prediction length: 1344, mse:0.394080251455307, mae:0.37668725848197937
Args in experiment:
Namespace(is_training=1, model_id='weather_96_336', model='iInformer', data='custom', root_path='./dataset/weather/', data_path='weather.csv', features='M', target='OT', freq='h', checkpoints='./checkpoints/', seq_len=96, label_len=48, pred_len=336, training_k=4, test_k=4, beta=0.1, gamma=0.5, enc_in=21, dec_in=21, c_out=21, d_model=512, n_heads=8, e_layers=2, d_layers=1, d_ff=2048, moving_avg=25, factor=1, distil=True, dropout=0.1, embed='timeF', activation='gelu', output_attention=False, do_predict=False, num_workers=10, itr=3, train_epochs=30, batch_size=512, patience=3, learning_rate=0.001, des='Exp', loss='MSE', lradj='type1', use_amp=False, use_gpu=True, gpu=0, use_multi_gpu=False, devices='0,1,2,3', exp_name='MTSF', channel_independence=False, inverse=False, class_strategy='projection', target_root_path='./data/electricity/', target_data_path='electricity.csv', efficient_training=False, use_norm=True, partial_start_index=0)
Use GPU: cuda:0
>>>>>>>start training : weather_96_336_iInformer_custom_M_ft96_sl48_ll336_pl512_dm8_nh2_el1_dl2048_df1_fctimeF_ebTrue_dtExp_projection_trk4_tsk4_0>>>>>>>>>>>>>>>>>>>>>>>>>>
train 35448
val 4935
test 10204
Epoch: 1 cost time: 14.975024938583374
Epoch: 1, Steps: 69 | Train Loss: 1.2586986 Vali Loss: 0.5819440
Validation loss decreased (inf --> 0.581944).  Saving model ...
Updating learning rate to 0.0009000000000000001
Epoch: 2 cost time: 14.859869003295898
Epoch: 2, Steps: 69 | Train Loss: 1.1756290 Vali Loss: 0.5695078
Validation loss decreased (0.581944 --> 0.569508).  Saving model ...
Updating learning rate to 0.0008100000000000001
Epoch: 3 cost time: 14.818214654922485
Epoch: 3, Steps: 69 | Train Loss: 1.1438019 Vali Loss: 0.5659765
Validation loss decreased (0.569508 --> 0.565977).  Saving model ...
Updating learning rate to 0.0007290000000000002
Epoch: 4 cost time: 14.820213794708252
Epoch: 4, Steps: 69 | Train Loss: 1.1216649 Vali Loss: 0.5776608
EarlyStopping counter: 1 out of 3
Updating learning rate to 0.0006561000000000001
Epoch: 5 cost time: 14.892302751541138
Epoch: 5, Steps: 69 | Train Loss: 1.1057093 Vali Loss: 0.5722687
EarlyStopping counter: 2 out of 3
Updating learning rate to 0.00059049
Epoch: 6 cost time: 14.896089315414429
Epoch: 6, Steps: 69 | Train Loss: 1.0765332 Vali Loss: 0.5662344
EarlyStopping counter: 3 out of 3
Early stopping
>>>>>>>testing : weather_96_336_iInformer_custom_M_ft96_sl48_ll336_pl512_dm8_nh2_el1_dl2048_df1_fctimeF_ebTrue_dtExp_projection_trk4_tsk4_0<<<<<<<<<<<<<<<<<<<<<<<<<<<<<<<<<
test 9196
test shape: (9196, 1, 1344, 21) (9196, 1, 1344, 21)
test shape: (9196, 1344, 21) (9196, 1344, 21)
prediction length: 336, mse:0.24185293912887573, mae:0.28299546241760254
prediction length: 672, mse:0.3119659125804901, mae:0.328205406665802
prediction length: 1008, mse:0.3588477671146393, mae:0.35645416378974915
prediction length: 1344, mse:0.3938714265823364, mae:0.37589535117149353
Use GPU: cuda:0
>>>>>>>start training : weather_96_336_iInformer_custom_M_ft96_sl48_ll336_pl512_dm8_nh2_el1_dl2048_df1_fctimeF_ebTrue_dtExp_projection_trk4_tsk4_1>>>>>>>>>>>>>>>>>>>>>>>>>>
train 35448
val 4935
test 10204
Epoch: 1 cost time: 14.446533918380737
Epoch: 1, Steps: 69 | Train Loss: 1.2611320 Vali Loss: 0.5882792
Validation loss decreased (inf --> 0.588279).  Saving model ...
Updating learning rate to 0.0009000000000000001
Epoch: 2 cost time: 14.55893087387085
Epoch: 2, Steps: 69 | Train Loss: 1.1758845 Vali Loss: 0.5722687
Validation loss decreased (0.588279 --> 0.572269).  Saving model ...
Updating learning rate to 0.0008100000000000001
Epoch: 3 cost time: 14.61850881576538
Epoch: 3, Steps: 69 | Train Loss: 1.1473720 Vali Loss: 0.5774080
EarlyStopping counter: 1 out of 3
Updating learning rate to 0.0007290000000000002
Epoch: 4 cost time: 14.592435836791992
Epoch: 4, Steps: 69 | Train Loss: 1.1193624 Vali Loss: 0.5754211
EarlyStopping counter: 2 out of 3
Updating learning rate to 0.0006561000000000001
Epoch: 5 cost time: 14.639617204666138
Epoch: 5, Steps: 69 | Train Loss: 1.0980793 Vali Loss: 0.5669976
Validation loss decreased (0.572269 --> 0.566998).  Saving model ...
Updating learning rate to 0.00059049
Epoch: 6 cost time: 14.719573974609375
Epoch: 6, Steps: 69 | Train Loss: 1.0816392 Vali Loss: 0.5755164
EarlyStopping counter: 1 out of 3
Updating learning rate to 0.000531441
Epoch: 7 cost time: 14.708232879638672
Epoch: 7, Steps: 69 | Train Loss: 1.0603252 Vali Loss: 0.5763057
EarlyStopping counter: 2 out of 3
Updating learning rate to 0.0004782969000000001
Epoch: 8 cost time: 14.740589380264282
Epoch: 8, Steps: 69 | Train Loss: 1.0403443 Vali Loss: 0.5773687
EarlyStopping counter: 3 out of 3
Early stopping
>>>>>>>testing : weather_96_336_iInformer_custom_M_ft96_sl48_ll336_pl512_dm8_nh2_el1_dl2048_df1_fctimeF_ebTrue_dtExp_projection_trk4_tsk4_1<<<<<<<<<<<<<<<<<<<<<<<<<<<<<<<<<
test 9196
test shape: (9196, 1, 1344, 21) (9196, 1, 1344, 21)
test shape: (9196, 1344, 21) (9196, 1344, 21)
prediction length: 336, mse:0.23971490561962128, mae:0.281635046005249
prediction length: 672, mse:0.30954262614250183, mae:0.3267088830471039
prediction length: 1008, mse:0.3551645278930664, mae:0.3542271852493286
prediction length: 1344, mse:0.38897407054901123, mae:0.3733401596546173
Use GPU: cuda:0
>>>>>>>start training : weather_96_336_iInformer_custom_M_ft96_sl48_ll336_pl512_dm8_nh2_el1_dl2048_df1_fctimeF_ebTrue_dtExp_projection_trk4_tsk4_2>>>>>>>>>>>>>>>>>>>>>>>>>>
train 35448
val 4935
test 10204
Epoch: 1 cost time: 14.500467300415039
Epoch: 1, Steps: 69 | Train Loss: 1.2608306 Vali Loss: 0.5871943
Validation loss decreased (inf --> 0.587194).  Saving model ...
Updating learning rate to 0.0009000000000000001
Epoch: 2 cost time: 14.604379415512085
Epoch: 2, Steps: 69 | Train Loss: 1.1737454 Vali Loss: 0.5732194
Validation loss decreased (0.587194 --> 0.573219).  Saving model ...
Updating learning rate to 0.0008100000000000001
Epoch: 3 cost time: 14.627488136291504
Epoch: 3, Steps: 69 | Train Loss: 1.1458013 Vali Loss: 0.5847101
EarlyStopping counter: 1 out of 3
Updating learning rate to 0.0007290000000000002
Epoch: 4 cost time: 14.646641254425049
Epoch: 4, Steps: 69 | Train Loss: 1.1227046 Vali Loss: 0.5752501
EarlyStopping counter: 2 out of 3
Updating learning rate to 0.0006561000000000001
Epoch: 5 cost time: 14.634840488433838
Epoch: 5, Steps: 69 | Train Loss: 1.0978164 Vali Loss: 0.5713651
Validation loss decreased (0.573219 --> 0.571365).  Saving model ...
Updating learning rate to 0.00059049
Epoch: 6 cost time: 14.78427505493164
Epoch: 6, Steps: 69 | Train Loss: 1.0744918 Vali Loss: 0.5801682
EarlyStopping counter: 1 out of 3
Updating learning rate to 0.000531441
Epoch: 7 cost time: 14.716811418533325
Epoch: 7, Steps: 69 | Train Loss: 1.0535426 Vali Loss: 0.5860103
EarlyStopping counter: 2 out of 3
Updating learning rate to 0.0004782969000000001
Epoch: 8 cost time: 14.792231798171997
Epoch: 8, Steps: 69 | Train Loss: 1.0311562 Vali Loss: 0.5987340
EarlyStopping counter: 3 out of 3
Early stopping
>>>>>>>testing : weather_96_336_iInformer_custom_M_ft96_sl48_ll336_pl512_dm8_nh2_el1_dl2048_df1_fctimeF_ebTrue_dtExp_projection_trk4_tsk4_2<<<<<<<<<<<<<<<<<<<<<<<<<<<<<<<<<
test 9196
test shape: (9196, 1, 1344, 21) (9196, 1, 1344, 21)
test shape: (9196, 1344, 21) (9196, 1344, 21)
prediction length: 336, mse:0.24401310086250305, mae:0.28596732020378113
prediction length: 672, mse:0.31431296467781067, mae:0.33117949962615967
prediction length: 1008, mse:0.3588714897632599, mae:0.3582897484302521
prediction length: 1344, mse:0.39231374859809875, mae:0.3770115077495575
Args in experiment:
Namespace(is_training=1, model_id='weather_96_336', model='iInformer', data='custom', root_path='./dataset/weather/', data_path='weather.csv', features='M', target='OT', freq='h', checkpoints='./checkpoints/', seq_len=96, label_len=48, pred_len=336, training_k=4, test_k=4, beta=0.1, gamma=0.5, enc_in=21, dec_in=21, c_out=21, d_model=512, n_heads=8, e_layers=2, d_layers=1, d_ff=2048, moving_avg=25, factor=1, distil=True, dropout=0.1, embed='timeF', activation='gelu', output_attention=False, do_predict=False, num_workers=10, itr=4, train_epochs=30, batch_size=512, patience=3, learning_rate=0.001, des='Exp', loss='MSE', lradj='type1', use_amp=False, use_gpu=True, gpu=0, use_multi_gpu=False, devices='0,1,2,3', exp_name='MTSF', channel_independence=False, inverse=False, class_strategy='projection', target_root_path='./data/electricity/', target_data_path='electricity.csv', efficient_training=False, use_norm=True, partial_start_index=0)
Use GPU: cuda:0
>>>>>>>start training : weather_96_336_iInformer_custom_M_ft96_sl48_ll336_pl512_dm8_nh2_el1_dl2048_df1_fctimeF_ebTrue_dtExp_projection_trk4_tsk4_0>>>>>>>>>>>>>>>>>>>>>>>>>>
train 35448
val 4935
test 10204
Epoch: 1 cost time: 14.978575229644775
Epoch: 1, Steps: 69 | Train Loss: 1.2608650 Vali Loss: 0.5945435
Validation loss decreased (inf --> 0.594543).  Saving model ...
Updating learning rate to 0.0009000000000000001
Epoch: 2 cost time: 14.823029279708862
Epoch: 2, Steps: 69 | Train Loss: 1.1787498 Vali Loss: 0.5738991
Validation loss decreased (0.594543 --> 0.573899).  Saving model ...
Updating learning rate to 0.0008100000000000001
Epoch: 3 cost time: 14.83670449256897
Epoch: 3, Steps: 69 | Train Loss: 1.1504805 Vali Loss: 0.5706255
Validation loss decreased (0.573899 --> 0.570626).  Saving model ...
Updating learning rate to 0.0007290000000000002
Epoch: 4 cost time: 14.92523741722107
Epoch: 4, Steps: 69 | Train Loss: 1.1245152 Vali Loss: 0.5628951
Validation loss decreased (0.570626 --> 0.562895).  Saving model ...
Updating learning rate to 0.0006561000000000001
Epoch: 5 cost time: 14.803140640258789
Epoch: 5, Steps: 69 | Train Loss: 1.0991052 Vali Loss: 0.5695027
EarlyStopping counter: 1 out of 3
Updating learning rate to 0.00059049
Epoch: 6 cost time: 14.754962921142578
Epoch: 6, Steps: 69 | Train Loss: 1.0772802 Vali Loss: 0.5733658
EarlyStopping counter: 2 out of 3
Updating learning rate to 0.000531441
Epoch: 7 cost time: 14.938463926315308
Epoch: 7, Steps: 69 | Train Loss: 1.0591485 Vali Loss: 0.5678982
EarlyStopping counter: 3 out of 3
Early stopping
>>>>>>>testing : weather_96_336_iInformer_custom_M_ft96_sl48_ll336_pl512_dm8_nh2_el1_dl2048_df1_fctimeF_ebTrue_dtExp_projection_trk4_tsk4_0<<<<<<<<<<<<<<<<<<<<<<<<<<<<<<<<<
test 9196
test shape: (9196, 1, 1344, 21) (9196, 1, 1344, 21)
test shape: (9196, 1344, 21) (9196, 1344, 21)
prediction length: 336, mse:0.24219639599323273, mae:0.284418523311615
prediction length: 672, mse:0.3134201467037201, mae:0.3308080732822418
prediction length: 1008, mse:0.36024296283721924, mae:0.35927850008010864
prediction length: 1344, mse:0.3952048420906067, mae:0.378818154335022
Use GPU: cuda:0
>>>>>>>start training : weather_96_336_iInformer_custom_M_ft96_sl48_ll336_pl512_dm8_nh2_el1_dl2048_df1_fctimeF_ebTrue_dtExp_projection_trk4_tsk4_1>>>>>>>>>>>>>>>>>>>>>>>>>>
train 35448
val 4935
test 10204
Epoch: 1 cost time: 14.47349238395691
Epoch: 1, Steps: 69 | Train Loss: 1.2628284 Vali Loss: 0.5875953
Validation loss decreased (inf --> 0.587595).  Saving model ...
Updating learning rate to 0.0009000000000000001
Epoch: 2 cost time: 14.622859477996826
Epoch: 2, Steps: 69 | Train Loss: 1.1808552 Vali Loss: 0.5761097
Validation loss decreased (0.587595 --> 0.576110).  Saving model ...
Updating learning rate to 0.0008100000000000001
Epoch: 3 cost time: 14.629470348358154
Epoch: 3, Steps: 69 | Train Loss: 1.1520190 Vali Loss: 0.5747132
Validation loss decreased (0.576110 --> 0.574713).  Saving model ...
Updating learning rate to 0.0007290000000000002
Epoch: 4 cost time: 14.695903778076172
Epoch: 4, Steps: 69 | Train Loss: 1.1282402 Vali Loss: 0.5652339
Validation loss decreased (0.574713 --> 0.565234).  Saving model ...
Updating learning rate to 0.0006561000000000001
Epoch: 5 cost time: 14.694066524505615
Epoch: 5, Steps: 69 | Train Loss: 1.1041908 Vali Loss: 0.5715278
EarlyStopping counter: 1 out of 3
Updating learning rate to 0.00059049
Epoch: 6 cost time: 14.772928714752197
Epoch: 6, Steps: 69 | Train Loss: 1.0822563 Vali Loss: 0.5671856
EarlyStopping counter: 2 out of 3
Updating learning rate to 0.000531441
Epoch: 7 cost time: 14.697501182556152
Epoch: 7, Steps: 69 | Train Loss: 1.0640099 Vali Loss: 0.5743262
EarlyStopping counter: 3 out of 3
Early stopping
>>>>>>>testing : weather_96_336_iInformer_custom_M_ft96_sl48_ll336_pl512_dm8_nh2_el1_dl2048_df1_fctimeF_ebTrue_dtExp_projection_trk4_tsk4_1<<<<<<<<<<<<<<<<<<<<<<<<<<<<<<<<<
test 9196
test shape: (9196, 1, 1344, 21) (9196, 1, 1344, 21)
test shape: (9196, 1344, 21) (9196, 1344, 21)
prediction length: 336, mse:0.24466165900230408, mae:0.28552675247192383
prediction length: 672, mse:0.31486353278160095, mae:0.3310028910636902
prediction length: 1008, mse:0.3606671690940857, mae:0.35881543159484863
prediction length: 1344, mse:0.3951782286167145, mae:0.3780946433544159
Use GPU: cuda:0
>>>>>>>start training : weather_96_336_iInformer_custom_M_ft96_sl48_ll336_pl512_dm8_nh2_el1_dl2048_df1_fctimeF_ebTrue_dtExp_projection_trk4_tsk4_2>>>>>>>>>>>>>>>>>>>>>>>>>>
train 35448
val 4935
test 10204
Epoch: 1 cost time: 14.415518999099731
Epoch: 1, Steps: 69 | Train Loss: 1.2580259 Vali Loss: 0.5800518
Validation loss decreased (inf --> 0.580052).  Saving model ...
Updating learning rate to 0.0009000000000000001
Epoch: 2 cost time: 14.651429414749146
Epoch: 2, Steps: 69 | Train Loss: 1.1755557 Vali Loss: 0.5793140
Validation loss decreased (0.580052 --> 0.579314).  Saving model ...
Updating learning rate to 0.0008100000000000001
Epoch: 3 cost time: 14.654513120651245
Epoch: 3, Steps: 69 | Train Loss: 1.1464000 Vali Loss: 0.5646200
Validation loss decreased (0.579314 --> 0.564620).  Saving model ...
Updating learning rate to 0.0007290000000000002
Epoch: 4 cost time: 14.731767654418945
Epoch: 4, Steps: 69 | Train Loss: 1.1322803 Vali Loss: 0.5690437
EarlyStopping counter: 1 out of 3
Updating learning rate to 0.0006561000000000001
Epoch: 5 cost time: 14.684149265289307
Epoch: 5, Steps: 69 | Train Loss: 1.1037804 Vali Loss: 0.5684434
EarlyStopping counter: 2 out of 3
Updating learning rate to 0.00059049
Epoch: 6 cost time: 14.758851289749146
Epoch: 6, Steps: 69 | Train Loss: 1.0813414 Vali Loss: 0.5737369
EarlyStopping counter: 3 out of 3
Early stopping
>>>>>>>testing : weather_96_336_iInformer_custom_M_ft96_sl48_ll336_pl512_dm8_nh2_el1_dl2048_df1_fctimeF_ebTrue_dtExp_projection_trk4_tsk4_2<<<<<<<<<<<<<<<<<<<<<<<<<<<<<<<<<
test 9196
test shape: (9196, 1, 1344, 21) (9196, 1, 1344, 21)
test shape: (9196, 1344, 21) (9196, 1344, 21)
prediction length: 336, mse:0.2414070963859558, mae:0.28304967284202576
prediction length: 672, mse:0.31125617027282715, mae:0.32867854833602905
prediction length: 1008, mse:0.3581242561340332, mae:0.3571399748325348
prediction length: 1344, mse:0.39300891757011414, mae:0.3767677843570709
Use GPU: cuda:0
>>>>>>>start training : weather_96_336_iInformer_custom_M_ft96_sl48_ll336_pl512_dm8_nh2_el1_dl2048_df1_fctimeF_ebTrue_dtExp_projection_trk4_tsk4_3>>>>>>>>>>>>>>>>>>>>>>>>>>
train 35448
val 4935
test 10204
Epoch: 1 cost time: 14.417193174362183
Epoch: 1, Steps: 69 | Train Loss: 1.2648410 Vali Loss: 0.5917020
Validation loss decreased (inf --> 0.591702).  Saving model ...
Updating learning rate to 0.0009000000000000001
Epoch: 2 cost time: 14.663706541061401
Epoch: 2, Steps: 69 | Train Loss: 1.1855424 Vali Loss: 0.5665762
Validation loss decreased (0.591702 --> 0.566576).  Saving model ...
Updating learning rate to 0.0008100000000000001
Epoch: 3 cost time: 14.66541838645935
Epoch: 3, Steps: 69 | Train Loss: 1.1488060 Vali Loss: 0.5672415
EarlyStopping counter: 1 out of 3
Updating learning rate to 0.0007290000000000002
Epoch: 4 cost time: 14.702115774154663
Epoch: 4, Steps: 69 | Train Loss: 1.1270370 Vali Loss: 0.5654972
Validation loss decreased (0.566576 --> 0.565497).  Saving model ...
Updating learning rate to 0.0006561000000000001
Epoch: 5 cost time: 14.656180143356323
Epoch: 5, Steps: 69 | Train Loss: 1.1019157 Vali Loss: 0.5639408
Validation loss decreased (0.565497 --> 0.563941).  Saving model ...
Updating learning rate to 0.00059049
Epoch: 6 cost time: 14.784702062606812
Epoch: 6, Steps: 69 | Train Loss: 1.0799609 Vali Loss: 0.5655056
EarlyStopping counter: 1 out of 3
Updating learning rate to 0.000531441
Epoch: 7 cost time: 14.763719081878662
Epoch: 7, Steps: 69 | Train Loss: 1.0600104 Vali Loss: 0.5727974
EarlyStopping counter: 2 out of 3
Updating learning rate to 0.0004782969000000001
Epoch: 8 cost time: 14.754376888275146
Epoch: 8, Steps: 69 | Train Loss: 1.0383906 Vali Loss: 0.5772302
EarlyStopping counter: 3 out of 3
Early stopping
>>>>>>>testing : weather_96_336_iInformer_custom_M_ft96_sl48_ll336_pl512_dm8_nh2_el1_dl2048_df1_fctimeF_ebTrue_dtExp_projection_trk4_tsk4_3<<<<<<<<<<<<<<<<<<<<<<<<<<<<<<<<<
test 9196
test shape: (9196, 1, 1344, 21) (9196, 1, 1344, 21)
test shape: (9196, 1344, 21) (9196, 1344, 21)
prediction length: 336, mse:0.24340926110744476, mae:0.28491079807281494
prediction length: 672, mse:0.3138667941093445, mae:0.32996687293052673
prediction length: 1008, mse:0.35867249965667725, mae:0.3570127487182617
prediction length: 1344, mse:0.39250802993774414, mae:0.37592580914497375
Args in experiment:
Namespace(is_training=1, model_id='weather_96_336', model='iInformer', data='custom', root_path='./dataset/weather/', data_path='weather.csv', features='M', target='OT', freq='h', checkpoints='./checkpoints/', seq_len=96, label_len=48, pred_len=336, training_k=4, test_k=4, beta=0.1, gamma=0.5, enc_in=21, dec_in=21, c_out=21, d_model=512, n_heads=8, e_layers=2, d_layers=1, d_ff=2048, moving_avg=25, factor=1, distil=True, dropout=0.1, embed='timeF', activation='gelu', output_attention=False, do_predict=False, num_workers=10, itr=5, train_epochs=30, batch_size=512, patience=3, learning_rate=0.001, des='Exp', loss='MSE', lradj='type1', use_amp=False, use_gpu=True, gpu=0, use_multi_gpu=False, devices='0,1,2,3', exp_name='MTSF', channel_independence=False, inverse=False, class_strategy='projection', target_root_path='./data/electricity/', target_data_path='electricity.csv', efficient_training=False, use_norm=True, partial_start_index=0)
Use GPU: cuda:0
>>>>>>>start training : weather_96_336_iInformer_custom_M_ft96_sl48_ll336_pl512_dm8_nh2_el1_dl2048_df1_fctimeF_ebTrue_dtExp_projection_trk4_tsk4_0>>>>>>>>>>>>>>>>>>>>>>>>>>
train 35448
val 4935
test 10204
Epoch: 1 cost time: 14.90324354171753
Epoch: 1, Steps: 69 | Train Loss: 1.2619054 Vali Loss: 0.5873393
Validation loss decreased (inf --> 0.587339).  Saving model ...
Updating learning rate to 0.0009000000000000001
Epoch: 2 cost time: 14.803649425506592
Epoch: 2, Steps: 69 | Train Loss: 1.1794324 Vali Loss: 0.5678837
Validation loss decreased (0.587339 --> 0.567884).  Saving model ...
Updating learning rate to 0.0008100000000000001
Epoch: 3 cost time: 14.783686637878418
Epoch: 3, Steps: 69 | Train Loss: 1.1428333 Vali Loss: 0.5702149
EarlyStopping counter: 1 out of 3
Updating learning rate to 0.0007290000000000002
Epoch: 4 cost time: 14.814759731292725
Epoch: 4, Steps: 69 | Train Loss: 1.1226419 Vali Loss: 0.5779247
EarlyStopping counter: 2 out of 3
Updating learning rate to 0.0006561000000000001
Epoch: 5 cost time: 14.767209768295288
Epoch: 5, Steps: 69 | Train Loss: 1.0952929 Vali Loss: 0.5727038
EarlyStopping counter: 3 out of 3
Early stopping
>>>>>>>testing : weather_96_336_iInformer_custom_M_ft96_sl48_ll336_pl512_dm8_nh2_el1_dl2048_df1_fctimeF_ebTrue_dtExp_projection_trk4_tsk4_0<<<<<<<<<<<<<<<<<<<<<<<<<<<<<<<<<
test 9196
test shape: (9196, 1, 1344, 21) (9196, 1, 1344, 21)
test shape: (9196, 1344, 21) (9196, 1344, 21)
prediction length: 336, mse:0.24609145522117615, mae:0.28496989607810974
prediction length: 672, mse:0.3165484368801117, mae:0.33052879571914673
prediction length: 1008, mse:0.36373424530029297, mae:0.359291672706604
prediction length: 1344, mse:0.39945459365844727, mae:0.37933284044265747
Use GPU: cuda:0
>>>>>>>start training : weather_96_336_iInformer_custom_M_ft96_sl48_ll336_pl512_dm8_nh2_el1_dl2048_df1_fctimeF_ebTrue_dtExp_projection_trk4_tsk4_1>>>>>>>>>>>>>>>>>>>>>>>>>>
train 35448
val 4935
test 10204
Epoch: 1 cost time: 14.425385236740112
Epoch: 1, Steps: 69 | Train Loss: 1.2616913 Vali Loss: 0.5915654
Validation loss decreased (inf --> 0.591565).  Saving model ...
Updating learning rate to 0.0009000000000000001
Epoch: 2 cost time: 14.54428744316101
Epoch: 2, Steps: 69 | Train Loss: 1.1799169 Vali Loss: 0.5849854
Validation loss decreased (0.591565 --> 0.584985).  Saving model ...
Updating learning rate to 0.0008100000000000001
Epoch: 3 cost time: 14.635830640792847
Epoch: 3, Steps: 69 | Train Loss: 1.1459031 Vali Loss: 0.5778835
Validation loss decreased (0.584985 --> 0.577883).  Saving model ...
Updating learning rate to 0.0007290000000000002
Epoch: 4 cost time: 14.712456226348877
Epoch: 4, Steps: 69 | Train Loss: 1.1296333 Vali Loss: 0.5706342
Validation loss decreased (0.577883 --> 0.570634).  Saving model ...
Updating learning rate to 0.0006561000000000001
Epoch: 5 cost time: 14.795675992965698
Epoch: 5, Steps: 69 | Train Loss: 1.0985493 Vali Loss: 0.5798482
EarlyStopping counter: 1 out of 3
Updating learning rate to 0.00059049
Epoch: 6 cost time: 14.721124172210693
Epoch: 6, Steps: 69 | Train Loss: 1.0758981 Vali Loss: 0.5755326
EarlyStopping counter: 2 out of 3
Updating learning rate to 0.000531441
Epoch: 7 cost time: 14.753414392471313
Epoch: 7, Steps: 69 | Train Loss: 1.0596920 Vali Loss: 0.5679744
Validation loss decreased (0.570634 --> 0.567974).  Saving model ...
Updating learning rate to 0.0004782969000000001
Epoch: 8 cost time: 14.806323766708374
Epoch: 8, Steps: 69 | Train Loss: 1.0386643 Vali Loss: 0.5771444
EarlyStopping counter: 1 out of 3
Updating learning rate to 0.0004304672100000001
Epoch: 9 cost time: 14.711989402770996
Epoch: 9, Steps: 69 | Train Loss: 1.0250515 Vali Loss: 0.5886741
EarlyStopping counter: 2 out of 3
Updating learning rate to 0.0003874204890000001
Epoch: 10 cost time: 14.739817380905151
Epoch: 10, Steps: 69 | Train Loss: 1.0021499 Vali Loss: 0.6006008
EarlyStopping counter: 3 out of 3
Early stopping
>>>>>>>testing : weather_96_336_iInformer_custom_M_ft96_sl48_ll336_pl512_dm8_nh2_el1_dl2048_df1_fctimeF_ebTrue_dtExp_projection_trk4_tsk4_1<<<<<<<<<<<<<<<<<<<<<<<<<<<<<<<<<
test 9196
test shape: (9196, 1, 1344, 21) (9196, 1, 1344, 21)
test shape: (9196, 1344, 21) (9196, 1344, 21)
prediction length: 336, mse:0.24298778176307678, mae:0.28470149636268616
prediction length: 672, mse:0.31253582239151, mae:0.32982951402664185
prediction length: 1008, mse:0.35726264119148254, mae:0.35701948404312134
prediction length: 1344, mse:0.39049914479255676, mae:0.37533727288246155
Use GPU: cuda:0
>>>>>>>start training : weather_96_336_iInformer_custom_M_ft96_sl48_ll336_pl512_dm8_nh2_el1_dl2048_df1_fctimeF_ebTrue_dtExp_projection_trk4_tsk4_2>>>>>>>>>>>>>>>>>>>>>>>>>>
train 35448
val 4935
test 10204
Epoch: 1 cost time: 14.520942687988281
Epoch: 1, Steps: 69 | Train Loss: 1.2565630 Vali Loss: 0.5924771
Validation loss decreased (inf --> 0.592477).  Saving model ...
Updating learning rate to 0.0009000000000000001
Epoch: 2 cost time: 14.662392139434814
Epoch: 2, Steps: 69 | Train Loss: 1.1753308 Vali Loss: 0.5737116
Validation loss decreased (0.592477 --> 0.573712).  Saving model ...
Updating learning rate to 0.0008100000000000001
Epoch: 3 cost time: 14.66283392906189
Epoch: 3, Steps: 69 | Train Loss: 1.1458160 Vali Loss: 0.5672653
Validation loss decreased (0.573712 --> 0.567265).  Saving model ...
Updating learning rate to 0.0007290000000000002
Epoch: 4 cost time: 14.718605756759644
Epoch: 4, Steps: 69 | Train Loss: 1.1168278 Vali Loss: 0.5721110
EarlyStopping counter: 1 out of 3
Updating learning rate to 0.0006561000000000001
Epoch: 5 cost time: 14.749159097671509
Epoch: 5, Steps: 69 | Train Loss: 1.0952943 Vali Loss: 0.5765790
EarlyStopping counter: 2 out of 3
Updating learning rate to 0.00059049
Epoch: 6 cost time: 14.732264518737793
Epoch: 6, Steps: 69 | Train Loss: 1.0755578 Vali Loss: 0.5675165
EarlyStopping counter: 3 out of 3
Early stopping
>>>>>>>testing : weather_96_336_iInformer_custom_M_ft96_sl48_ll336_pl512_dm8_nh2_el1_dl2048_df1_fctimeF_ebTrue_dtExp_projection_trk4_tsk4_2<<<<<<<<<<<<<<<<<<<<<<<<<<<<<<<<<
test 9196
test shape: (9196, 1, 1344, 21) (9196, 1, 1344, 21)
test shape: (9196, 1344, 21) (9196, 1344, 21)
prediction length: 336, mse:0.24357543885707855, mae:0.2849821150302887
prediction length: 672, mse:0.3128476142883301, mae:0.329626202583313
prediction length: 1008, mse:0.3588460385799408, mae:0.35735952854156494
prediction length: 1344, mse:0.39407584071159363, mae:0.37709811329841614
Use GPU: cuda:0
>>>>>>>start training : weather_96_336_iInformer_custom_M_ft96_sl48_ll336_pl512_dm8_nh2_el1_dl2048_df1_fctimeF_ebTrue_dtExp_projection_trk4_tsk4_3>>>>>>>>>>>>>>>>>>>>>>>>>>
train 35448
val 4935
test 10204
Epoch: 1 cost time: 14.554144382476807
Epoch: 1, Steps: 69 | Train Loss: 1.2612568 Vali Loss: 0.5814147
Validation loss decreased (inf --> 0.581415).  Saving model ...
Updating learning rate to 0.0009000000000000001
Epoch: 2 cost time: 14.6948561668396
Epoch: 2, Steps: 69 | Train Loss: 1.1763531 Vali Loss: 0.5677657
Validation loss decreased (0.581415 --> 0.567766).  Saving model ...
Updating learning rate to 0.0008100000000000001
Epoch: 3 cost time: 14.760145664215088
Epoch: 3, Steps: 69 | Train Loss: 1.1441013 Vali Loss: 0.5695186
EarlyStopping counter: 1 out of 3
Updating learning rate to 0.0007290000000000002
Epoch: 4 cost time: 14.800777673721313
Epoch: 4, Steps: 69 | Train Loss: 1.1179377 Vali Loss: 0.5658028
Validation loss decreased (0.567766 --> 0.565803).  Saving model ...
Updating learning rate to 0.0006561000000000001
Epoch: 5 cost time: 14.845278263092041
Epoch: 5, Steps: 69 | Train Loss: 1.0991358 Vali Loss: 0.5703891
EarlyStopping counter: 1 out of 3
Updating learning rate to 0.00059049
Epoch: 6 cost time: 14.794649362564087
Epoch: 6, Steps: 69 | Train Loss: 1.0740385 Vali Loss: 0.5644753
Validation loss decreased (0.565803 --> 0.564475).  Saving model ...
Updating learning rate to 0.000531441
Epoch: 7 cost time: 14.862881422042847
Epoch: 7, Steps: 69 | Train Loss: 1.0563122 Vali Loss: 0.5729375
EarlyStopping counter: 1 out of 3
Updating learning rate to 0.0004782969000000001
Epoch: 8 cost time: 14.85561990737915
Epoch: 8, Steps: 69 | Train Loss: 1.0365081 Vali Loss: 0.5902764
EarlyStopping counter: 2 out of 3
Updating learning rate to 0.0004304672100000001
Epoch: 9 cost time: 14.819148302078247
Epoch: 9, Steps: 69 | Train Loss: 1.0198898 Vali Loss: 0.5882767
EarlyStopping counter: 3 out of 3
Early stopping
>>>>>>>testing : weather_96_336_iInformer_custom_M_ft96_sl48_ll336_pl512_dm8_nh2_el1_dl2048_df1_fctimeF_ebTrue_dtExp_projection_trk4_tsk4_3<<<<<<<<<<<<<<<<<<<<<<<<<<<<<<<<<
test 9196
test shape: (9196, 1, 1344, 21) (9196, 1, 1344, 21)
test shape: (9196, 1344, 21) (9196, 1344, 21)
prediction length: 336, mse:0.24029040336608887, mae:0.28237012028694153
prediction length: 672, mse:0.31004056334495544, mae:0.32750216126441956
prediction length: 1008, mse:0.3552442193031311, mae:0.35464024543762207
prediction length: 1344, mse:0.3885236084461212, mae:0.3730386197566986
Use GPU: cuda:0
>>>>>>>start training : weather_96_336_iInformer_custom_M_ft96_sl48_ll336_pl512_dm8_nh2_el1_dl2048_df1_fctimeF_ebTrue_dtExp_projection_trk4_tsk4_4>>>>>>>>>>>>>>>>>>>>>>>>>>
train 35448
val 4935
test 10204
Epoch: 1 cost time: 14.5376615524292
Epoch: 1, Steps: 69 | Train Loss: 1.2622462 Vali Loss: 0.5840926
Validation loss decreased (inf --> 0.584093).  Saving model ...
Updating learning rate to 0.0009000000000000001
Epoch: 2 cost time: 14.65604829788208
Epoch: 2, Steps: 69 | Train Loss: 1.1787177 Vali Loss: 0.5753503
Validation loss decreased (0.584093 --> 0.575350).  Saving model ...
Updating learning rate to 0.0008100000000000001
Epoch: 3 cost time: 14.741207361221313
Epoch: 3, Steps: 69 | Train Loss: 1.1459180 Vali Loss: 0.5787622
EarlyStopping counter: 1 out of 3
Updating learning rate to 0.0007290000000000002
Epoch: 4 cost time: 14.710306406021118
Epoch: 4, Steps: 69 | Train Loss: 1.1268993 Vali Loss: 0.5753938
EarlyStopping counter: 2 out of 3
Updating learning rate to 0.0006561000000000001
Epoch: 5 cost time: 14.78060007095337
Epoch: 5, Steps: 69 | Train Loss: 1.0994799 Vali Loss: 0.5684662
Validation loss decreased (0.575350 --> 0.568466).  Saving model ...
Updating learning rate to 0.00059049
Epoch: 6 cost time: 14.873428344726562
Epoch: 6, Steps: 69 | Train Loss: 1.0762682 Vali Loss: 0.5716311
EarlyStopping counter: 1 out of 3
Updating learning rate to 0.000531441
Epoch: 7 cost time: 14.848324298858643
Epoch: 7, Steps: 69 | Train Loss: 1.0614945 Vali Loss: 0.5800574
EarlyStopping counter: 2 out of 3
Updating learning rate to 0.0004782969000000001
Epoch: 8 cost time: 14.876142024993896
Epoch: 8, Steps: 69 | Train Loss: 1.0378549 Vali Loss: 0.5844848
EarlyStopping counter: 3 out of 3
Early stopping
>>>>>>>testing : weather_96_336_iInformer_custom_M_ft96_sl48_ll336_pl512_dm8_nh2_el1_dl2048_df1_fctimeF_ebTrue_dtExp_projection_trk4_tsk4_4<<<<<<<<<<<<<<<<<<<<<<<<<<<<<<<<<
test 9196
test shape: (9196, 1, 1344, 21) (9196, 1, 1344, 21)
test shape: (9196, 1344, 21) (9196, 1344, 21)
prediction length: 336, mse:0.24473735690116882, mae:0.28560924530029297
prediction length: 672, mse:0.31516698002815247, mae:0.33086881041526794
prediction length: 1008, mse:0.3605842590332031, mae:0.3583510220050812
prediction length: 1344, mse:0.3941076397895813, mae:0.37689846754074097
Args in experiment:
Namespace(is_training=1, model_id='weather_96_336', model='iFlowformer', data='custom', root_path='./dataset/weather/', data_path='weather.csv', features='M', target='OT', freq='h', checkpoints='./checkpoints/', seq_len=96, label_len=48, pred_len=336, training_k=4, test_k=4, beta=0.1, gamma=0.5, enc_in=21, dec_in=21, c_out=21, d_model=512, n_heads=8, e_layers=2, d_layers=1, d_ff=2048, moving_avg=25, factor=1, distil=True, dropout=0.1, embed='timeF', activation='gelu', output_attention=False, do_predict=False, num_workers=10, itr=1, train_epochs=30, batch_size=512, patience=3, learning_rate=0.001, des='Exp', loss='MSE', lradj='type1', use_amp=False, use_gpu=True, gpu=0, use_multi_gpu=False, devices='0,1,2,3', exp_name='MTSF', channel_independence=False, inverse=False, class_strategy='projection', target_root_path='./data/electricity/', target_data_path='electricity.csv', efficient_training=False, use_norm=True, partial_start_index=0)
Use GPU: cuda:0
>>>>>>>start training : weather_96_336_iFlowformer_custom_M_ft96_sl48_ll336_pl512_dm8_nh2_el1_dl2048_df1_fctimeF_ebTrue_dtExp_projection_trk4_tsk4_0>>>>>>>>>>>>>>>>>>>>>>>>>>
train 35448
val 4935
test 10204
Epoch: 1 cost time: 16.227967977523804
Epoch: 1, Steps: 69 | Train Loss: 1.3187740 Vali Loss: 0.6227725
Validation loss decreased (inf --> 0.622773).  Saving model ...
Updating learning rate to 0.0009000000000000001
Epoch: 2 cost time: 15.979133605957031
Epoch: 2, Steps: 69 | Train Loss: 1.2340573 Vali Loss: 0.6063063
Validation loss decreased (0.622773 --> 0.606306).  Saving model ...
Updating learning rate to 0.0008100000000000001
Epoch: 3 cost time: 16.23831534385681
Epoch: 3, Steps: 69 | Train Loss: 1.2092826 Vali Loss: 0.5995162
Validation loss decreased (0.606306 --> 0.599516).  Saving model ...
Updating learning rate to 0.0007290000000000002
Epoch: 4 cost time: 16.349480628967285
Epoch: 4, Steps: 69 | Train Loss: 1.1869119 Vali Loss: 0.6021397
EarlyStopping counter: 1 out of 3
Updating learning rate to 0.0006561000000000001
Epoch: 5 cost time: 16.036484003067017
Epoch: 5, Steps: 69 | Train Loss: 1.1626888 Vali Loss: 0.5917872
Validation loss decreased (0.599516 --> 0.591787).  Saving model ...
Updating learning rate to 0.00059049
Epoch: 6 cost time: 16.38447093963623
Epoch: 6, Steps: 69 | Train Loss: 1.1405143 Vali Loss: 0.5992501
EarlyStopping counter: 1 out of 3
Updating learning rate to 0.000531441
Epoch: 7 cost time: 16.342019081115723
Epoch: 7, Steps: 69 | Train Loss: 1.1201874 Vali Loss: 0.6203096
EarlyStopping counter: 2 out of 3
Updating learning rate to 0.0004782969000000001
Epoch: 8 cost time: 16.02141523361206
Epoch: 8, Steps: 69 | Train Loss: 1.1030654 Vali Loss: 0.6190103
EarlyStopping counter: 3 out of 3
Early stopping
>>>>>>>testing : weather_96_336_iFlowformer_custom_M_ft96_sl48_ll336_pl512_dm8_nh2_el1_dl2048_df1_fctimeF_ebTrue_dtExp_projection_trk4_tsk4_0<<<<<<<<<<<<<<<<<<<<<<<<<<<<<<<<<
test 9196
test shape: (9196, 1, 1344, 21) (9196, 1, 1344, 21)
test shape: (9196, 1344, 21) (9196, 1344, 21)
prediction length: 336, mse:0.2503963112831116, mae:0.2877243161201477
prediction length: 672, mse:0.31915283203125, mae:0.3326016962528229
prediction length: 1008, mse:0.366735577583313, mae:0.36213168501853943
prediction length: 1344, mse:0.40244704484939575, mae:0.3823215365409851
Args in experiment:
Namespace(is_training=1, model_id='weather_96_336', model='iFlowformer', data='custom', root_path='./dataset/weather/', data_path='weather.csv', features='M', target='OT', freq='h', checkpoints='./checkpoints/', seq_len=96, label_len=48, pred_len=336, training_k=4, test_k=4, beta=0.1, gamma=0.5, enc_in=21, dec_in=21, c_out=21, d_model=512, n_heads=8, e_layers=2, d_layers=1, d_ff=2048, moving_avg=25, factor=1, distil=True, dropout=0.1, embed='timeF', activation='gelu', output_attention=False, do_predict=False, num_workers=10, itr=2, train_epochs=30, batch_size=512, patience=3, learning_rate=0.001, des='Exp', loss='MSE', lradj='type1', use_amp=False, use_gpu=True, gpu=0, use_multi_gpu=False, devices='0,1,2,3', exp_name='MTSF', channel_independence=False, inverse=False, class_strategy='projection', target_root_path='./data/electricity/', target_data_path='electricity.csv', efficient_training=False, use_norm=True, partial_start_index=0)
Use GPU: cuda:0
>>>>>>>start training : weather_96_336_iFlowformer_custom_M_ft96_sl48_ll336_pl512_dm8_nh2_el1_dl2048_df1_fctimeF_ebTrue_dtExp_projection_trk4_tsk4_0>>>>>>>>>>>>>>>>>>>>>>>>>>
train 35448
val 4935
test 10204
Epoch: 1 cost time: 16.287757873535156
Epoch: 1, Steps: 69 | Train Loss: 1.3196171 Vali Loss: 0.6249748
Validation loss decreased (inf --> 0.624975).  Saving model ...
Updating learning rate to 0.0009000000000000001
Epoch: 2 cost time: 16.189470767974854
Epoch: 2, Steps: 69 | Train Loss: 1.2354465 Vali Loss: 0.6017830
Validation loss decreased (0.624975 --> 0.601783).  Saving model ...
Updating learning rate to 0.0008100000000000001
Epoch: 3 cost time: 16.231775522232056
Epoch: 3, Steps: 69 | Train Loss: 1.2077479 Vali Loss: 0.5982574
Validation loss decreased (0.601783 --> 0.598257).  Saving model ...
Updating learning rate to 0.0007290000000000002
Epoch: 4 cost time: 16.359077215194702
Epoch: 4, Steps: 69 | Train Loss: 1.1844169 Vali Loss: 0.5902447
Validation loss decreased (0.598257 --> 0.590245).  Saving model ...
Updating learning rate to 0.0006561000000000001
Epoch: 5 cost time: 16.35537815093994
Epoch: 5, Steps: 69 | Train Loss: 1.1622047 Vali Loss: 0.5917597
EarlyStopping counter: 1 out of 3
Updating learning rate to 0.00059049
Epoch: 6 cost time: 16.0196635723114
Epoch: 6, Steps: 69 | Train Loss: 1.1387104 Vali Loss: 0.5955290
EarlyStopping counter: 2 out of 3
Updating learning rate to 0.000531441
Epoch: 7 cost time: 16.38151502609253
Epoch: 7, Steps: 69 | Train Loss: 1.1185713 Vali Loss: 0.5994049
EarlyStopping counter: 3 out of 3
Early stopping
>>>>>>>testing : weather_96_336_iFlowformer_custom_M_ft96_sl48_ll336_pl512_dm8_nh2_el1_dl2048_df1_fctimeF_ebTrue_dtExp_projection_trk4_tsk4_0<<<<<<<<<<<<<<<<<<<<<<<<<<<<<<<<<
test 9196
test shape: (9196, 1, 1344, 21) (9196, 1, 1344, 21)
test shape: (9196, 1344, 21) (9196, 1344, 21)
prediction length: 336, mse:0.24901814758777618, mae:0.2863921821117401
prediction length: 672, mse:0.3184322714805603, mae:0.33154597878456116
prediction length: 1008, mse:0.3665239214897156, mae:0.3608676791191101
prediction length: 1344, mse:0.402898371219635, mae:0.38121941685676575
Use GPU: cuda:0
>>>>>>>start training : weather_96_336_iFlowformer_custom_M_ft96_sl48_ll336_pl512_dm8_nh2_el1_dl2048_df1_fctimeF_ebTrue_dtExp_projection_trk4_tsk4_1>>>>>>>>>>>>>>>>>>>>>>>>>>
train 35448
val 4935
test 10204
Epoch: 1 cost time: 16.048895835876465
Epoch: 1, Steps: 69 | Train Loss: 1.3178564 Vali Loss: 0.6131146
Validation loss decreased (inf --> 0.613115).  Saving model ...
Updating learning rate to 0.0009000000000000001
Epoch: 2 cost time: 16.082788705825806
Epoch: 2, Steps: 69 | Train Loss: 1.2354301 Vali Loss: 0.5994189
Validation loss decreased (0.613115 --> 0.599419).  Saving model ...
Updating learning rate to 0.0008100000000000001
Epoch: 3 cost time: 16.20262861251831
Epoch: 3, Steps: 69 | Train Loss: 1.2081858 Vali Loss: 0.6014605
EarlyStopping counter: 1 out of 3
Updating learning rate to 0.0007290000000000002
Epoch: 4 cost time: 16.187169313430786
Epoch: 4, Steps: 69 | Train Loss: 1.1835489 Vali Loss: 0.5955811
Validation loss decreased (0.599419 --> 0.595581).  Saving model ...
Updating learning rate to 0.0006561000000000001
Epoch: 5 cost time: 16.2602641582489
Epoch: 5, Steps: 69 | Train Loss: 1.1601624 Vali Loss: 0.5946240
Validation loss decreased (0.595581 --> 0.594624).  Saving model ...
Updating learning rate to 0.00059049
Epoch: 6 cost time: 16.23065686225891
Epoch: 6, Steps: 69 | Train Loss: 1.1352241 Vali Loss: 0.5916169
Validation loss decreased (0.594624 --> 0.591617).  Saving model ...
Updating learning rate to 0.000531441
Epoch: 7 cost time: 16.25353503227234
Epoch: 7, Steps: 69 | Train Loss: 1.1138416 Vali Loss: 0.6016731
EarlyStopping counter: 1 out of 3
Updating learning rate to 0.0004782969000000001
Epoch: 8 cost time: 16.177281141281128
Epoch: 8, Steps: 69 | Train Loss: 1.0932148 Vali Loss: 0.6173289
EarlyStopping counter: 2 out of 3
Updating learning rate to 0.0004304672100000001
Epoch: 9 cost time: 16.224369049072266
Epoch: 9, Steps: 69 | Train Loss: 1.0789185 Vali Loss: 0.6135021
EarlyStopping counter: 3 out of 3
Early stopping
>>>>>>>testing : weather_96_336_iFlowformer_custom_M_ft96_sl48_ll336_pl512_dm8_nh2_el1_dl2048_df1_fctimeF_ebTrue_dtExp_projection_trk4_tsk4_1<<<<<<<<<<<<<<<<<<<<<<<<<<<<<<<<<
test 9196
test shape: (9196, 1, 1344, 21) (9196, 1, 1344, 21)
test shape: (9196, 1344, 21) (9196, 1344, 21)
prediction length: 336, mse:0.2503845989704132, mae:0.28779008984565735
prediction length: 672, mse:0.32000771164894104, mae:0.33345022797584534
prediction length: 1008, mse:0.3676721751689911, mae:0.36273983120918274
prediction length: 1344, mse:0.4035538136959076, mae:0.3827032446861267
Args in experiment:
Namespace(is_training=1, model_id='weather_96_336', model='iFlowformer', data='custom', root_path='./dataset/weather/', data_path='weather.csv', features='M', target='OT', freq='h', checkpoints='./checkpoints/', seq_len=96, label_len=48, pred_len=336, training_k=4, test_k=4, beta=0.1, gamma=0.5, enc_in=21, dec_in=21, c_out=21, d_model=512, n_heads=8, e_layers=2, d_layers=1, d_ff=2048, moving_avg=25, factor=1, distil=True, dropout=0.1, embed='timeF', activation='gelu', output_attention=False, do_predict=False, num_workers=10, itr=3, train_epochs=30, batch_size=512, patience=3, learning_rate=0.001, des='Exp', loss='MSE', lradj='type1', use_amp=False, use_gpu=True, gpu=0, use_multi_gpu=False, devices='0,1,2,3', exp_name='MTSF', channel_independence=False, inverse=False, class_strategy='projection', target_root_path='./data/electricity/', target_data_path='electricity.csv', efficient_training=False, use_norm=True, partial_start_index=0)
Use GPU: cuda:0
>>>>>>>start training : weather_96_336_iFlowformer_custom_M_ft96_sl48_ll336_pl512_dm8_nh2_el1_dl2048_df1_fctimeF_ebTrue_dtExp_projection_trk4_tsk4_0>>>>>>>>>>>>>>>>>>>>>>>>>>
train 35448
val 4935
test 10204
Epoch: 1 cost time: 16.292357206344604
Epoch: 1, Steps: 69 | Train Loss: 1.3214674 Vali Loss: 0.6215429
Validation loss decreased (inf --> 0.621543).  Saving model ...
Updating learning rate to 0.0009000000000000001
Epoch: 2 cost time: 16.156187534332275
Epoch: 2, Steps: 69 | Train Loss: 1.2410563 Vali Loss: 0.6181053
Validation loss decreased (0.621543 --> 0.618105).  Saving model ...
Updating learning rate to 0.0008100000000000001
Epoch: 3 cost time: 16.30915641784668
Epoch: 3, Steps: 69 | Train Loss: 1.2143603 Vali Loss: 0.5952240
Validation loss decreased (0.618105 --> 0.595224).  Saving model ...
Updating learning rate to 0.0007290000000000002
Epoch: 4 cost time: 16.364498138427734
Epoch: 4, Steps: 69 | Train Loss: 1.1975375 Vali Loss: 0.5928862
Validation loss decreased (0.595224 --> 0.592886).  Saving model ...
Updating learning rate to 0.0006561000000000001
Epoch: 5 cost time: 16.357460498809814
Epoch: 5, Steps: 69 | Train Loss: 1.1723690 Vali Loss: 0.5954751
EarlyStopping counter: 1 out of 3
Updating learning rate to 0.00059049
Epoch: 6 cost time: 16.36130928993225
Epoch: 6, Steps: 69 | Train Loss: 1.1501710 Vali Loss: 0.5964449
EarlyStopping counter: 2 out of 3
Updating learning rate to 0.000531441
Epoch: 7 cost time: 16.35328984260559
Epoch: 7, Steps: 69 | Train Loss: 1.1303544 Vali Loss: 0.6065249
EarlyStopping counter: 3 out of 3
Early stopping
>>>>>>>testing : weather_96_336_iFlowformer_custom_M_ft96_sl48_ll336_pl512_dm8_nh2_el1_dl2048_df1_fctimeF_ebTrue_dtExp_projection_trk4_tsk4_0<<<<<<<<<<<<<<<<<<<<<<<<<<<<<<<<<
test 9196
test shape: (9196, 1, 1344, 21) (9196, 1, 1344, 21)
test shape: (9196, 1344, 21) (9196, 1344, 21)
prediction length: 336, mse:0.2515959143638611, mae:0.28867536783218384
prediction length: 672, mse:0.3193466067314148, mae:0.33238300681114197
prediction length: 1008, mse:0.36647194623947144, mae:0.3610853850841522
prediction length: 1344, mse:0.4024467468261719, mae:0.38119009137153625
Use GPU: cuda:0
>>>>>>>start training : weather_96_336_iFlowformer_custom_M_ft96_sl48_ll336_pl512_dm8_nh2_el1_dl2048_df1_fctimeF_ebTrue_dtExp_projection_trk4_tsk4_1>>>>>>>>>>>>>>>>>>>>>>>>>>
train 35448
val 4935
test 10204
Epoch: 1 cost time: 16.043894052505493
Epoch: 1, Steps: 69 | Train Loss: 1.3267296 Vali Loss: 0.6088074
Validation loss decreased (inf --> 0.608807).  Saving model ...
Updating learning rate to 0.0009000000000000001
Epoch: 2 cost time: 16.135947942733765
Epoch: 2, Steps: 69 | Train Loss: 1.2360583 Vali Loss: 0.6009323
Validation loss decreased (0.608807 --> 0.600932).  Saving model ...
Updating learning rate to 0.0008100000000000001
Epoch: 3 cost time: 16.280749797821045
Epoch: 3, Steps: 69 | Train Loss: 1.2117163 Vali Loss: 0.5842466
Validation loss decreased (0.600932 --> 0.584247).  Saving model ...
Updating learning rate to 0.0007290000000000002
Epoch: 4 cost time: 16.33491063117981
Epoch: 4, Steps: 69 | Train Loss: 1.1850980 Vali Loss: 0.5871747
EarlyStopping counter: 1 out of 3
Updating learning rate to 0.0006561000000000001
Epoch: 5 cost time: 16.31434440612793
Epoch: 5, Steps: 69 | Train Loss: 1.1679188 Vali Loss: 0.5978361
EarlyStopping counter: 2 out of 3
Updating learning rate to 0.00059049
Epoch: 6 cost time: 16.330461025238037
Epoch: 6, Steps: 69 | Train Loss: 1.1414425 Vali Loss: 0.5911997
EarlyStopping counter: 3 out of 3
Early stopping
>>>>>>>testing : weather_96_336_iFlowformer_custom_M_ft96_sl48_ll336_pl512_dm8_nh2_el1_dl2048_df1_fctimeF_ebTrue_dtExp_projection_trk4_tsk4_1<<<<<<<<<<<<<<<<<<<<<<<<<<<<<<<<<
test 9196
test shape: (9196, 1, 1344, 21) (9196, 1, 1344, 21)
test shape: (9196, 1344, 21) (9196, 1344, 21)
prediction length: 336, mse:0.2509338855743408, mae:0.2869716286659241
prediction length: 672, mse:0.3195352554321289, mae:0.33129632472991943
prediction length: 1008, mse:0.3675616383552551, mae:0.3605831265449524
prediction length: 1344, mse:0.40444061160087585, mae:0.38121578097343445
Use GPU: cuda:0
>>>>>>>start training : weather_96_336_iFlowformer_custom_M_ft96_sl48_ll336_pl512_dm8_nh2_el1_dl2048_df1_fctimeF_ebTrue_dtExp_projection_trk4_tsk4_2>>>>>>>>>>>>>>>>>>>>>>>>>>
train 35448
val 4935
test 10204
Epoch: 1 cost time: 16.123254776000977
Epoch: 1, Steps: 69 | Train Loss: 1.3224283 Vali Loss: 0.6469623
Validation loss decreased (inf --> 0.646962).  Saving model ...
Updating learning rate to 0.0009000000000000001
Epoch: 2 cost time: 16.130311965942383
Epoch: 2, Steps: 69 | Train Loss: 1.2388867 Vali Loss: 0.6194703
Validation loss decreased (0.646962 --> 0.619470).  Saving model ...
Updating learning rate to 0.0008100000000000001
Epoch: 3 cost time: 16.321150541305542
Epoch: 3, Steps: 69 | Train Loss: 1.2087703 Vali Loss: 0.5986517
Validation loss decreased (0.619470 --> 0.598652).  Saving model ...
Updating learning rate to 0.0007290000000000002
Epoch: 4 cost time: 16.37887740135193
Epoch: 4, Steps: 69 | Train Loss: 1.1858784 Vali Loss: 0.5946408
Validation loss decreased (0.598652 --> 0.594641).  Saving model ...
Updating learning rate to 0.0006561000000000001
Epoch: 5 cost time: 16.34449577331543
Epoch: 5, Steps: 69 | Train Loss: 1.1607167 Vali Loss: 0.5893972
Validation loss decreased (0.594641 --> 0.589397).  Saving model ...
Updating learning rate to 0.00059049
Epoch: 6 cost time: 16.366071224212646
Epoch: 6, Steps: 69 | Train Loss: 1.1386305 Vali Loss: 0.6022722
EarlyStopping counter: 1 out of 3
Updating learning rate to 0.000531441
Epoch: 7 cost time: 16.370105743408203
Epoch: 7, Steps: 69 | Train Loss: 1.1164203 Vali Loss: 0.6089247
EarlyStopping counter: 2 out of 3
Updating learning rate to 0.0004782969000000001
Epoch: 8 cost time: 16.3457453250885
Epoch: 8, Steps: 69 | Train Loss: 1.0992337 Vali Loss: 0.6201015
EarlyStopping counter: 3 out of 3
Early stopping
>>>>>>>testing : weather_96_336_iFlowformer_custom_M_ft96_sl48_ll336_pl512_dm8_nh2_el1_dl2048_df1_fctimeF_ebTrue_dtExp_projection_trk4_tsk4_2<<<<<<<<<<<<<<<<<<<<<<<<<<<<<<<<<
test 9196
test shape: (9196, 1, 1344, 21) (9196, 1, 1344, 21)
test shape: (9196, 1344, 21) (9196, 1344, 21)
prediction length: 336, mse:0.24800284206867218, mae:0.2864174246788025
prediction length: 672, mse:0.3171604871749878, mae:0.33126869797706604
prediction length: 1008, mse:0.3651793599128723, mae:0.36047986149787903
prediction length: 1344, mse:0.4008774161338806, mae:0.38044092059135437
Args in experiment:
Namespace(is_training=1, model_id='weather_96_336', model='iFlowformer', data='custom', root_path='./dataset/weather/', data_path='weather.csv', features='M', target='OT', freq='h', checkpoints='./checkpoints/', seq_len=96, label_len=48, pred_len=336, training_k=4, test_k=4, beta=0.1, gamma=0.5, enc_in=21, dec_in=21, c_out=21, d_model=512, n_heads=8, e_layers=2, d_layers=1, d_ff=2048, moving_avg=25, factor=1, distil=True, dropout=0.1, embed='timeF', activation='gelu', output_attention=False, do_predict=False, num_workers=10, itr=4, train_epochs=30, batch_size=512, patience=3, learning_rate=0.001, des='Exp', loss='MSE', lradj='type1', use_amp=False, use_gpu=True, gpu=0, use_multi_gpu=False, devices='0,1,2,3', exp_name='MTSF', channel_independence=False, inverse=False, class_strategy='projection', target_root_path='./data/electricity/', target_data_path='electricity.csv', efficient_training=False, use_norm=True, partial_start_index=0)
Use GPU: cuda:0
>>>>>>>start training : weather_96_336_iFlowformer_custom_M_ft96_sl48_ll336_pl512_dm8_nh2_el1_dl2048_df1_fctimeF_ebTrue_dtExp_projection_trk4_tsk4_0>>>>>>>>>>>>>>>>>>>>>>>>>>
train 35448
val 4935
test 10204
Epoch: 1 cost time: 16.26568865776062
Epoch: 1, Steps: 69 | Train Loss: 1.3213319 Vali Loss: 0.6222870
Validation loss decreased (inf --> 0.622287).  Saving model ...
Updating learning rate to 0.0009000000000000001
Epoch: 2 cost time: 16.130671739578247
Epoch: 2, Steps: 69 | Train Loss: 1.2392033 Vali Loss: 0.6057117
Validation loss decreased (0.622287 --> 0.605712).  Saving model ...
Updating learning rate to 0.0008100000000000001
Epoch: 3 cost time: 16.301687002182007
Epoch: 3, Steps: 69 | Train Loss: 1.2114092 Vali Loss: 0.6014529
Validation loss decreased (0.605712 --> 0.601453).  Saving model ...
Updating learning rate to 0.0007290000000000002
Epoch: 4 cost time: 16.351584911346436
Epoch: 4, Steps: 69 | Train Loss: 1.1866778 Vali Loss: 0.5967153
Validation loss decreased (0.601453 --> 0.596715).  Saving model ...
Updating learning rate to 0.0006561000000000001
Epoch: 5 cost time: 16.369486331939697
Epoch: 5, Steps: 69 | Train Loss: 1.1676274 Vali Loss: 0.6062850
EarlyStopping counter: 1 out of 3
Updating learning rate to 0.00059049
Epoch: 6 cost time: 16.008196592330933
Epoch: 6, Steps: 69 | Train Loss: 1.1448293 Vali Loss: 0.5943629
Validation loss decreased (0.596715 --> 0.594363).  Saving model ...
Updating learning rate to 0.000531441
Epoch: 7 cost time: 16.394670486450195
Epoch: 7, Steps: 69 | Train Loss: 1.1246128 Vali Loss: 0.6117325
EarlyStopping counter: 1 out of 3
Updating learning rate to 0.0004782969000000001
Epoch: 8 cost time: 16.29788637161255
Epoch: 8, Steps: 69 | Train Loss: 1.1068156 Vali Loss: 0.6126720
EarlyStopping counter: 2 out of 3
Updating learning rate to 0.0004304672100000001
Epoch: 9 cost time: 16.35373044013977
Epoch: 9, Steps: 69 | Train Loss: 1.0837065 Vali Loss: 0.6132346
EarlyStopping counter: 3 out of 3
Early stopping
>>>>>>>testing : weather_96_336_iFlowformer_custom_M_ft96_sl48_ll336_pl512_dm8_nh2_el1_dl2048_df1_fctimeF_ebTrue_dtExp_projection_trk4_tsk4_0<<<<<<<<<<<<<<<<<<<<<<<<<<<<<<<<<
test 9196
test shape: (9196, 1, 1344, 21) (9196, 1, 1344, 21)
test shape: (9196, 1344, 21) (9196, 1344, 21)
prediction length: 336, mse:0.24998368322849274, mae:0.2866300940513611
prediction length: 672, mse:0.318796306848526, mae:0.33190053701400757
prediction length: 1008, mse:0.3657589852809906, mae:0.3606017827987671
prediction length: 1344, mse:0.40053048729896545, mae:0.3798968493938446
Use GPU: cuda:0
>>>>>>>start training : weather_96_336_iFlowformer_custom_M_ft96_sl48_ll336_pl512_dm8_nh2_el1_dl2048_df1_fctimeF_ebTrue_dtExp_projection_trk4_tsk4_1>>>>>>>>>>>>>>>>>>>>>>>>>>
train 35448
val 4935
test 10204
Epoch: 1 cost time: 16.095261096954346
Epoch: 1, Steps: 69 | Train Loss: 1.3191469 Vali Loss: 0.6152837
Validation loss decreased (inf --> 0.615284).  Saving model ...
Updating learning rate to 0.0009000000000000001
Epoch: 2 cost time: 16.08384108543396
Epoch: 2, Steps: 69 | Train Loss: 1.2374081 Vali Loss: 0.6104631
Validation loss decreased (0.615284 --> 0.610463).  Saving model ...
Updating learning rate to 0.0008100000000000001
Epoch: 3 cost time: 16.252424001693726
Epoch: 3, Steps: 69 | Train Loss: 1.2112285 Vali Loss: 0.5965741
Validation loss decreased (0.610463 --> 0.596574).  Saving model ...
Updating learning rate to 0.0007290000000000002
Epoch: 4 cost time: 16.29273557662964
Epoch: 4, Steps: 69 | Train Loss: 1.1823612 Vali Loss: 0.5909462
Validation loss decreased (0.596574 --> 0.590946).  Saving model ...
Updating learning rate to 0.0006561000000000001
Epoch: 5 cost time: 16.278843641281128
Epoch: 5, Steps: 69 | Train Loss: 1.1579116 Vali Loss: 0.6086749
EarlyStopping counter: 1 out of 3
Updating learning rate to 0.00059049
Epoch: 6 cost time: 16.250301361083984
Epoch: 6, Steps: 69 | Train Loss: 1.1398936 Vali Loss: 0.6011137
EarlyStopping counter: 2 out of 3
Updating learning rate to 0.000531441
Epoch: 7 cost time: 16.289568185806274
Epoch: 7, Steps: 69 | Train Loss: 1.1156418 Vali Loss: 0.6065468
EarlyStopping counter: 3 out of 3
Early stopping
>>>>>>>testing : weather_96_336_iFlowformer_custom_M_ft96_sl48_ll336_pl512_dm8_nh2_el1_dl2048_df1_fctimeF_ebTrue_dtExp_projection_trk4_tsk4_1<<<<<<<<<<<<<<<<<<<<<<<<<<<<<<<<<
test 9196
test shape: (9196, 1, 1344, 21) (9196, 1, 1344, 21)
test shape: (9196, 1344, 21) (9196, 1344, 21)
prediction length: 336, mse:0.25162672996520996, mae:0.2887265384197235
prediction length: 672, mse:0.32101166248321533, mae:0.33384469151496887
prediction length: 1008, mse:0.3689596652984619, mae:0.36321011185646057
prediction length: 1344, mse:0.4053199589252472, mae:0.38355565071105957
Use GPU: cuda:0
>>>>>>>start training : weather_96_336_iFlowformer_custom_M_ft96_sl48_ll336_pl512_dm8_nh2_el1_dl2048_df1_fctimeF_ebTrue_dtExp_projection_trk4_tsk4_2>>>>>>>>>>>>>>>>>>>>>>>>>>
train 35448
val 4935
test 10204
Epoch: 1 cost time: 16.084716320037842
Epoch: 1, Steps: 69 | Train Loss: 1.3176448 Vali Loss: 0.6448861
Validation loss decreased (inf --> 0.644886).  Saving model ...
Updating learning rate to 0.0009000000000000001
Epoch: 2 cost time: 16.186434507369995
Epoch: 2, Steps: 69 | Train Loss: 1.2410075 Vali Loss: 0.6004061
Validation loss decreased (0.644886 --> 0.600406).  Saving model ...
Updating learning rate to 0.0008100000000000001
Epoch: 3 cost time: 16.326488971710205
Epoch: 3, Steps: 69 | Train Loss: 1.2079989 Vali Loss: 0.5935627
Validation loss decreased (0.600406 --> 0.593563).  Saving model ...
Updating learning rate to 0.0007290000000000002
Epoch: 4 cost time: 16.4124653339386
Epoch: 4, Steps: 69 | Train Loss: 1.1882123 Vali Loss: 0.5901511
Validation loss decreased (0.593563 --> 0.590151).  Saving model ...
Updating learning rate to 0.0006561000000000001
Epoch: 5 cost time: 16.360259294509888
Epoch: 5, Steps: 69 | Train Loss: 1.1667208 Vali Loss: 0.5903810
EarlyStopping counter: 1 out of 3
Updating learning rate to 0.00059049
Epoch: 6 cost time: 16.344929933547974
Epoch: 6, Steps: 69 | Train Loss: 1.1433134 Vali Loss: 0.6048567
EarlyStopping counter: 2 out of 3
Updating learning rate to 0.000531441
Epoch: 7 cost time: 16.394810914993286
Epoch: 7, Steps: 69 | Train Loss: 1.1235294 Vali Loss: 0.6076269
EarlyStopping counter: 3 out of 3
Early stopping
>>>>>>>testing : weather_96_336_iFlowformer_custom_M_ft96_sl48_ll336_pl512_dm8_nh2_el1_dl2048_df1_fctimeF_ebTrue_dtExp_projection_trk4_tsk4_2<<<<<<<<<<<<<<<<<<<<<<<<<<<<<<<<<
test 9196
test shape: (9196, 1, 1344, 21) (9196, 1, 1344, 21)
test shape: (9196, 1344, 21) (9196, 1344, 21)
prediction length: 336, mse:0.25099977850914, mae:0.2883988618850708
prediction length: 672, mse:0.31929871439933777, mae:0.3330964148044586
prediction length: 1008, mse:0.3675244450569153, mae:0.3629031777381897
prediction length: 1344, mse:0.40444210171699524, mae:0.38393110036849976
Use GPU: cuda:0
>>>>>>>start training : weather_96_336_iFlowformer_custom_M_ft96_sl48_ll336_pl512_dm8_nh2_el1_dl2048_df1_fctimeF_ebTrue_dtExp_projection_trk4_tsk4_3>>>>>>>>>>>>>>>>>>>>>>>>>>
train 35448
val 4935
test 10204
Epoch: 1 cost time: 16.100443601608276
Epoch: 1, Steps: 69 | Train Loss: 1.3206344 Vali Loss: 0.6187786
Validation loss decreased (inf --> 0.618779).  Saving model ...
Updating learning rate to 0.0009000000000000001
Epoch: 2 cost time: 16.15161681175232
Epoch: 2, Steps: 69 | Train Loss: 1.2370303 Vali Loss: 0.6114361
Validation loss decreased (0.618779 --> 0.611436).  Saving model ...
Updating learning rate to 0.0008100000000000001
Epoch: 3 cost time: 16.311904907226562
Epoch: 3, Steps: 69 | Train Loss: 1.2135341 Vali Loss: 0.5994241
Validation loss decreased (0.611436 --> 0.599424).  Saving model ...
Updating learning rate to 0.0007290000000000002
Epoch: 4 cost time: 16.294790506362915
Epoch: 4, Steps: 69 | Train Loss: 1.1903944 Vali Loss: 0.5946366
Validation loss decreased (0.599424 --> 0.594637).  Saving model ...
Updating learning rate to 0.0006561000000000001
Epoch: 5 cost time: 16.385538339614868
Epoch: 5, Steps: 69 | Train Loss: 1.1653928 Vali Loss: 0.5922115
Validation loss decreased (0.594637 --> 0.592211).  Saving model ...
Updating learning rate to 0.00059049
Epoch: 6 cost time: 16.39773416519165
Epoch: 6, Steps: 69 | Train Loss: 1.1450319 Vali Loss: 0.5991061
EarlyStopping counter: 1 out of 3
Updating learning rate to 0.000531441
Epoch: 7 cost time: 16.359359979629517
Epoch: 7, Steps: 69 | Train Loss: 1.1239582 Vali Loss: 0.5962045
EarlyStopping counter: 2 out of 3
Updating learning rate to 0.0004782969000000001
Epoch: 8 cost time: 16.38103175163269
Epoch: 8, Steps: 69 | Train Loss: 1.1042063 Vali Loss: 0.6058232
EarlyStopping counter: 3 out of 3
Early stopping
>>>>>>>testing : weather_96_336_iFlowformer_custom_M_ft96_sl48_ll336_pl512_dm8_nh2_el1_dl2048_df1_fctimeF_ebTrue_dtExp_projection_trk4_tsk4_3<<<<<<<<<<<<<<<<<<<<<<<<<<<<<<<<<
test 9196
test shape: (9196, 1, 1344, 21) (9196, 1, 1344, 21)
test shape: (9196, 1344, 21) (9196, 1344, 21)
prediction length: 336, mse:0.2500292956829071, mae:0.28726276755332947
prediction length: 672, mse:0.3186560571193695, mae:0.3320278525352478
prediction length: 1008, mse:0.3652276396751404, mae:0.3608051836490631
prediction length: 1344, mse:0.4005875587463379, mae:0.38063883781433105
Args in experiment:
Namespace(is_training=1, model_id='weather_96_336', model='iFlowformer', data='custom', root_path='./dataset/weather/', data_path='weather.csv', features='M', target='OT', freq='h', checkpoints='./checkpoints/', seq_len=96, label_len=48, pred_len=336, training_k=4, test_k=4, beta=0.1, gamma=0.5, enc_in=21, dec_in=21, c_out=21, d_model=512, n_heads=8, e_layers=2, d_layers=1, d_ff=2048, moving_avg=25, factor=1, distil=True, dropout=0.1, embed='timeF', activation='gelu', output_attention=False, do_predict=False, num_workers=10, itr=5, train_epochs=30, batch_size=512, patience=3, learning_rate=0.001, des='Exp', loss='MSE', lradj='type1', use_amp=False, use_gpu=True, gpu=0, use_multi_gpu=False, devices='0,1,2,3', exp_name='MTSF', channel_independence=False, inverse=False, class_strategy='projection', target_root_path='./data/electricity/', target_data_path='electricity.csv', efficient_training=False, use_norm=True, partial_start_index=0)
Use GPU: cuda:0
>>>>>>>start training : weather_96_336_iFlowformer_custom_M_ft96_sl48_ll336_pl512_dm8_nh2_el1_dl2048_df1_fctimeF_ebTrue_dtExp_projection_trk4_tsk4_0>>>>>>>>>>>>>>>>>>>>>>>>>>
train 35448
val 4935
test 10204
Epoch: 1 cost time: 16.2544949054718
Epoch: 1, Steps: 69 | Train Loss: 1.3259028 Vali Loss: 0.6259206
Validation loss decreased (inf --> 0.625921).  Saving model ...
Updating learning rate to 0.0009000000000000001
Epoch: 2 cost time: 16.202653646469116
Epoch: 2, Steps: 69 | Train Loss: 1.2388732 Vali Loss: 0.6117604
Validation loss decreased (0.625921 --> 0.611760).  Saving model ...
Updating learning rate to 0.0008100000000000001
Epoch: 3 cost time: 16.32132840156555
Epoch: 3, Steps: 69 | Train Loss: 1.2073880 Vali Loss: 0.5913246
Validation loss decreased (0.611760 --> 0.591325).  Saving model ...
Updating learning rate to 0.0007290000000000002
Epoch: 4 cost time: 16.347731828689575
Epoch: 4, Steps: 69 | Train Loss: 1.1870187 Vali Loss: 0.5911252
Validation loss decreased (0.591325 --> 0.591125).  Saving model ...
Updating learning rate to 0.0006561000000000001
Epoch: 5 cost time: 16.31517243385315
Epoch: 5, Steps: 69 | Train Loss: 1.1633778 Vali Loss: 0.5948182
EarlyStopping counter: 1 out of 3
Updating learning rate to 0.00059049
Epoch: 6 cost time: 16.323220014572144
Epoch: 6, Steps: 69 | Train Loss: 1.1403400 Vali Loss: 0.5914299
EarlyStopping counter: 2 out of 3
Updating learning rate to 0.000531441
Epoch: 7 cost time: 15.990636110305786
Epoch: 7, Steps: 69 | Train Loss: 1.1194480 Vali Loss: 0.5987412
EarlyStopping counter: 3 out of 3
Early stopping
>>>>>>>testing : weather_96_336_iFlowformer_custom_M_ft96_sl48_ll336_pl512_dm8_nh2_el1_dl2048_df1_fctimeF_ebTrue_dtExp_projection_trk4_tsk4_0<<<<<<<<<<<<<<<<<<<<<<<<<<<<<<<<<
test 9196
test shape: (9196, 1, 1344, 21) (9196, 1, 1344, 21)
test shape: (9196, 1344, 21) (9196, 1344, 21)
prediction length: 336, mse:0.2486560344696045, mae:0.28494253754615784
prediction length: 672, mse:0.31833070516586304, mae:0.3301135301589966
prediction length: 1008, mse:0.3666253983974457, mae:0.35987821221351624
prediction length: 1344, mse:0.4033110737800598, mae:0.380683034658432
Use GPU: cuda:0
>>>>>>>start training : weather_96_336_iFlowformer_custom_M_ft96_sl48_ll336_pl512_dm8_nh2_el1_dl2048_df1_fctimeF_ebTrue_dtExp_projection_trk4_tsk4_1>>>>>>>>>>>>>>>>>>>>>>>>>>
train 35448
val 4935
test 10204
Epoch: 1 cost time: 16.043855905532837
Epoch: 1, Steps: 69 | Train Loss: 1.3237583 Vali Loss: 0.6315681
Validation loss decreased (inf --> 0.631568).  Saving model ...
Updating learning rate to 0.0009000000000000001
Epoch: 2 cost time: 16.102269411087036
Epoch: 2, Steps: 69 | Train Loss: 1.2369597 Vali Loss: 0.6104181
Validation loss decreased (0.631568 --> 0.610418).  Saving model ...
Updating learning rate to 0.0008100000000000001
Epoch: 3 cost time: 16.22287106513977
Epoch: 3, Steps: 69 | Train Loss: 1.2108990 Vali Loss: 0.5949545
Validation loss decreased (0.610418 --> 0.594954).  Saving model ...
Updating learning rate to 0.0007290000000000002
Epoch: 4 cost time: 16.29520559310913
Epoch: 4, Steps: 69 | Train Loss: 1.1872318 Vali Loss: 0.5927120
Validation loss decreased (0.594954 --> 0.592712).  Saving model ...
Updating learning rate to 0.0006561000000000001
Epoch: 5 cost time: 16.313958883285522
Epoch: 5, Steps: 69 | Train Loss: 1.1622342 Vali Loss: 0.6053431
EarlyStopping counter: 1 out of 3
Updating learning rate to 0.00059049
Epoch: 6 cost time: 16.31214165687561
Epoch: 6, Steps: 69 | Train Loss: 1.1429136 Vali Loss: 0.6015999
EarlyStopping counter: 2 out of 3
Updating learning rate to 0.000531441
Epoch: 7 cost time: 16.316961526870728
Epoch: 7, Steps: 69 | Train Loss: 1.1209947 Vali Loss: 0.6085253
EarlyStopping counter: 3 out of 3
Early stopping
>>>>>>>testing : weather_96_336_iFlowformer_custom_M_ft96_sl48_ll336_pl512_dm8_nh2_el1_dl2048_df1_fctimeF_ebTrue_dtExp_projection_trk4_tsk4_1<<<<<<<<<<<<<<<<<<<<<<<<<<<<<<<<<
test 9196
test shape: (9196, 1, 1344, 21) (9196, 1, 1344, 21)
test shape: (9196, 1344, 21) (9196, 1344, 21)
prediction length: 336, mse:0.24897801876068115, mae:0.2863592803478241
prediction length: 672, mse:0.3173264265060425, mae:0.33093395829200745
prediction length: 1008, mse:0.36444392800331116, mae:0.3597576320171356
prediction length: 1344, mse:0.40037283301353455, mae:0.37978294491767883
Use GPU: cuda:0
>>>>>>>start training : weather_96_336_iFlowformer_custom_M_ft96_sl48_ll336_pl512_dm8_nh2_el1_dl2048_df1_fctimeF_ebTrue_dtExp_projection_trk4_tsk4_2>>>>>>>>>>>>>>>>>>>>>>>>>>
train 35448
val 4935
test 10204
Epoch: 1 cost time: 16.089683294296265
Epoch: 1, Steps: 69 | Train Loss: 1.3194021 Vali Loss: 0.6121192
Validation loss decreased (inf --> 0.612119).  Saving model ...
Updating learning rate to 0.0009000000000000001
Epoch: 2 cost time: 16.195249319076538
Epoch: 2, Steps: 69 | Train Loss: 1.2372287 Vali Loss: 0.5992665
Validation loss decreased (0.612119 --> 0.599267).  Saving model ...
Updating learning rate to 0.0008100000000000001
Epoch: 3 cost time: 16.324429273605347
Epoch: 3, Steps: 69 | Train Loss: 1.2094169 Vali Loss: 0.5991566
Validation loss decreased (0.599267 --> 0.599157).  Saving model ...
Updating learning rate to 0.0007290000000000002
Epoch: 4 cost time: 16.399807691574097
Epoch: 4, Steps: 69 | Train Loss: 1.1872135 Vali Loss: 0.5950336
Validation loss decreased (0.599157 --> 0.595034).  Saving model ...
Updating learning rate to 0.0006561000000000001
Epoch: 5 cost time: 16.39808964729309
Epoch: 5, Steps: 69 | Train Loss: 1.1633365 Vali Loss: 0.5918769
Validation loss decreased (0.595034 --> 0.591877).  Saving model ...
Updating learning rate to 0.00059049
Epoch: 6 cost time: 16.3981192111969
Epoch: 6, Steps: 69 | Train Loss: 1.1407962 Vali Loss: 0.6064832
EarlyStopping counter: 1 out of 3
Updating learning rate to 0.000531441
Epoch: 7 cost time: 16.38377618789673
Epoch: 7, Steps: 69 | Train Loss: 1.1198188 Vali Loss: 0.6092593
EarlyStopping counter: 2 out of 3
Updating learning rate to 0.0004782969000000001
Epoch: 8 cost time: 16.363399028778076
Epoch: 8, Steps: 69 | Train Loss: 1.1004647 Vali Loss: 0.6054368
EarlyStopping counter: 3 out of 3
Early stopping
>>>>>>>testing : weather_96_336_iFlowformer_custom_M_ft96_sl48_ll336_pl512_dm8_nh2_el1_dl2048_df1_fctimeF_ebTrue_dtExp_projection_trk4_tsk4_2<<<<<<<<<<<<<<<<<<<<<<<<<<<<<<<<<
test 9196
test shape: (9196, 1, 1344, 21) (9196, 1, 1344, 21)
test shape: (9196, 1344, 21) (9196, 1344, 21)
prediction length: 336, mse:0.25103625655174255, mae:0.28839606046676636
prediction length: 672, mse:0.3200682997703552, mae:0.33339035511016846
prediction length: 1008, mse:0.3673709034919739, mae:0.3624180257320404
prediction length: 1344, mse:0.4027261734008789, mae:0.3821588456630707
Use GPU: cuda:0
>>>>>>>start training : weather_96_336_iFlowformer_custom_M_ft96_sl48_ll336_pl512_dm8_nh2_el1_dl2048_df1_fctimeF_ebTrue_dtExp_projection_trk4_tsk4_3>>>>>>>>>>>>>>>>>>>>>>>>>>
train 35448
val 4935
test 10204
Epoch: 1 cost time: 16.104439973831177
Epoch: 1, Steps: 69 | Train Loss: 1.3201227 Vali Loss: 0.6356714
Validation loss decreased (inf --> 0.635671).  Saving model ...
Updating learning rate to 0.0009000000000000001
Epoch: 2 cost time: 16.18544340133667
Epoch: 2, Steps: 69 | Train Loss: 1.2392670 Vali Loss: 0.6161064
Validation loss decreased (0.635671 --> 0.616106).  Saving model ...
Updating learning rate to 0.0008100000000000001
Epoch: 3 cost time: 16.31091046333313
Epoch: 3, Steps: 69 | Train Loss: 1.2090982 Vali Loss: 0.5979450
Validation loss decreased (0.616106 --> 0.597945).  Saving model ...
Updating learning rate to 0.0007290000000000002
Epoch: 4 cost time: 16.36470651626587
Epoch: 4, Steps: 69 | Train Loss: 1.1840346 Vali Loss: 0.5949372
Validation loss decreased (0.597945 --> 0.594937).  Saving model ...
Updating learning rate to 0.0006561000000000001
Epoch: 5 cost time: 16.43560028076172
Epoch: 5, Steps: 69 | Train Loss: 1.1609851 Vali Loss: 0.5988557
EarlyStopping counter: 1 out of 3
Updating learning rate to 0.00059049
Epoch: 6 cost time: 16.390210390090942
Epoch: 6, Steps: 69 | Train Loss: 1.1379507 Vali Loss: 0.6088629
EarlyStopping counter: 2 out of 3
Updating learning rate to 0.000531441
Epoch: 7 cost time: 16.39414119720459
Epoch: 7, Steps: 69 | Train Loss: 1.1175841 Vali Loss: 0.6048596
EarlyStopping counter: 3 out of 3
Early stopping
>>>>>>>testing : weather_96_336_iFlowformer_custom_M_ft96_sl48_ll336_pl512_dm8_nh2_el1_dl2048_df1_fctimeF_ebTrue_dtExp_projection_trk4_tsk4_3<<<<<<<<<<<<<<<<<<<<<<<<<<<<<<<<<
test 9196
test shape: (9196, 1, 1344, 21) (9196, 1, 1344, 21)
test shape: (9196, 1344, 21) (9196, 1344, 21)
prediction length: 336, mse:0.25021296739578247, mae:0.28715211153030396
prediction length: 672, mse:0.3190648853778839, mae:0.33185821771621704
prediction length: 1008, mse:0.3662005662918091, mae:0.36082401871681213
prediction length: 1344, mse:0.4020884335041046, mae:0.38088899850845337
Use GPU: cuda:0
>>>>>>>start training : weather_96_336_iFlowformer_custom_M_ft96_sl48_ll336_pl512_dm8_nh2_el1_dl2048_df1_fctimeF_ebTrue_dtExp_projection_trk4_tsk4_4>>>>>>>>>>>>>>>>>>>>>>>>>>
train 35448
val 4935
test 10204
Epoch: 1 cost time: 16.077231407165527
Epoch: 1, Steps: 69 | Train Loss: 1.3241380 Vali Loss: 0.6398969
Validation loss decreased (inf --> 0.639897).  Saving model ...
Updating learning rate to 0.0009000000000000001
Epoch: 2 cost time: 16.164539575576782
Epoch: 2, Steps: 69 | Train Loss: 1.2459711 Vali Loss: 0.6120309
Validation loss decreased (0.639897 --> 0.612031).  Saving model ...
Updating learning rate to 0.0008100000000000001
Epoch: 3 cost time: 16.301382780075073
Epoch: 3, Steps: 69 | Train Loss: 1.2113615 Vali Loss: 0.5908296
Validation loss decreased (0.612031 --> 0.590830).  Saving model ...
Updating learning rate to 0.0007290000000000002
Epoch: 4 cost time: 16.386142253875732
Epoch: 4, Steps: 69 | Train Loss: 1.1897184 Vali Loss: 0.5937580
EarlyStopping counter: 1 out of 3
Updating learning rate to 0.0006561000000000001
Epoch: 5 cost time: 16.315061569213867
Epoch: 5, Steps: 69 | Train Loss: 1.1692005 Vali Loss: 0.6017075
EarlyStopping counter: 2 out of 3
Updating learning rate to 0.00059049
Epoch: 6 cost time: 16.347946405410767
Epoch: 6, Steps: 69 | Train Loss: 1.1471807 Vali Loss: 0.5980718
EarlyStopping counter: 3 out of 3
Early stopping
>>>>>>>testing : weather_96_336_iFlowformer_custom_M_ft96_sl48_ll336_pl512_dm8_nh2_el1_dl2048_df1_fctimeF_ebTrue_dtExp_projection_trk4_tsk4_4<<<<<<<<<<<<<<<<<<<<<<<<<<<<<<<<<
test 9196
test shape: (9196, 1, 1344, 21) (9196, 1, 1344, 21)
test shape: (9196, 1344, 21) (9196, 1344, 21)
prediction length: 336, mse:0.2528335154056549, mae:0.2877175211906433
prediction length: 672, mse:0.3219268023967743, mae:0.3323739171028137
prediction length: 1008, mse:0.37006157636642456, mae:0.36188870668411255
prediction length: 1344, mse:0.40693438053131104, mae:0.38264209032058716
Args in experiment:
Namespace(is_training=1, model_id='weather_96_336', model='iFlashformer', data='custom', root_path='./dataset/weather/', data_path='weather.csv', features='M', target='OT', freq='h', checkpoints='./checkpoints/', seq_len=96, label_len=48, pred_len=336, training_k=4, test_k=4, beta=0.1, gamma=0.5, enc_in=21, dec_in=21, c_out=21, d_model=512, n_heads=8, e_layers=2, d_layers=1, d_ff=2048, moving_avg=25, factor=3, distil=True, dropout=0.1, embed='timeF', activation='gelu', output_attention=False, do_predict=False, num_workers=10, itr=1, train_epochs=30, batch_size=512, patience=3, learning_rate=0.001, des='Exp', loss='MSE', lradj='type1', use_amp=False, use_gpu=True, gpu=0, use_multi_gpu=False, devices='0,1,2,3', exp_name='MTSF', channel_independence=False, inverse=False, class_strategy='projection', target_root_path='./data/electricity/', target_data_path='electricity.csv', efficient_training=False, use_norm=True, partial_start_index=0)
Use GPU: cuda:0
>>>>>>>start training : weather_96_336_iFlashformer_custom_M_ft96_sl48_ll336_pl512_dm8_nh2_el1_dl2048_df3_fctimeF_ebTrue_dtExp_projection_trk4_tsk4_0>>>>>>>>>>>>>>>>>>>>>>>>>>
train 35448
val 4935
test 10204
Epoch: 1 cost time: 15.018511295318604
Epoch: 1, Steps: 69 | Train Loss: 1.3091494 Vali Loss: 0.6116508
Validation loss decreased (inf --> 0.611651).  Saving model ...
Updating learning rate to 0.0009000000000000001
Epoch: 2 cost time: 14.814876556396484
Epoch: 2, Steps: 69 | Train Loss: 1.2307524 Vali Loss: 0.6246566
EarlyStopping counter: 1 out of 3
Updating learning rate to 0.0008100000000000001
Epoch: 3 cost time: 14.611969947814941
Epoch: 3, Steps: 69 | Train Loss: 1.1978242 Vali Loss: 0.5959263
Validation loss decreased (0.611651 --> 0.595926).  Saving model ...
Updating learning rate to 0.0007290000000000002
Epoch: 4 cost time: 14.96924614906311
Epoch: 4, Steps: 69 | Train Loss: 1.1747494 Vali Loss: 0.5914680
Validation loss decreased (0.595926 --> 0.591468).  Saving model ...
Updating learning rate to 0.0006561000000000001
Epoch: 5 cost time: 14.967548847198486
Epoch: 5, Steps: 69 | Train Loss: 1.1462985 Vali Loss: 0.6100919
EarlyStopping counter: 1 out of 3
Updating learning rate to 0.00059049
Epoch: 6 cost time: 14.949533224105835
Epoch: 6, Steps: 69 | Train Loss: 1.1201316 Vali Loss: 0.6177313
EarlyStopping counter: 2 out of 3
Updating learning rate to 0.000531441
Epoch: 7 cost time: 14.951611995697021
Epoch: 7, Steps: 69 | Train Loss: 1.0968003 Vali Loss: 0.6213224
EarlyStopping counter: 3 out of 3
Early stopping
>>>>>>>testing : weather_96_336_iFlashformer_custom_M_ft96_sl48_ll336_pl512_dm8_nh2_el1_dl2048_df3_fctimeF_ebTrue_dtExp_projection_trk4_tsk4_0<<<<<<<<<<<<<<<<<<<<<<<<<<<<<<<<<
test 9196
test shape: (9196, 1, 1344, 21) (9196, 1, 1344, 21)
test shape: (9196, 1344, 21) (9196, 1344, 21)
prediction length: 336, mse:0.25062355399131775, mae:0.2862189710140228
prediction length: 672, mse:0.3201904296875, mae:0.33159011602401733
prediction length: 1008, mse:0.369231641292572, mae:0.36191481351852417
prediction length: 1344, mse:0.4058413505554199, mae:0.38257846236228943
Args in experiment:
Namespace(is_training=1, model_id='weather_96_336', model='iFlashformer', data='custom', root_path='./dataset/weather/', data_path='weather.csv', features='M', target='OT', freq='h', checkpoints='./checkpoints/', seq_len=96, label_len=48, pred_len=336, training_k=4, test_k=4, beta=0.1, gamma=0.5, enc_in=21, dec_in=21, c_out=21, d_model=512, n_heads=8, e_layers=2, d_layers=1, d_ff=2048, moving_avg=25, factor=3, distil=True, dropout=0.1, embed='timeF', activation='gelu', output_attention=False, do_predict=False, num_workers=10, itr=2, train_epochs=30, batch_size=512, patience=3, learning_rate=0.001, des='Exp', loss='MSE', lradj='type1', use_amp=False, use_gpu=True, gpu=0, use_multi_gpu=False, devices='0,1,2,3', exp_name='MTSF', channel_independence=False, inverse=False, class_strategy='projection', target_root_path='./data/electricity/', target_data_path='electricity.csv', efficient_training=False, use_norm=True, partial_start_index=0)
Use GPU: cuda:0
>>>>>>>start training : weather_96_336_iFlashformer_custom_M_ft96_sl48_ll336_pl512_dm8_nh2_el1_dl2048_df3_fctimeF_ebTrue_dtExp_projection_trk4_tsk4_0>>>>>>>>>>>>>>>>>>>>>>>>>>
train 35448
val 4935
test 10204
Epoch: 1 cost time: 14.992018938064575
Epoch: 1, Steps: 69 | Train Loss: 1.3111846 Vali Loss: 0.6166661
Validation loss decreased (inf --> 0.616666).  Saving model ...
Updating learning rate to 0.0009000000000000001
Epoch: 2 cost time: 14.507009029388428
Epoch: 2, Steps: 69 | Train Loss: 1.2294285 Vali Loss: 0.6054872
Validation loss decreased (0.616666 --> 0.605487).  Saving model ...
Updating learning rate to 0.0008100000000000001
Epoch: 3 cost time: 14.967579364776611
Epoch: 3, Steps: 69 | Train Loss: 1.2027620 Vali Loss: 0.6014318
Validation loss decreased (0.605487 --> 0.601432).  Saving model ...
Updating learning rate to 0.0007290000000000002
Epoch: 4 cost time: 14.977365732192993
Epoch: 4, Steps: 69 | Train Loss: 1.1756773 Vali Loss: 0.5941609
Validation loss decreased (0.601432 --> 0.594161).  Saving model ...
Updating learning rate to 0.0006561000000000001
Epoch: 5 cost time: 15.005232334136963
Epoch: 5, Steps: 69 | Train Loss: 1.1487671 Vali Loss: 0.5916743
Validation loss decreased (0.594161 --> 0.591674).  Saving model ...
Updating learning rate to 0.00059049
Epoch: 6 cost time: 15.045095205307007
Epoch: 6, Steps: 69 | Train Loss: 1.1266413 Vali Loss: 0.6122038
EarlyStopping counter: 1 out of 3
Updating learning rate to 0.000531441
Epoch: 7 cost time: 14.985684633255005
Epoch: 7, Steps: 69 | Train Loss: 1.1032693 Vali Loss: 0.6263079
EarlyStopping counter: 2 out of 3
Updating learning rate to 0.0004782969000000001
Epoch: 8 cost time: 14.698894262313843
Epoch: 8, Steps: 69 | Train Loss: 1.0799616 Vali Loss: 0.6285155
EarlyStopping counter: 3 out of 3
Early stopping
>>>>>>>testing : weather_96_336_iFlashformer_custom_M_ft96_sl48_ll336_pl512_dm8_nh2_el1_dl2048_df3_fctimeF_ebTrue_dtExp_projection_trk4_tsk4_0<<<<<<<<<<<<<<<<<<<<<<<<<<<<<<<<<
test 9196
test shape: (9196, 1, 1344, 21) (9196, 1, 1344, 21)
test shape: (9196, 1344, 21) (9196, 1344, 21)
prediction length: 336, mse:0.251850962638855, mae:0.2882298231124878
prediction length: 672, mse:0.3211078643798828, mae:0.3341624140739441
prediction length: 1008, mse:0.36999037861824036, mae:0.36415526270866394
prediction length: 1344, mse:0.4063950777053833, mae:0.38451895117759705
Use GPU: cuda:0
>>>>>>>start training : weather_96_336_iFlashformer_custom_M_ft96_sl48_ll336_pl512_dm8_nh2_el1_dl2048_df3_fctimeF_ebTrue_dtExp_projection_trk4_tsk4_1>>>>>>>>>>>>>>>>>>>>>>>>>>
train 35448
val 4935
test 10204
Epoch: 1 cost time: 14.719095945358276
Epoch: 1, Steps: 69 | Train Loss: 1.3115003 Vali Loss: 0.6096547
Validation loss decreased (inf --> 0.609655).  Saving model ...
Updating learning rate to 0.0009000000000000001
Epoch: 2 cost time: 14.78752088546753
Epoch: 2, Steps: 69 | Train Loss: 1.2277082 Vali Loss: 0.6059258
Validation loss decreased (0.609655 --> 0.605926).  Saving model ...
Updating learning rate to 0.0008100000000000001
Epoch: 3 cost time: 14.965762376785278
Epoch: 3, Steps: 69 | Train Loss: 1.2089747 Vali Loss: 0.6142304
EarlyStopping counter: 1 out of 3
Updating learning rate to 0.0007290000000000002
Epoch: 4 cost time: 14.9387047290802
Epoch: 4, Steps: 69 | Train Loss: 1.1901438 Vali Loss: 0.5963962
Validation loss decreased (0.605926 --> 0.596396).  Saving model ...
Updating learning rate to 0.0006561000000000001
Epoch: 5 cost time: 15.01117730140686
Epoch: 5, Steps: 69 | Train Loss: 1.1598987 Vali Loss: 0.6154951
EarlyStopping counter: 1 out of 3
Updating learning rate to 0.00059049
Epoch: 6 cost time: 15.01070523262024
Epoch: 6, Steps: 69 | Train Loss: 1.1349441 Vali Loss: 0.6124235
EarlyStopping counter: 2 out of 3
Updating learning rate to 0.000531441
Epoch: 7 cost time: 14.980640411376953
Epoch: 7, Steps: 69 | Train Loss: 1.1113257 Vali Loss: 0.6245511
EarlyStopping counter: 3 out of 3
Early stopping
>>>>>>>testing : weather_96_336_iFlashformer_custom_M_ft96_sl48_ll336_pl512_dm8_nh2_el1_dl2048_df3_fctimeF_ebTrue_dtExp_projection_trk4_tsk4_1<<<<<<<<<<<<<<<<<<<<<<<<<<<<<<<<<
test 9196
test shape: (9196, 1, 1344, 21) (9196, 1, 1344, 21)
test shape: (9196, 1344, 21) (9196, 1344, 21)
prediction length: 336, mse:0.2508312463760376, mae:0.2870997190475464
prediction length: 672, mse:0.31986892223358154, mae:0.33220842480659485
prediction length: 1008, mse:0.3691127598285675, mae:0.3624385893344879
prediction length: 1344, mse:0.40608111023902893, mae:0.3831980526447296
Args in experiment:
Namespace(is_training=1, model_id='weather_96_336', model='iFlashformer', data='custom', root_path='./dataset/weather/', data_path='weather.csv', features='M', target='OT', freq='h', checkpoints='./checkpoints/', seq_len=96, label_len=48, pred_len=336, training_k=4, test_k=4, beta=0.1, gamma=0.5, enc_in=21, dec_in=21, c_out=21, d_model=512, n_heads=8, e_layers=2, d_layers=1, d_ff=2048, moving_avg=25, factor=3, distil=True, dropout=0.1, embed='timeF', activation='gelu', output_attention=False, do_predict=False, num_workers=10, itr=3, train_epochs=30, batch_size=512, patience=3, learning_rate=0.001, des='Exp', loss='MSE', lradj='type1', use_amp=False, use_gpu=True, gpu=0, use_multi_gpu=False, devices='0,1,2,3', exp_name='MTSF', channel_independence=False, inverse=False, class_strategy='projection', target_root_path='./data/electricity/', target_data_path='electricity.csv', efficient_training=False, use_norm=True, partial_start_index=0)
Use GPU: cuda:0
>>>>>>>start training : weather_96_336_iFlashformer_custom_M_ft96_sl48_ll336_pl512_dm8_nh2_el1_dl2048_df3_fctimeF_ebTrue_dtExp_projection_trk4_tsk4_0>>>>>>>>>>>>>>>>>>>>>>>>>>
train 35448
val 4935
test 10204
Epoch: 1 cost time: 15.003181457519531
Epoch: 1, Steps: 69 | Train Loss: 1.3166669 Vali Loss: 0.6093844
Validation loss decreased (inf --> 0.609384).  Saving model ...
Updating learning rate to 0.0009000000000000001
Epoch: 2 cost time: 14.483587741851807
Epoch: 2, Steps: 69 | Train Loss: 1.2319576 Vali Loss: 0.6104869
EarlyStopping counter: 1 out of 3
Updating learning rate to 0.0008100000000000001
Epoch: 3 cost time: 14.944231986999512
Epoch: 3, Steps: 69 | Train Loss: 1.2035831 Vali Loss: 0.5976430
Validation loss decreased (0.609384 --> 0.597643).  Saving model ...
Updating learning rate to 0.0007290000000000002
Epoch: 4 cost time: 14.983099937438965
Epoch: 4, Steps: 69 | Train Loss: 1.1793412 Vali Loss: 0.5968696
Validation loss decreased (0.597643 --> 0.596870).  Saving model ...
Updating learning rate to 0.0006561000000000001
Epoch: 5 cost time: 15.033981800079346
Epoch: 5, Steps: 69 | Train Loss: 1.1591867 Vali Loss: 0.5959027
Validation loss decreased (0.596870 --> 0.595903).  Saving model ...
Updating learning rate to 0.00059049
Epoch: 6 cost time: 15.093095302581787
Epoch: 6, Steps: 69 | Train Loss: 1.1304753 Vali Loss: 0.6291125
EarlyStopping counter: 1 out of 3
Updating learning rate to 0.000531441
Epoch: 7 cost time: 15.040314197540283
Epoch: 7, Steps: 69 | Train Loss: 1.1073206 Vali Loss: 0.6401651
EarlyStopping counter: 2 out of 3
Updating learning rate to 0.0004782969000000001
Epoch: 8 cost time: 14.942438840866089
Epoch: 8, Steps: 69 | Train Loss: 1.0843370 Vali Loss: 0.6164863
EarlyStopping counter: 3 out of 3
Early stopping
>>>>>>>testing : weather_96_336_iFlashformer_custom_M_ft96_sl48_ll336_pl512_dm8_nh2_el1_dl2048_df3_fctimeF_ebTrue_dtExp_projection_trk4_tsk4_0<<<<<<<<<<<<<<<<<<<<<<<<<<<<<<<<<
test 9196
test shape: (9196, 1, 1344, 21) (9196, 1, 1344, 21)
test shape: (9196, 1344, 21) (9196, 1344, 21)
prediction length: 336, mse:0.24882706999778748, mae:0.2857363522052765
prediction length: 672, mse:0.3184116780757904, mae:0.331439346075058
prediction length: 1008, mse:0.36766716837882996, mae:0.36171403527259827
prediction length: 1344, mse:0.4042634963989258, mae:0.3821963965892792
Use GPU: cuda:0
>>>>>>>start training : weather_96_336_iFlashformer_custom_M_ft96_sl48_ll336_pl512_dm8_nh2_el1_dl2048_df3_fctimeF_ebTrue_dtExp_projection_trk4_tsk4_1>>>>>>>>>>>>>>>>>>>>>>>>>>
train 35448
val 4935
test 10204
Epoch: 1 cost time: 14.812813758850098
Epoch: 1, Steps: 69 | Train Loss: 1.3134630 Vali Loss: 0.6216487
Validation loss decreased (inf --> 0.621649).  Saving model ...
Updating learning rate to 0.0009000000000000001
Epoch: 2 cost time: 14.829756259918213
Epoch: 2, Steps: 69 | Train Loss: 1.2299949 Vali Loss: 0.6096789
Validation loss decreased (0.621649 --> 0.609679).  Saving model ...
Updating learning rate to 0.0008100000000000001
Epoch: 3 cost time: 14.973647117614746
Epoch: 3, Steps: 69 | Train Loss: 1.2098078 Vali Loss: 0.6073759
Validation loss decreased (0.609679 --> 0.607376).  Saving model ...
Updating learning rate to 0.0007290000000000002
Epoch: 4 cost time: 15.033674955368042
Epoch: 4, Steps: 69 | Train Loss: 1.1840180 Vali Loss: 0.6102977
EarlyStopping counter: 1 out of 3
Updating learning rate to 0.0006561000000000001
Epoch: 5 cost time: 14.996394395828247
Epoch: 5, Steps: 69 | Train Loss: 1.1604075 Vali Loss: 0.5970273
Validation loss decreased (0.607376 --> 0.597027).  Saving model ...
Updating learning rate to 0.00059049
Epoch: 6 cost time: 15.048176050186157
Epoch: 6, Steps: 69 | Train Loss: 1.1292913 Vali Loss: 0.6053566
EarlyStopping counter: 1 out of 3
Updating learning rate to 0.000531441
Epoch: 7 cost time: 14.996605157852173
Epoch: 7, Steps: 69 | Train Loss: 1.1093543 Vali Loss: 0.6113037
EarlyStopping counter: 2 out of 3
Updating learning rate to 0.0004782969000000001
Epoch: 8 cost time: 15.006377935409546
Epoch: 8, Steps: 69 | Train Loss: 1.0845283 Vali Loss: 0.6300835
EarlyStopping counter: 3 out of 3
Early stopping
>>>>>>>testing : weather_96_336_iFlashformer_custom_M_ft96_sl48_ll336_pl512_dm8_nh2_el1_dl2048_df3_fctimeF_ebTrue_dtExp_projection_trk4_tsk4_1<<<<<<<<<<<<<<<<<<<<<<<<<<<<<<<<<
test 9196
test shape: (9196, 1, 1344, 21) (9196, 1, 1344, 21)
test shape: (9196, 1344, 21) (9196, 1344, 21)
prediction length: 336, mse:0.2512718737125397, mae:0.28800350427627563
prediction length: 672, mse:0.32125386595726013, mae:0.3339803218841553
prediction length: 1008, mse:0.37038153409957886, mae:0.3641045391559601
prediction length: 1344, mse:0.40670686960220337, mae:0.3845187723636627
Use GPU: cuda:0
>>>>>>>start training : weather_96_336_iFlashformer_custom_M_ft96_sl48_ll336_pl512_dm8_nh2_el1_dl2048_df3_fctimeF_ebTrue_dtExp_projection_trk4_tsk4_2>>>>>>>>>>>>>>>>>>>>>>>>>>
train 35448
val 4935
test 10204
Epoch: 1 cost time: 14.76991081237793
Epoch: 1, Steps: 69 | Train Loss: 1.3106328 Vali Loss: 0.6144764
Validation loss decreased (inf --> 0.614476).  Saving model ...
Updating learning rate to 0.0009000000000000001
Epoch: 2 cost time: 14.855493307113647
Epoch: 2, Steps: 69 | Train Loss: 1.2268597 Vali Loss: 0.6103067
Validation loss decreased (0.614476 --> 0.610307).  Saving model ...
Updating learning rate to 0.0008100000000000001
Epoch: 3 cost time: 14.981228590011597
Epoch: 3, Steps: 69 | Train Loss: 1.2156542 Vali Loss: 0.6118469
EarlyStopping counter: 1 out of 3
Updating learning rate to 0.0007290000000000002
Epoch: 4 cost time: 14.977972030639648
Epoch: 4, Steps: 69 | Train Loss: 1.1827961 Vali Loss: 0.5971518
Validation loss decreased (0.610307 --> 0.597152).  Saving model ...
Updating learning rate to 0.0006561000000000001
Epoch: 5 cost time: 15.062183141708374
Epoch: 5, Steps: 69 | Train Loss: 1.1602940 Vali Loss: 0.5927856
Validation loss decreased (0.597152 --> 0.592786).  Saving model ...
Updating learning rate to 0.00059049
Epoch: 6 cost time: 15.151493310928345
Epoch: 6, Steps: 69 | Train Loss: 1.1351944 Vali Loss: 0.6091046
EarlyStopping counter: 1 out of 3
Updating learning rate to 0.000531441
Epoch: 7 cost time: 15.038114309310913
Epoch: 7, Steps: 69 | Train Loss: 1.1136259 Vali Loss: 0.6155138
EarlyStopping counter: 2 out of 3
Updating learning rate to 0.0004782969000000001
Epoch: 8 cost time: 15.035199880599976
Epoch: 8, Steps: 69 | Train Loss: 1.0916455 Vali Loss: 0.6198823
EarlyStopping counter: 3 out of 3
Early stopping
>>>>>>>testing : weather_96_336_iFlashformer_custom_M_ft96_sl48_ll336_pl512_dm8_nh2_el1_dl2048_df3_fctimeF_ebTrue_dtExp_projection_trk4_tsk4_2<<<<<<<<<<<<<<<<<<<<<<<<<<<<<<<<<
test 9196
test shape: (9196, 1, 1344, 21) (9196, 1, 1344, 21)
test shape: (9196, 1344, 21) (9196, 1344, 21)
prediction length: 336, mse:0.24876371026039124, mae:0.28656721115112305
prediction length: 672, mse:0.31814712285995483, mae:0.3319377303123474
prediction length: 1008, mse:0.3668369948863983, mae:0.36185646057128906
prediction length: 1344, mse:0.4032045602798462, mae:0.38230401277542114
Args in experiment:
Namespace(is_training=1, model_id='weather_96_336', model='iFlashformer', data='custom', root_path='./dataset/weather/', data_path='weather.csv', features='M', target='OT', freq='h', checkpoints='./checkpoints/', seq_len=96, label_len=48, pred_len=336, training_k=4, test_k=4, beta=0.1, gamma=0.5, enc_in=21, dec_in=21, c_out=21, d_model=512, n_heads=8, e_layers=2, d_layers=1, d_ff=2048, moving_avg=25, factor=3, distil=True, dropout=0.1, embed='timeF', activation='gelu', output_attention=False, do_predict=False, num_workers=10, itr=4, train_epochs=30, batch_size=512, patience=3, learning_rate=0.001, des='Exp', loss='MSE', lradj='type1', use_amp=False, use_gpu=True, gpu=0, use_multi_gpu=False, devices='0,1,2,3', exp_name='MTSF', channel_independence=False, inverse=False, class_strategy='projection', target_root_path='./data/electricity/', target_data_path='electricity.csv', efficient_training=False, use_norm=True, partial_start_index=0)
Use GPU: cuda:0
>>>>>>>start training : weather_96_336_iFlashformer_custom_M_ft96_sl48_ll336_pl512_dm8_nh2_el1_dl2048_df3_fctimeF_ebTrue_dtExp_projection_trk4_tsk4_0>>>>>>>>>>>>>>>>>>>>>>>>>>
train 35448
val 4935
test 10204
Epoch: 1 cost time: 14.987995386123657
Epoch: 1, Steps: 69 | Train Loss: 1.3171729 Vali Loss: 0.6288424
Validation loss decreased (inf --> 0.628842).  Saving model ...
Updating learning rate to 0.0009000000000000001
Epoch: 2 cost time: 14.789264678955078
Epoch: 2, Steps: 69 | Train Loss: 1.2278244 Vali Loss: 0.5941876
Validation loss decreased (0.628842 --> 0.594188).  Saving model ...
Updating learning rate to 0.0008100000000000001
Epoch: 3 cost time: 14.846653699874878
Epoch: 3, Steps: 69 | Train Loss: 1.1990205 Vali Loss: 0.6040094
EarlyStopping counter: 1 out of 3
Updating learning rate to 0.0007290000000000002
Epoch: 4 cost time: 14.667558908462524
Epoch: 4, Steps: 69 | Train Loss: 1.1748610 Vali Loss: 0.6000928
EarlyStopping counter: 2 out of 3
Updating learning rate to 0.0006561000000000001
Epoch: 5 cost time: 15.009193181991577
Epoch: 5, Steps: 69 | Train Loss: 1.1501766 Vali Loss: 0.6011286
EarlyStopping counter: 3 out of 3
Early stopping
>>>>>>>testing : weather_96_336_iFlashformer_custom_M_ft96_sl48_ll336_pl512_dm8_nh2_el1_dl2048_df3_fctimeF_ebTrue_dtExp_projection_trk4_tsk4_0<<<<<<<<<<<<<<<<<<<<<<<<<<<<<<<<<
test 9196
test shape: (9196, 1, 1344, 21) (9196, 1, 1344, 21)
test shape: (9196, 1344, 21) (9196, 1344, 21)
prediction length: 336, mse:0.25277960300445557, mae:0.2872691750526428
prediction length: 672, mse:0.3218138515949249, mae:0.3316059708595276
prediction length: 1008, mse:0.37024280428886414, mae:0.3609660863876343
prediction length: 1344, mse:0.4066799283027649, mae:0.3812792897224426
Use GPU: cuda:0
>>>>>>>start training : weather_96_336_iFlashformer_custom_M_ft96_sl48_ll336_pl512_dm8_nh2_el1_dl2048_df3_fctimeF_ebTrue_dtExp_projection_trk4_tsk4_1>>>>>>>>>>>>>>>>>>>>>>>>>>
train 35448
val 4935
test 10204
Epoch: 1 cost time: 14.749214887619019
Epoch: 1, Steps: 69 | Train Loss: 1.3132213 Vali Loss: 0.6258532
Validation loss decreased (inf --> 0.625853).  Saving model ...
Updating learning rate to 0.0009000000000000001
Epoch: 2 cost time: 14.822880268096924
Epoch: 2, Steps: 69 | Train Loss: 1.2296124 Vali Loss: 0.6036500
Validation loss decreased (0.625853 --> 0.603650).  Saving model ...
Updating learning rate to 0.0008100000000000001
Epoch: 3 cost time: 14.95664119720459
Epoch: 3, Steps: 69 | Train Loss: 1.2007851 Vali Loss: 0.6005409
Validation loss decreased (0.603650 --> 0.600541).  Saving model ...
Updating learning rate to 0.0007290000000000002
Epoch: 4 cost time: 14.988073110580444
Epoch: 4, Steps: 69 | Train Loss: 1.1846909 Vali Loss: 0.5991149
Validation loss decreased (0.600541 --> 0.599115).  Saving model ...
Updating learning rate to 0.0006561000000000001
Epoch: 5 cost time: 14.999129295349121
Epoch: 5, Steps: 69 | Train Loss: 1.1503116 Vali Loss: 0.6026160
EarlyStopping counter: 1 out of 3
Updating learning rate to 0.00059049
Epoch: 6 cost time: 14.993670225143433
Epoch: 6, Steps: 69 | Train Loss: 1.1266599 Vali Loss: 0.6185701
EarlyStopping counter: 2 out of 3
Updating learning rate to 0.000531441
Epoch: 7 cost time: 14.97348928451538
Epoch: 7, Steps: 69 | Train Loss: 1.1026087 Vali Loss: 0.6254708
EarlyStopping counter: 3 out of 3
Early stopping
>>>>>>>testing : weather_96_336_iFlashformer_custom_M_ft96_sl48_ll336_pl512_dm8_nh2_el1_dl2048_df3_fctimeF_ebTrue_dtExp_projection_trk4_tsk4_1<<<<<<<<<<<<<<<<<<<<<<<<<<<<<<<<<
test 9196
test shape: (9196, 1, 1344, 21) (9196, 1, 1344, 21)
test shape: (9196, 1344, 21) (9196, 1344, 21)
prediction length: 336, mse:0.2517388164997101, mae:0.2873467803001404
prediction length: 672, mse:0.3199564814567566, mae:0.33176475763320923
prediction length: 1008, mse:0.3686777353286743, mae:0.3618736267089844
prediction length: 1344, mse:0.40531086921691895, mae:0.3826576769351959
Use GPU: cuda:0
>>>>>>>start training : weather_96_336_iFlashformer_custom_M_ft96_sl48_ll336_pl512_dm8_nh2_el1_dl2048_df3_fctimeF_ebTrue_dtExp_projection_trk4_tsk4_2>>>>>>>>>>>>>>>>>>>>>>>>>>
train 35448
val 4935
test 10204
Epoch: 1 cost time: 14.740153074264526
Epoch: 1, Steps: 69 | Train Loss: 1.3166565 Vali Loss: 0.6138151
Validation loss decreased (inf --> 0.613815).  Saving model ...
Updating learning rate to 0.0009000000000000001
Epoch: 2 cost time: 14.827735185623169
Epoch: 2, Steps: 69 | Train Loss: 1.2302421 Vali Loss: 0.6118000
Validation loss decreased (0.613815 --> 0.611800).  Saving model ...
Updating learning rate to 0.0008100000000000001
Epoch: 3 cost time: 14.933685541152954
Epoch: 3, Steps: 69 | Train Loss: 1.2096848 Vali Loss: 0.5945622
Validation loss decreased (0.611800 --> 0.594562).  Saving model ...
Updating learning rate to 0.0007290000000000002
Epoch: 4 cost time: 15.010756254196167
Epoch: 4, Steps: 69 | Train Loss: 1.1746093 Vali Loss: 0.6100826
EarlyStopping counter: 1 out of 3
Updating learning rate to 0.0006561000000000001
Epoch: 5 cost time: 15.021417140960693
Epoch: 5, Steps: 69 | Train Loss: 1.1529613 Vali Loss: 0.6004915
EarlyStopping counter: 2 out of 3
Updating learning rate to 0.00059049
Epoch: 6 cost time: 15.022879123687744
Epoch: 6, Steps: 69 | Train Loss: 1.1265731 Vali Loss: 0.6230295
EarlyStopping counter: 3 out of 3
Early stopping
>>>>>>>testing : weather_96_336_iFlashformer_custom_M_ft96_sl48_ll336_pl512_dm8_nh2_el1_dl2048_df3_fctimeF_ebTrue_dtExp_projection_trk4_tsk4_2<<<<<<<<<<<<<<<<<<<<<<<<<<<<<<<<<
test 9196
test shape: (9196, 1, 1344, 21) (9196, 1, 1344, 21)
test shape: (9196, 1344, 21) (9196, 1344, 21)
prediction length: 336, mse:0.25265270471572876, mae:0.2874355614185333
prediction length: 672, mse:0.3211703300476074, mae:0.33200323581695557
prediction length: 1008, mse:0.3694685399532318, mae:0.36163797974586487
prediction length: 1344, mse:0.4057101905345917, mae:0.3820245862007141
Use GPU: cuda:0
>>>>>>>start training : weather_96_336_iFlashformer_custom_M_ft96_sl48_ll336_pl512_dm8_nh2_el1_dl2048_df3_fctimeF_ebTrue_dtExp_projection_trk4_tsk4_3>>>>>>>>>>>>>>>>>>>>>>>>>>
train 35448
val 4935
test 10204
Epoch: 1 cost time: 14.786856174468994
Epoch: 1, Steps: 69 | Train Loss: 1.3125746 Vali Loss: 0.6169164
Validation loss decreased (inf --> 0.616916).  Saving model ...
Updating learning rate to 0.0009000000000000001
Epoch: 2 cost time: 14.812230110168457
Epoch: 2, Steps: 69 | Train Loss: 1.2293574 Vali Loss: 0.6046976
Validation loss decreased (0.616916 --> 0.604698).  Saving model ...
Updating learning rate to 0.0008100000000000001
Epoch: 3 cost time: 14.942028284072876
Epoch: 3, Steps: 69 | Train Loss: 1.2006070 Vali Loss: 0.5986827
Validation loss decreased (0.604698 --> 0.598683).  Saving model ...
Updating learning rate to 0.0007290000000000002
Epoch: 4 cost time: 14.99838376045227
Epoch: 4, Steps: 69 | Train Loss: 1.1780917 Vali Loss: 0.6066599
EarlyStopping counter: 1 out of 3
Updating learning rate to 0.0006561000000000001
Epoch: 5 cost time: 15.002759218215942
Epoch: 5, Steps: 69 | Train Loss: 1.1560329 Vali Loss: 0.6042724
EarlyStopping counter: 2 out of 3
Updating learning rate to 0.00059049
Epoch: 6 cost time: 15.025679588317871
Epoch: 6, Steps: 69 | Train Loss: 1.1275482 Vali Loss: 0.6307719
EarlyStopping counter: 3 out of 3
Early stopping
>>>>>>>testing : weather_96_336_iFlashformer_custom_M_ft96_sl48_ll336_pl512_dm8_nh2_el1_dl2048_df3_fctimeF_ebTrue_dtExp_projection_trk4_tsk4_3<<<<<<<<<<<<<<<<<<<<<<<<<<<<<<<<<
test 9196
test shape: (9196, 1, 1344, 21) (9196, 1, 1344, 21)
test shape: (9196, 1344, 21) (9196, 1344, 21)
prediction length: 336, mse:0.252520352602005, mae:0.2878468632698059
prediction length: 672, mse:0.3213720917701721, mae:0.3326672911643982
prediction length: 1008, mse:0.3694625794887543, mae:0.36222586035728455
prediction length: 1344, mse:0.40570300817489624, mae:0.3826391398906708
Args in experiment:
Namespace(is_training=1, model_id='weather_96_336', model='iFlashformer', data='custom', root_path='./dataset/weather/', data_path='weather.csv', features='M', target='OT', freq='h', checkpoints='./checkpoints/', seq_len=96, label_len=48, pred_len=336, training_k=4, test_k=4, beta=0.1, gamma=0.5, enc_in=21, dec_in=21, c_out=21, d_model=512, n_heads=8, e_layers=2, d_layers=1, d_ff=2048, moving_avg=25, factor=3, distil=True, dropout=0.1, embed='timeF', activation='gelu', output_attention=False, do_predict=False, num_workers=10, itr=5, train_epochs=30, batch_size=512, patience=3, learning_rate=0.001, des='Exp', loss='MSE', lradj='type1', use_amp=False, use_gpu=True, gpu=0, use_multi_gpu=False, devices='0,1,2,3', exp_name='MTSF', channel_independence=False, inverse=False, class_strategy='projection', target_root_path='./data/electricity/', target_data_path='electricity.csv', efficient_training=False, use_norm=True, partial_start_index=0)
Use GPU: cuda:0
>>>>>>>start training : weather_96_336_iFlashformer_custom_M_ft96_sl48_ll336_pl512_dm8_nh2_el1_dl2048_df3_fctimeF_ebTrue_dtExp_projection_trk4_tsk4_0>>>>>>>>>>>>>>>>>>>>>>>>>>
train 35448
val 4935
test 10204
Epoch: 1 cost time: 15.023669481277466
Epoch: 1, Steps: 69 | Train Loss: 1.3190053 Vali Loss: 0.6107907
Validation loss decreased (inf --> 0.610791).  Saving model ...
Updating learning rate to 0.0009000000000000001
Epoch: 2 cost time: 14.52068042755127
Epoch: 2, Steps: 69 | Train Loss: 1.2302944 Vali Loss: 0.6126197
EarlyStopping counter: 1 out of 3
Updating learning rate to 0.0008100000000000001
Epoch: 3 cost time: 14.539327621459961
Epoch: 3, Steps: 69 | Train Loss: 1.1989585 Vali Loss: 0.6346691
EarlyStopping counter: 2 out of 3
Updating learning rate to 0.0007290000000000002
Epoch: 4 cost time: 14.645886898040771
Epoch: 4, Steps: 69 | Train Loss: 1.1779908 Vali Loss: 0.6268235
EarlyStopping counter: 3 out of 3
Early stopping
>>>>>>>testing : weather_96_336_iFlashformer_custom_M_ft96_sl48_ll336_pl512_dm8_nh2_el1_dl2048_df3_fctimeF_ebTrue_dtExp_projection_trk4_tsk4_0<<<<<<<<<<<<<<<<<<<<<<<<<<<<<<<<<
test 9196
test shape: (9196, 1, 1344, 21) (9196, 1, 1344, 21)
test shape: (9196, 1344, 21) (9196, 1344, 21)
prediction length: 336, mse:0.25755950808525085, mae:0.29200226068496704
prediction length: 672, mse:0.3265300691127777, mae:0.33566033840179443
prediction length: 1008, mse:0.37512391805648804, mae:0.36493560671806335
prediction length: 1344, mse:0.41190415620803833, mae:0.38541868329048157
Use GPU: cuda:0
>>>>>>>start training : weather_96_336_iFlashformer_custom_M_ft96_sl48_ll336_pl512_dm8_nh2_el1_dl2048_df3_fctimeF_ebTrue_dtExp_projection_trk4_tsk4_1>>>>>>>>>>>>>>>>>>>>>>>>>>
train 35448
val 4935
test 10204
Epoch: 1 cost time: 14.733133316040039
Epoch: 1, Steps: 69 | Train Loss: 1.3161470 Vali Loss: 0.6096313
Validation loss decreased (inf --> 0.609631).  Saving model ...
Updating learning rate to 0.0009000000000000001
Epoch: 2 cost time: 14.806930780410767
Epoch: 2, Steps: 69 | Train Loss: 1.2396494 Vali Loss: 0.6017426
Validation loss decreased (0.609631 --> 0.601743).  Saving model ...
Updating learning rate to 0.0008100000000000001
Epoch: 3 cost time: 14.881919145584106
Epoch: 3, Steps: 69 | Train Loss: 1.2025335 Vali Loss: 0.6005787
Validation loss decreased (0.601743 --> 0.600579).  Saving model ...
Updating learning rate to 0.0007290000000000002
Epoch: 4 cost time: 14.996229410171509
Epoch: 4, Steps: 69 | Train Loss: 1.1782339 Vali Loss: 0.5898675
Validation loss decreased (0.600579 --> 0.589868).  Saving model ...
Updating learning rate to 0.0006561000000000001
Epoch: 5 cost time: 14.984066009521484
Epoch: 5, Steps: 69 | Train Loss: 1.1499879 Vali Loss: 0.6036426
EarlyStopping counter: 1 out of 3
Updating learning rate to 0.00059049
Epoch: 6 cost time: 14.970328330993652
Epoch: 6, Steps: 69 | Train Loss: 1.1291043 Vali Loss: 0.6094818
EarlyStopping counter: 2 out of 3
Updating learning rate to 0.000531441
Epoch: 7 cost time: 14.964136838912964
Epoch: 7, Steps: 69 | Train Loss: 1.1088742 Vali Loss: 0.6003548
EarlyStopping counter: 3 out of 3
Early stopping
>>>>>>>testing : weather_96_336_iFlashformer_custom_M_ft96_sl48_ll336_pl512_dm8_nh2_el1_dl2048_df3_fctimeF_ebTrue_dtExp_projection_trk4_tsk4_1<<<<<<<<<<<<<<<<<<<<<<<<<<<<<<<<<
test 9196
test shape: (9196, 1, 1344, 21) (9196, 1, 1344, 21)
test shape: (9196, 1344, 21) (9196, 1344, 21)
prediction length: 336, mse:0.25035110116004944, mae:0.28691014647483826
prediction length: 672, mse:0.3190329670906067, mae:0.3319489657878876
prediction length: 1008, mse:0.36683687567710876, mae:0.3612618148326874
prediction length: 1344, mse:0.40231359004974365, mae:0.3810272812843323
Use GPU: cuda:0
>>>>>>>start training : weather_96_336_iFlashformer_custom_M_ft96_sl48_ll336_pl512_dm8_nh2_el1_dl2048_df3_fctimeF_ebTrue_dtExp_projection_trk4_tsk4_2>>>>>>>>>>>>>>>>>>>>>>>>>>
train 35448
val 4935
test 10204
Epoch: 1 cost time: 14.838114261627197
Epoch: 1, Steps: 69 | Train Loss: 1.3148994 Vali Loss: 0.6116698
Validation loss decreased (inf --> 0.611670).  Saving model ...
Updating learning rate to 0.0009000000000000001
Epoch: 2 cost time: 14.87466049194336
Epoch: 2, Steps: 69 | Train Loss: 1.2237095 Vali Loss: 0.6087492
Validation loss decreased (0.611670 --> 0.608749).  Saving model ...
Updating learning rate to 0.0008100000000000001
Epoch: 3 cost time: 14.90627408027649
Epoch: 3, Steps: 69 | Train Loss: 1.2014122 Vali Loss: 0.6075130
Validation loss decreased (0.608749 --> 0.607513).  Saving model ...
Updating learning rate to 0.0007290000000000002
Epoch: 4 cost time: 14.992617130279541
Epoch: 4, Steps: 69 | Train Loss: 1.1717514 Vali Loss: 0.5884919
Validation loss decreased (0.607513 --> 0.588492).  Saving model ...
Updating learning rate to 0.0006561000000000001
Epoch: 5 cost time: 14.968888759613037
Epoch: 5, Steps: 69 | Train Loss: 1.1456665 Vali Loss: 0.5928722
EarlyStopping counter: 1 out of 3
Updating learning rate to 0.00059049
Epoch: 6 cost time: 14.984531879425049
Epoch: 6, Steps: 69 | Train Loss: 1.1209209 Vali Loss: 0.6115691
EarlyStopping counter: 2 out of 3
Updating learning rate to 0.000531441
Epoch: 7 cost time: 15.04485535621643
Epoch: 7, Steps: 69 | Train Loss: 1.1063436 Vali Loss: 0.6129811
EarlyStopping counter: 3 out of 3
Early stopping
>>>>>>>testing : weather_96_336_iFlashformer_custom_M_ft96_sl48_ll336_pl512_dm8_nh2_el1_dl2048_df3_fctimeF_ebTrue_dtExp_projection_trk4_tsk4_2<<<<<<<<<<<<<<<<<<<<<<<<<<<<<<<<<
test 9196
test shape: (9196, 1, 1344, 21) (9196, 1, 1344, 21)
test shape: (9196, 1344, 21) (9196, 1344, 21)
prediction length: 336, mse:0.25102052092552185, mae:0.28641194105148315
prediction length: 672, mse:0.3203747868537903, mae:0.3319884240627289
prediction length: 1008, mse:0.36870676279067993, mae:0.36173537373542786
prediction length: 1344, mse:0.40464353561401367, mae:0.38188058137893677
Use GPU: cuda:0
>>>>>>>start training : weather_96_336_iFlashformer_custom_M_ft96_sl48_ll336_pl512_dm8_nh2_el1_dl2048_df3_fctimeF_ebTrue_dtExp_projection_trk4_tsk4_3>>>>>>>>>>>>>>>>>>>>>>>>>>
train 35448
val 4935
test 10204
Epoch: 1 cost time: 14.78318166732788
Epoch: 1, Steps: 69 | Train Loss: 1.3139926 Vali Loss: 0.6259624
Validation loss decreased (inf --> 0.625962).  Saving model ...
Updating learning rate to 0.0009000000000000001
Epoch: 2 cost time: 14.817994832992554
Epoch: 2, Steps: 69 | Train Loss: 1.2396225 Vali Loss: 0.6084225
Validation loss decreased (0.625962 --> 0.608423).  Saving model ...
Updating learning rate to 0.0008100000000000001
Epoch: 3 cost time: 14.859723567962646
Epoch: 3, Steps: 69 | Train Loss: 1.2085956 Vali Loss: 0.5968093
Validation loss decreased (0.608423 --> 0.596809).  Saving model ...
Updating learning rate to 0.0007290000000000002
Epoch: 4 cost time: 14.935633182525635
Epoch: 4, Steps: 69 | Train Loss: 1.1773133 Vali Loss: 0.5986178
EarlyStopping counter: 1 out of 3
Updating learning rate to 0.0006561000000000001
Epoch: 5 cost time: 14.910873413085938
Epoch: 5, Steps: 69 | Train Loss: 1.1539401 Vali Loss: 0.6121539
EarlyStopping counter: 2 out of 3
Updating learning rate to 0.00059049
Epoch: 6 cost time: 14.932769775390625
Epoch: 6, Steps: 69 | Train Loss: 1.1295189 Vali Loss: 0.6070572
EarlyStopping counter: 3 out of 3
Early stopping
>>>>>>>testing : weather_96_336_iFlashformer_custom_M_ft96_sl48_ll336_pl512_dm8_nh2_el1_dl2048_df3_fctimeF_ebTrue_dtExp_projection_trk4_tsk4_3<<<<<<<<<<<<<<<<<<<<<<<<<<<<<<<<<
test 9196
test shape: (9196, 1, 1344, 21) (9196, 1, 1344, 21)
test shape: (9196, 1344, 21) (9196, 1344, 21)
prediction length: 336, mse:0.2521398961544037, mae:0.2886163592338562
prediction length: 672, mse:0.31994977593421936, mae:0.3320203423500061
prediction length: 1008, mse:0.36798056960105896, mae:0.36134132742881775
prediction length: 1344, mse:0.40486589074134827, mae:0.3821585774421692
Use GPU: cuda:0
>>>>>>>start training : weather_96_336_iFlashformer_custom_M_ft96_sl48_ll336_pl512_dm8_nh2_el1_dl2048_df3_fctimeF_ebTrue_dtExp_projection_trk4_tsk4_4>>>>>>>>>>>>>>>>>>>>>>>>>>
train 35448
val 4935
test 10204
Epoch: 1 cost time: 14.727355718612671
Epoch: 1, Steps: 69 | Train Loss: 1.3169899 Vali Loss: 0.6166527
Validation loss decreased (inf --> 0.616653).  Saving model ...
Updating learning rate to 0.0009000000000000001
Epoch: 2 cost time: 14.80877947807312
Epoch: 2, Steps: 69 | Train Loss: 1.2316004 Vali Loss: 0.6242408
EarlyStopping counter: 1 out of 3
Updating learning rate to 0.0008100000000000001
Epoch: 3 cost time: 14.853069067001343
Epoch: 3, Steps: 69 | Train Loss: 1.2014153 Vali Loss: 0.5891308
Validation loss decreased (0.616653 --> 0.589131).  Saving model ...
Updating learning rate to 0.0007290000000000002
Epoch: 4 cost time: 14.973966360092163
Epoch: 4, Steps: 69 | Train Loss: 1.1738935 Vali Loss: 0.6023327
EarlyStopping counter: 1 out of 3
Updating learning rate to 0.0006561000000000001
Epoch: 5 cost time: 14.937430620193481
Epoch: 5, Steps: 69 | Train Loss: 1.1480777 Vali Loss: 0.6044043
EarlyStopping counter: 2 out of 3
Updating learning rate to 0.00059049
Epoch: 6 cost time: 14.989049434661865
Epoch: 6, Steps: 69 | Train Loss: 1.1279461 Vali Loss: 0.6072555
EarlyStopping counter: 3 out of 3
Early stopping
>>>>>>>testing : weather_96_336_iFlashformer_custom_M_ft96_sl48_ll336_pl512_dm8_nh2_el1_dl2048_df3_fctimeF_ebTrue_dtExp_projection_trk4_tsk4_4<<<<<<<<<<<<<<<<<<<<<<<<<<<<<<<<<
test 9196
test shape: (9196, 1, 1344, 21) (9196, 1, 1344, 21)
test shape: (9196, 1344, 21) (9196, 1344, 21)
prediction length: 336, mse:0.2520158886909485, mae:0.28813862800598145
prediction length: 672, mse:0.3207424581050873, mae:0.3325311839580536
prediction length: 1008, mse:0.36893001198768616, mae:0.36188143491744995
prediction length: 1344, mse:0.4053189158439636, mae:0.3821123540401459
Args in experiment:
Namespace(is_training=1, model_id='weather_96_720', model='iTransformer', data='custom', root_path='./dataset/weather/', data_path='weather.csv', features='M', target='OT', freq='h', checkpoints='./checkpoints/', seq_len=96, label_len=48, pred_len=720, training_k=4, test_k=2, beta=0.1, gamma=0.5, enc_in=21, dec_in=21, c_out=21, d_model=512, n_heads=8, e_layers=2, d_layers=1, d_ff=512, moving_avg=25, factor=1, distil=True, dropout=0.1, embed='timeF', activation='gelu', output_attention=False, do_predict=False, num_workers=10, itr=1, train_epochs=30, batch_size=512, patience=3, learning_rate=0.001, des='Exp', loss='MSE', lradj='type1', use_amp=False, use_gpu=True, gpu=0, use_multi_gpu=False, devices='0,1,2,3', exp_name='MTSF', channel_independence=False, inverse=False, class_strategy='projection', target_root_path='./data/electricity/', target_data_path='electricity.csv', efficient_training=False, use_norm=True, partial_start_index=0)
Use GPU: cuda:0
>>>>>>>start training : weather_96_720_iTransformer_custom_M_ft96_sl48_ll720_pl512_dm8_nh2_el1_dl512_df1_fctimeF_ebTrue_dtExp_projection_trk4_tsk2_0>>>>>>>>>>>>>>>>>>>>>>>>>>
train 33912
val 4551
test 9820
Epoch: 1 cost time: 11.165982484817505
Epoch: 1, Steps: 66 | Train Loss: 1.4728957 Vali Loss: 0.7590461
Validation loss decreased (inf --> 0.759046).  Saving model ...
Updating learning rate to 0.0009000000000000001
Epoch: 2 cost time: 10.995814800262451
Epoch: 2, Steps: 66 | Train Loss: 1.3850911 Vali Loss: 0.7549554
Validation loss decreased (0.759046 --> 0.754955).  Saving model ...
Updating learning rate to 0.0008100000000000001
Epoch: 3 cost time: 10.968677759170532
Epoch: 3, Steps: 66 | Train Loss: 1.3563280 Vali Loss: 0.7538044
Validation loss decreased (0.754955 --> 0.753804).  Saving model ...
Updating learning rate to 0.0007290000000000002
Epoch: 4 cost time: 11.031334161758423
Epoch: 4, Steps: 66 | Train Loss: 1.3339625 Vali Loss: 0.7547859
EarlyStopping counter: 1 out of 3
Updating learning rate to 0.0006561000000000001
Epoch: 5 cost time: 11.05843997001648
Epoch: 5, Steps: 66 | Train Loss: 1.3168509 Vali Loss: 0.7427211
Validation loss decreased (0.753804 --> 0.742721).  Saving model ...
Updating learning rate to 0.00059049
Epoch: 6 cost time: 11.040495872497559
Epoch: 6, Steps: 66 | Train Loss: 1.3006865 Vali Loss: 0.7502868
EarlyStopping counter: 1 out of 3
Updating learning rate to 0.000531441
Epoch: 7 cost time: 11.017925500869751
Epoch: 7, Steps: 66 | Train Loss: 1.2795691 Vali Loss: 0.7383860
Validation loss decreased (0.742721 --> 0.738386).  Saving model ...
Updating learning rate to 0.0004782969000000001
Epoch: 8 cost time: 11.071886539459229
Epoch: 8, Steps: 66 | Train Loss: 1.2596980 Vali Loss: 0.7477095
EarlyStopping counter: 1 out of 3
Updating learning rate to 0.0004304672100000001
Epoch: 9 cost time: 11.11368465423584
Epoch: 9, Steps: 66 | Train Loss: 1.2428660 Vali Loss: 0.7632772
EarlyStopping counter: 2 out of 3
Updating learning rate to 0.0003874204890000001
Epoch: 10 cost time: 11.132831811904907
Epoch: 10, Steps: 66 | Train Loss: 1.2247001 Vali Loss: 0.7659506
EarlyStopping counter: 3 out of 3
Early stopping
>>>>>>>testing : weather_96_720_iTransformer_custom_M_ft96_sl48_ll720_pl512_dm8_nh2_el1_dl512_df1_fctimeF_ebTrue_dtExp_projection_trk4_tsk2_0<<<<<<<<<<<<<<<<<<<<<<<<<<<<<<<<<
test 9100
test shape: (9100, 1, 1440, 21) (9100, 1, 1440, 21)
test shape: (9100, 1440, 21) (9100, 1440, 21)
prediction length: 720, mse:0.33027857542037964, mae:0.3394785523414612
prediction length: 1440, mse:0.41566169261932373, mae:0.38885992765426636
Args in experiment:
Namespace(is_training=1, model_id='weather_96_720', model='iTransformer', data='custom', root_path='./dataset/weather/', data_path='weather.csv', features='M', target='OT', freq='h', checkpoints='./checkpoints/', seq_len=96, label_len=48, pred_len=720, training_k=4, test_k=2, beta=0.1, gamma=0.5, enc_in=21, dec_in=21, c_out=21, d_model=512, n_heads=8, e_layers=2, d_layers=1, d_ff=512, moving_avg=25, factor=1, distil=True, dropout=0.1, embed='timeF', activation='gelu', output_attention=False, do_predict=False, num_workers=10, itr=2, train_epochs=30, batch_size=512, patience=3, learning_rate=0.001, des='Exp', loss='MSE', lradj='type1', use_amp=False, use_gpu=True, gpu=0, use_multi_gpu=False, devices='0,1,2,3', exp_name='MTSF', channel_independence=False, inverse=False, class_strategy='projection', target_root_path='./data/electricity/', target_data_path='electricity.csv', efficient_training=False, use_norm=True, partial_start_index=0)
Use GPU: cuda:0
>>>>>>>start training : weather_96_720_iTransformer_custom_M_ft96_sl48_ll720_pl512_dm8_nh2_el1_dl512_df1_fctimeF_ebTrue_dtExp_projection_trk4_tsk2_0>>>>>>>>>>>>>>>>>>>>>>>>>>
train 33912
val 4551
test 9820
Epoch: 1 cost time: 11.187752962112427
Epoch: 1, Steps: 66 | Train Loss: 1.4709902 Vali Loss: 0.7525700
Validation loss decreased (inf --> 0.752570).  Saving model ...
Updating learning rate to 0.0009000000000000001
Epoch: 2 cost time: 11.03361177444458
Epoch: 2, Steps: 66 | Train Loss: 1.3805076 Vali Loss: 0.7467428
Validation loss decreased (0.752570 --> 0.746743).  Saving model ...
Updating learning rate to 0.0008100000000000001
Epoch: 3 cost time: 11.043730020523071
Epoch: 3, Steps: 66 | Train Loss: 1.3547384 Vali Loss: 0.7388139
Validation loss decreased (0.746743 --> 0.738814).  Saving model ...
Updating learning rate to 0.0007290000000000002
Epoch: 4 cost time: 11.077744245529175
Epoch: 4, Steps: 66 | Train Loss: 1.3327611 Vali Loss: 0.7363266
Validation loss decreased (0.738814 --> 0.736327).  Saving model ...
Updating learning rate to 0.0006561000000000001
Epoch: 5 cost time: 11.135131359100342
Epoch: 5, Steps: 66 | Train Loss: 1.3170209 Vali Loss: 0.7368793
EarlyStopping counter: 1 out of 3
Updating learning rate to 0.00059049
Epoch: 6 cost time: 10.91988754272461
Epoch: 6, Steps: 66 | Train Loss: 1.2948349 Vali Loss: 0.7339770
Validation loss decreased (0.736327 --> 0.733977).  Saving model ...
Updating learning rate to 0.000531441
Epoch: 7 cost time: 11.174461126327515
Epoch: 7, Steps: 66 | Train Loss: 1.2765382 Vali Loss: 0.7248994
Validation loss decreased (0.733977 --> 0.724899).  Saving model ...
Updating learning rate to 0.0004782969000000001
Epoch: 8 cost time: 11.193510055541992
Epoch: 8, Steps: 66 | Train Loss: 1.2567757 Vali Loss: 0.7330171
EarlyStopping counter: 1 out of 3
Updating learning rate to 0.0004304672100000001
Epoch: 9 cost time: 11.22366452217102
Epoch: 9, Steps: 66 | Train Loss: 1.2390976 Vali Loss: 0.7485098
EarlyStopping counter: 2 out of 3
Updating learning rate to 0.0003874204890000001
Epoch: 10 cost time: 11.29725980758667
Epoch: 10, Steps: 66 | Train Loss: 1.2217653 Vali Loss: 0.7570003
EarlyStopping counter: 3 out of 3
Early stopping
>>>>>>>testing : weather_96_720_iTransformer_custom_M_ft96_sl48_ll720_pl512_dm8_nh2_el1_dl512_df1_fctimeF_ebTrue_dtExp_projection_trk4_tsk2_0<<<<<<<<<<<<<<<<<<<<<<<<<<<<<<<<<
test 9100
test shape: (9100, 1, 1440, 21) (9100, 1, 1440, 21)
test shape: (9100, 1440, 21) (9100, 1440, 21)
prediction length: 720, mse:0.3340650200843811, mae:0.3422682583332062
prediction length: 1440, mse:0.4200645685195923, mae:0.3917433023452759
Use GPU: cuda:0
>>>>>>>start training : weather_96_720_iTransformer_custom_M_ft96_sl48_ll720_pl512_dm8_nh2_el1_dl512_df1_fctimeF_ebTrue_dtExp_projection_trk4_tsk2_1>>>>>>>>>>>>>>>>>>>>>>>>>>
train 33912
val 4551
test 9820
Epoch: 1 cost time: 10.782456398010254
Epoch: 1, Steps: 66 | Train Loss: 1.4686387 Vali Loss: 0.7554224
Validation loss decreased (inf --> 0.755422).  Saving model ...
Updating learning rate to 0.0009000000000000001
Epoch: 2 cost time: 10.789393424987793
Epoch: 2, Steps: 66 | Train Loss: 1.3819861 Vali Loss: 0.7302300
Validation loss decreased (0.755422 --> 0.730230).  Saving model ...
Updating learning rate to 0.0008100000000000001
Epoch: 3 cost time: 10.804936408996582
Epoch: 3, Steps: 66 | Train Loss: 1.3531596 Vali Loss: 0.7305713
EarlyStopping counter: 1 out of 3
Updating learning rate to 0.0007290000000000002
Epoch: 4 cost time: 10.76992654800415
Epoch: 4, Steps: 66 | Train Loss: 1.3363326 Vali Loss: 0.7258605
Validation loss decreased (0.730230 --> 0.725860).  Saving model ...
Updating learning rate to 0.0006561000000000001
Epoch: 5 cost time: 10.846441268920898
Epoch: 5, Steps: 66 | Train Loss: 1.3127604 Vali Loss: 0.7386118
EarlyStopping counter: 1 out of 3
Updating learning rate to 0.00059049
Epoch: 6 cost time: 10.815429210662842
Epoch: 6, Steps: 66 | Train Loss: 1.2966670 Vali Loss: 0.7435229
EarlyStopping counter: 2 out of 3
Updating learning rate to 0.000531441
Epoch: 7 cost time: 10.863785028457642
Epoch: 7, Steps: 66 | Train Loss: 1.2758962 Vali Loss: 0.7472278
EarlyStopping counter: 3 out of 3
Early stopping
>>>>>>>testing : weather_96_720_iTransformer_custom_M_ft96_sl48_ll720_pl512_dm8_nh2_el1_dl512_df1_fctimeF_ebTrue_dtExp_projection_trk4_tsk2_1<<<<<<<<<<<<<<<<<<<<<<<<<<<<<<<<<
test 9100
test shape: (9100, 1, 1440, 21) (9100, 1, 1440, 21)
test shape: (9100, 1440, 21) (9100, 1440, 21)
prediction length: 720, mse:0.32771602272987366, mae:0.3364427089691162
prediction length: 1440, mse:0.41381528973579407, mae:0.3863014876842499
Args in experiment:
Namespace(is_training=1, model_id='weather_96_720', model='iTransformer', data='custom', root_path='./dataset/weather/', data_path='weather.csv', features='M', target='OT', freq='h', checkpoints='./checkpoints/', seq_len=96, label_len=48, pred_len=720, training_k=4, test_k=2, beta=0.1, gamma=0.5, enc_in=21, dec_in=21, c_out=21, d_model=512, n_heads=8, e_layers=2, d_layers=1, d_ff=512, moving_avg=25, factor=1, distil=True, dropout=0.1, embed='timeF', activation='gelu', output_attention=False, do_predict=False, num_workers=10, itr=3, train_epochs=30, batch_size=512, patience=3, learning_rate=0.001, des='Exp', loss='MSE', lradj='type1', use_amp=False, use_gpu=True, gpu=0, use_multi_gpu=False, devices='0,1,2,3', exp_name='MTSF', channel_independence=False, inverse=False, class_strategy='projection', target_root_path='./data/electricity/', target_data_path='electricity.csv', efficient_training=False, use_norm=True, partial_start_index=0)
Use GPU: cuda:0
>>>>>>>start training : weather_96_720_iTransformer_custom_M_ft96_sl48_ll720_pl512_dm8_nh2_el1_dl512_df1_fctimeF_ebTrue_dtExp_projection_trk4_tsk2_0>>>>>>>>>>>>>>>>>>>>>>>>>>
train 33912
val 4551
test 9820
Epoch: 1 cost time: 11.255877256393433
Epoch: 1, Steps: 66 | Train Loss: 1.4736881 Vali Loss: 0.7551050
Validation loss decreased (inf --> 0.755105).  Saving model ...
Updating learning rate to 0.0009000000000000001
Epoch: 2 cost time: 10.5026216506958
Epoch: 2, Steps: 66 | Train Loss: 1.3844232 Vali Loss: 0.7374520
Validation loss decreased (0.755105 --> 0.737452).  Saving model ...
Updating learning rate to 0.0008100000000000001
Epoch: 3 cost time: 10.972979068756104
Epoch: 3, Steps: 66 | Train Loss: 1.3594530 Vali Loss: 0.7381792
EarlyStopping counter: 1 out of 3
Updating learning rate to 0.0007290000000000002
Epoch: 4 cost time: 11.031950950622559
Epoch: 4, Steps: 66 | Train Loss: 1.3368980 Vali Loss: 0.7538237
EarlyStopping counter: 2 out of 3
Updating learning rate to 0.0006561000000000001
Epoch: 5 cost time: 11.130922317504883
Epoch: 5, Steps: 66 | Train Loss: 1.3187163 Vali Loss: 0.7368331
Validation loss decreased (0.737452 --> 0.736833).  Saving model ...
Updating learning rate to 0.00059049
Epoch: 6 cost time: 11.180523872375488
Epoch: 6, Steps: 66 | Train Loss: 1.2991561 Vali Loss: 0.7404826
EarlyStopping counter: 1 out of 3
Updating learning rate to 0.000531441
Epoch: 7 cost time: 11.201061725616455
Epoch: 7, Steps: 66 | Train Loss: 1.2789757 Vali Loss: 0.7356203
Validation loss decreased (0.736833 --> 0.735620).  Saving model ...
Updating learning rate to 0.0004782969000000001
Epoch: 8 cost time: 11.113001346588135
Epoch: 8, Steps: 66 | Train Loss: 1.2637705 Vali Loss: 0.7346291
Validation loss decreased (0.735620 --> 0.734629).  Saving model ...
Updating learning rate to 0.0004304672100000001
Epoch: 9 cost time: 11.1397066116333
Epoch: 9, Steps: 66 | Train Loss: 1.2465685 Vali Loss: 0.7515531
EarlyStopping counter: 1 out of 3
Updating learning rate to 0.0003874204890000001
Epoch: 10 cost time: 11.1754891872406
Epoch: 10, Steps: 66 | Train Loss: 1.2320889 Vali Loss: 0.7648102
EarlyStopping counter: 2 out of 3
Updating learning rate to 0.0003486784401000001
Epoch: 11 cost time: 11.059543371200562
Epoch: 11, Steps: 66 | Train Loss: 1.2147895 Vali Loss: 0.7643189
EarlyStopping counter: 3 out of 3
Early stopping
>>>>>>>testing : weather_96_720_iTransformer_custom_M_ft96_sl48_ll720_pl512_dm8_nh2_el1_dl512_df1_fctimeF_ebTrue_dtExp_projection_trk4_tsk2_0<<<<<<<<<<<<<<<<<<<<<<<<<<<<<<<<<
test 9100
test shape: (9100, 1, 1440, 21) (9100, 1, 1440, 21)
test shape: (9100, 1440, 21) (9100, 1440, 21)
prediction length: 720, mse:0.3322781026363373, mae:0.33995959162712097
prediction length: 1440, mse:0.419098436832428, mae:0.38977381587028503
Use GPU: cuda:0
>>>>>>>start training : weather_96_720_iTransformer_custom_M_ft96_sl48_ll720_pl512_dm8_nh2_el1_dl512_df1_fctimeF_ebTrue_dtExp_projection_trk4_tsk2_1>>>>>>>>>>>>>>>>>>>>>>>>>>
train 33912
val 4551
test 9820
Epoch: 1 cost time: 10.781725645065308
Epoch: 1, Steps: 66 | Train Loss: 1.4712543 Vali Loss: 0.7455773
Validation loss decreased (inf --> 0.745577).  Saving model ...
Updating learning rate to 0.0009000000000000001
Epoch: 2 cost time: 10.76745891571045
Epoch: 2, Steps: 66 | Train Loss: 1.3847080 Vali Loss: 0.7461674
EarlyStopping counter: 1 out of 3
Updating learning rate to 0.0008100000000000001
Epoch: 3 cost time: 10.766879081726074
Epoch: 3, Steps: 66 | Train Loss: 1.3564441 Vali Loss: 0.7308991
Validation loss decreased (0.745577 --> 0.730899).  Saving model ...
Updating learning rate to 0.0007290000000000002
Epoch: 4 cost time: 10.855427265167236
Epoch: 4, Steps: 66 | Train Loss: 1.3396149 Vali Loss: 0.7306116
Validation loss decreased (0.730899 --> 0.730612).  Saving model ...
Updating learning rate to 0.0006561000000000001
Epoch: 5 cost time: 10.849849224090576
Epoch: 5, Steps: 66 | Train Loss: 1.3165783 Vali Loss: 0.7385792
EarlyStopping counter: 1 out of 3
Updating learning rate to 0.00059049
Epoch: 6 cost time: 10.806861162185669
Epoch: 6, Steps: 66 | Train Loss: 1.2976443 Vali Loss: 0.7315303
EarlyStopping counter: 2 out of 3
Updating learning rate to 0.000531441
Epoch: 7 cost time: 10.842217445373535
Epoch: 7, Steps: 66 | Train Loss: 1.2780355 Vali Loss: 0.7316092
EarlyStopping counter: 3 out of 3
Early stopping
>>>>>>>testing : weather_96_720_iTransformer_custom_M_ft96_sl48_ll720_pl512_dm8_nh2_el1_dl512_df1_fctimeF_ebTrue_dtExp_projection_trk4_tsk2_1<<<<<<<<<<<<<<<<<<<<<<<<<<<<<<<<<
test 9100
test shape: (9100, 1, 1440, 21) (9100, 1, 1440, 21)
test shape: (9100, 1440, 21) (9100, 1440, 21)
prediction length: 720, mse:0.32807058095932007, mae:0.3370039463043213
prediction length: 1440, mse:0.4134773015975952, mae:0.3864574730396271
Use GPU: cuda:0
>>>>>>>start training : weather_96_720_iTransformer_custom_M_ft96_sl48_ll720_pl512_dm8_nh2_el1_dl512_df1_fctimeF_ebTrue_dtExp_projection_trk4_tsk2_2>>>>>>>>>>>>>>>>>>>>>>>>>>
train 33912
val 4551
test 9820
Epoch: 1 cost time: 10.946040153503418
Epoch: 1, Steps: 66 | Train Loss: 1.4728985 Vali Loss: 0.7553272
Validation loss decreased (inf --> 0.755327).  Saving model ...
Updating learning rate to 0.0009000000000000001
Epoch: 2 cost time: 10.79591989517212
Epoch: 2, Steps: 66 | Train Loss: 1.3843307 Vali Loss: 0.7466618
Validation loss decreased (0.755327 --> 0.746662).  Saving model ...
Updating learning rate to 0.0008100000000000001
Epoch: 3 cost time: 10.859035968780518
Epoch: 3, Steps: 66 | Train Loss: 1.3544090 Vali Loss: 0.7391917
Validation loss decreased (0.746662 --> 0.739192).  Saving model ...
Updating learning rate to 0.0007290000000000002
Epoch: 4 cost time: 10.824292182922363
Epoch: 4, Steps: 66 | Train Loss: 1.3476211 Vali Loss: 0.7402781
EarlyStopping counter: 1 out of 3
Updating learning rate to 0.0006561000000000001
Epoch: 5 cost time: 10.807009220123291
Epoch: 5, Steps: 66 | Train Loss: 1.3212396 Vali Loss: 0.7442845
EarlyStopping counter: 2 out of 3
Updating learning rate to 0.00059049
Epoch: 6 cost time: 10.846617698669434
Epoch: 6, Steps: 66 | Train Loss: 1.3011349 Vali Loss: 0.7308475
Validation loss decreased (0.739192 --> 0.730847).  Saving model ...
Updating learning rate to 0.000531441
Epoch: 7 cost time: 10.872302770614624
Epoch: 7, Steps: 66 | Train Loss: 1.2851690 Vali Loss: 0.7329987
EarlyStopping counter: 1 out of 3
Updating learning rate to 0.0004782969000000001
Epoch: 8 cost time: 10.881628274917603
Epoch: 8, Steps: 66 | Train Loss: 1.2677109 Vali Loss: 0.7341092
EarlyStopping counter: 2 out of 3
Updating learning rate to 0.0004304672100000001
Epoch: 9 cost time: 10.851766347885132
Epoch: 9, Steps: 66 | Train Loss: 1.2513704 Vali Loss: 0.7389494
EarlyStopping counter: 3 out of 3
Early stopping
>>>>>>>testing : weather_96_720_iTransformer_custom_M_ft96_sl48_ll720_pl512_dm8_nh2_el1_dl512_df1_fctimeF_ebTrue_dtExp_projection_trk4_tsk2_2<<<<<<<<<<<<<<<<<<<<<<<<<<<<<<<<<
test 9100
test shape: (9100, 1, 1440, 21) (9100, 1, 1440, 21)
test shape: (9100, 1440, 21) (9100, 1440, 21)
prediction length: 720, mse:0.33060410618782043, mae:0.3397189974784851
prediction length: 1440, mse:0.41655734181404114, mae:0.3892786204814911
Args in experiment:
Namespace(is_training=1, model_id='weather_96_720', model='iTransformer', data='custom', root_path='./dataset/weather/', data_path='weather.csv', features='M', target='OT', freq='h', checkpoints='./checkpoints/', seq_len=96, label_len=48, pred_len=720, training_k=4, test_k=2, beta=0.1, gamma=0.5, enc_in=21, dec_in=21, c_out=21, d_model=512, n_heads=8, e_layers=2, d_layers=1, d_ff=512, moving_avg=25, factor=1, distil=True, dropout=0.1, embed='timeF', activation='gelu', output_attention=False, do_predict=False, num_workers=10, itr=4, train_epochs=30, batch_size=512, patience=3, learning_rate=0.001, des='Exp', loss='MSE', lradj='type1', use_amp=False, use_gpu=True, gpu=0, use_multi_gpu=False, devices='0,1,2,3', exp_name='MTSF', channel_independence=False, inverse=False, class_strategy='projection', target_root_path='./data/electricity/', target_data_path='electricity.csv', efficient_training=False, use_norm=True, partial_start_index=0)
Use GPU: cuda:0
>>>>>>>start training : weather_96_720_iTransformer_custom_M_ft96_sl48_ll720_pl512_dm8_nh2_el1_dl512_df1_fctimeF_ebTrue_dtExp_projection_trk4_tsk2_0>>>>>>>>>>>>>>>>>>>>>>>>>>
train 33912
val 4551
test 9820
Epoch: 1 cost time: 11.25546407699585
Epoch: 1, Steps: 66 | Train Loss: 1.4672821 Vali Loss: 0.7430716
Validation loss decreased (inf --> 0.743072).  Saving model ...
Updating learning rate to 0.0009000000000000001
Epoch: 2 cost time: 10.605962753295898
Epoch: 2, Steps: 66 | Train Loss: 1.3812204 Vali Loss: 0.7295741
Validation loss decreased (0.743072 --> 0.729574).  Saving model ...
Updating learning rate to 0.0008100000000000001
Epoch: 3 cost time: 11.019129037857056
Epoch: 3, Steps: 66 | Train Loss: 1.3555513 Vali Loss: 0.7233052
Validation loss decreased (0.729574 --> 0.723305).  Saving model ...
Updating learning rate to 0.0007290000000000002
Epoch: 4 cost time: 11.125249147415161
Epoch: 4, Steps: 66 | Train Loss: 1.3330677 Vali Loss: 0.7186151
Validation loss decreased (0.723305 --> 0.718615).  Saving model ...
Updating learning rate to 0.0006561000000000001
Epoch: 5 cost time: 11.056149959564209
Epoch: 5, Steps: 66 | Train Loss: 1.3100301 Vali Loss: 0.7183241
Validation loss decreased (0.718615 --> 0.718324).  Saving model ...
Updating learning rate to 0.00059049
Epoch: 6 cost time: 11.130020380020142
Epoch: 6, Steps: 66 | Train Loss: 1.2893338 Vali Loss: 0.7215636
EarlyStopping counter: 1 out of 3
Updating learning rate to 0.000531441
Epoch: 7 cost time: 11.046211957931519
Epoch: 7, Steps: 66 | Train Loss: 1.2710790 Vali Loss: 0.7253640
EarlyStopping counter: 2 out of 3
Updating learning rate to 0.0004782969000000001
Epoch: 8 cost time: 11.024234771728516
Epoch: 8, Steps: 66 | Train Loss: 1.2518390 Vali Loss: 0.7364443
EarlyStopping counter: 3 out of 3
Early stopping
>>>>>>>testing : weather_96_720_iTransformer_custom_M_ft96_sl48_ll720_pl512_dm8_nh2_el1_dl512_df1_fctimeF_ebTrue_dtExp_projection_trk4_tsk2_0<<<<<<<<<<<<<<<<<<<<<<<<<<<<<<<<<
test 9100
test shape: (9100, 1, 1440, 21) (9100, 1, 1440, 21)
test shape: (9100, 1440, 21) (9100, 1440, 21)
prediction length: 720, mse:0.32923996448516846, mae:0.3390633761882782
prediction length: 1440, mse:0.4150161147117615, mae:0.3885497748851776
Use GPU: cuda:0
>>>>>>>start training : weather_96_720_iTransformer_custom_M_ft96_sl48_ll720_pl512_dm8_nh2_el1_dl512_df1_fctimeF_ebTrue_dtExp_projection_trk4_tsk2_1>>>>>>>>>>>>>>>>>>>>>>>>>>
train 33912
val 4551
test 9820
Epoch: 1 cost time: 10.828270196914673
Epoch: 1, Steps: 66 | Train Loss: 1.4686239 Vali Loss: 0.7550109
Validation loss decreased (inf --> 0.755011).  Saving model ...
Updating learning rate to 0.0009000000000000001
Epoch: 2 cost time: 10.692883968353271
Epoch: 2, Steps: 66 | Train Loss: 1.3801422 Vali Loss: 0.7384322
Validation loss decreased (0.755011 --> 0.738432).  Saving model ...
Updating learning rate to 0.0008100000000000001
Epoch: 3 cost time: 10.731603622436523
Epoch: 3, Steps: 66 | Train Loss: 1.3582955 Vali Loss: 0.7358586
Validation loss decreased (0.738432 --> 0.735859).  Saving model ...
Updating learning rate to 0.0007290000000000002
Epoch: 4 cost time: 10.688212871551514
Epoch: 4, Steps: 66 | Train Loss: 1.3390873 Vali Loss: 0.7321241
Validation loss decreased (0.735859 --> 0.732124).  Saving model ...
Updating learning rate to 0.0006561000000000001
Epoch: 5 cost time: 10.785778522491455
Epoch: 5, Steps: 66 | Train Loss: 1.3200665 Vali Loss: 0.7373298
EarlyStopping counter: 1 out of 3
Updating learning rate to 0.00059049
Epoch: 6 cost time: 10.758365392684937
Epoch: 6, Steps: 66 | Train Loss: 1.3038393 Vali Loss: 0.7453345
EarlyStopping counter: 2 out of 3
Updating learning rate to 0.000531441
Epoch: 7 cost time: 10.757378339767456
Epoch: 7, Steps: 66 | Train Loss: 1.2818151 Vali Loss: 0.7419488
EarlyStopping counter: 3 out of 3
Early stopping
>>>>>>>testing : weather_96_720_iTransformer_custom_M_ft96_sl48_ll720_pl512_dm8_nh2_el1_dl512_df1_fctimeF_ebTrue_dtExp_projection_trk4_tsk2_1<<<<<<<<<<<<<<<<<<<<<<<<<<<<<<<<<
test 9100
test shape: (9100, 1, 1440, 21) (9100, 1, 1440, 21)
test shape: (9100, 1440, 21) (9100, 1440, 21)
prediction length: 720, mse:0.3291333317756653, mae:0.33654507994651794
prediction length: 1440, mse:0.41509681940078735, mae:0.3864647448062897
Use GPU: cuda:0
>>>>>>>start training : weather_96_720_iTransformer_custom_M_ft96_sl48_ll720_pl512_dm8_nh2_el1_dl512_df1_fctimeF_ebTrue_dtExp_projection_trk4_tsk2_2>>>>>>>>>>>>>>>>>>>>>>>>>>
train 33912
val 4551
test 9820
Epoch: 1 cost time: 10.86776065826416
Epoch: 1, Steps: 66 | Train Loss: 1.4697347 Vali Loss: 0.7539409
Validation loss decreased (inf --> 0.753941).  Saving model ...
Updating learning rate to 0.0009000000000000001
Epoch: 2 cost time: 10.762571573257446
Epoch: 2, Steps: 66 | Train Loss: 1.3879208 Vali Loss: 0.7552606
EarlyStopping counter: 1 out of 3
Updating learning rate to 0.0008100000000000001
Epoch: 3 cost time: 10.721490621566772
Epoch: 3, Steps: 66 | Train Loss: 1.3578879 Vali Loss: 0.7418450
Validation loss decreased (0.753941 --> 0.741845).  Saving model ...
Updating learning rate to 0.0007290000000000002
Epoch: 4 cost time: 10.730284214019775
Epoch: 4, Steps: 66 | Train Loss: 1.3384756 Vali Loss: 0.7396359
Validation loss decreased (0.741845 --> 0.739636).  Saving model ...
Updating learning rate to 0.0006561000000000001
Epoch: 5 cost time: 10.7741379737854
Epoch: 5, Steps: 66 | Train Loss: 1.3140832 Vali Loss: 0.7376764
Validation loss decreased (0.739636 --> 0.737676).  Saving model ...
Updating learning rate to 0.00059049
Epoch: 6 cost time: 10.7955961227417
Epoch: 6, Steps: 66 | Train Loss: 1.2936719 Vali Loss: 0.7404708
EarlyStopping counter: 1 out of 3
Updating learning rate to 0.000531441
Epoch: 7 cost time: 10.796391725540161
Epoch: 7, Steps: 66 | Train Loss: 1.2756593 Vali Loss: 0.7511322
EarlyStopping counter: 2 out of 3
Updating learning rate to 0.0004782969000000001
Epoch: 8 cost time: 10.775012254714966
Epoch: 8, Steps: 66 | Train Loss: 1.2584718 Vali Loss: 0.7591472
EarlyStopping counter: 3 out of 3
Early stopping
>>>>>>>testing : weather_96_720_iTransformer_custom_M_ft96_sl48_ll720_pl512_dm8_nh2_el1_dl512_df1_fctimeF_ebTrue_dtExp_projection_trk4_tsk2_2<<<<<<<<<<<<<<<<<<<<<<<<<<<<<<<<<
test 9100
test shape: (9100, 1, 1440, 21) (9100, 1, 1440, 21)
test shape: (9100, 1440, 21) (9100, 1440, 21)
prediction length: 720, mse:0.32826465368270874, mae:0.3376738131046295
prediction length: 1440, mse:0.4150265157222748, mae:0.38771650195121765
Use GPU: cuda:0
>>>>>>>start training : weather_96_720_iTransformer_custom_M_ft96_sl48_ll720_pl512_dm8_nh2_el1_dl512_df1_fctimeF_ebTrue_dtExp_projection_trk4_tsk2_3>>>>>>>>>>>>>>>>>>>>>>>>>>
train 33912
val 4551
test 9820
Epoch: 1 cost time: 10.936089754104614
Epoch: 1, Steps: 66 | Train Loss: 1.4702224 Vali Loss: 0.7408307
Validation loss decreased (inf --> 0.740831).  Saving model ...
Updating learning rate to 0.0009000000000000001
Epoch: 2 cost time: 10.758400917053223
Epoch: 2, Steps: 66 | Train Loss: 1.3823132 Vali Loss: 0.7525015
EarlyStopping counter: 1 out of 3
Updating learning rate to 0.0008100000000000001
Epoch: 3 cost time: 10.836704730987549
Epoch: 3, Steps: 66 | Train Loss: 1.3550967 Vali Loss: 0.7380937
Validation loss decreased (0.740831 --> 0.738094).  Saving model ...
Updating learning rate to 0.0007290000000000002
Epoch: 4 cost time: 11.027145147323608
Epoch: 4, Steps: 66 | Train Loss: 1.3314423 Vali Loss: 0.7398808
EarlyStopping counter: 1 out of 3
Updating learning rate to 0.0006561000000000001
Epoch: 5 cost time: 10.791796445846558
Epoch: 5, Steps: 66 | Train Loss: 1.3178653 Vali Loss: 0.7379769
Validation loss decreased (0.738094 --> 0.737977).  Saving model ...
Updating learning rate to 0.00059049
Epoch: 6 cost time: 10.875019311904907
Epoch: 6, Steps: 66 | Train Loss: 1.2975045 Vali Loss: 0.7358009
Validation loss decreased (0.737977 --> 0.735801).  Saving model ...
Updating learning rate to 0.000531441
Epoch: 7 cost time: 10.87049388885498
Epoch: 7, Steps: 66 | Train Loss: 1.2750388 Vali Loss: 0.7631749
EarlyStopping counter: 1 out of 3
Updating learning rate to 0.0004782969000000001
Epoch: 8 cost time: 10.92503833770752
Epoch: 8, Steps: 66 | Train Loss: 1.2600266 Vali Loss: 0.7390651
EarlyStopping counter: 2 out of 3
Updating learning rate to 0.0004304672100000001
Epoch: 9 cost time: 10.850064277648926
Epoch: 9, Steps: 66 | Train Loss: 1.2439771 Vali Loss: 0.7429268
EarlyStopping counter: 3 out of 3
Early stopping
>>>>>>>testing : weather_96_720_iTransformer_custom_M_ft96_sl48_ll720_pl512_dm8_nh2_el1_dl512_df1_fctimeF_ebTrue_dtExp_projection_trk4_tsk2_3<<<<<<<<<<<<<<<<<<<<<<<<<<<<<<<<<
test 9100
test shape: (9100, 1, 1440, 21) (9100, 1, 1440, 21)
test shape: (9100, 1440, 21) (9100, 1440, 21)
prediction length: 720, mse:0.3302367627620697, mae:0.3393830358982086
prediction length: 1440, mse:0.41587814688682556, mae:0.3887726068496704
Args in experiment:
Namespace(is_training=1, model_id='weather_96_720', model='iTransformer', data='custom', root_path='./dataset/weather/', data_path='weather.csv', features='M', target='OT', freq='h', checkpoints='./checkpoints/', seq_len=96, label_len=48, pred_len=720, training_k=4, test_k=2, beta=0.1, gamma=0.5, enc_in=21, dec_in=21, c_out=21, d_model=512, n_heads=8, e_layers=2, d_layers=1, d_ff=512, moving_avg=25, factor=1, distil=True, dropout=0.1, embed='timeF', activation='gelu', output_attention=False, do_predict=False, num_workers=10, itr=5, train_epochs=30, batch_size=512, patience=3, learning_rate=0.001, des='Exp', loss='MSE', lradj='type1', use_amp=False, use_gpu=True, gpu=0, use_multi_gpu=False, devices='0,1,2,3', exp_name='MTSF', channel_independence=False, inverse=False, class_strategy='projection', target_root_path='./data/electricity/', target_data_path='electricity.csv', efficient_training=False, use_norm=True, partial_start_index=0)
Use GPU: cuda:0
>>>>>>>start training : weather_96_720_iTransformer_custom_M_ft96_sl48_ll720_pl512_dm8_nh2_el1_dl512_df1_fctimeF_ebTrue_dtExp_projection_trk4_tsk2_0>>>>>>>>>>>>>>>>>>>>>>>>>>
train 33912
val 4551
test 9820
Epoch: 1 cost time: 11.228132247924805
Epoch: 1, Steps: 66 | Train Loss: 1.4687490 Vali Loss: 0.7702973
Validation loss decreased (inf --> 0.770297).  Saving model ...
Updating learning rate to 0.0009000000000000001
Epoch: 2 cost time: 11.059633731842041
Epoch: 2, Steps: 66 | Train Loss: 1.3820236 Vali Loss: 0.7442474
Validation loss decreased (0.770297 --> 0.744247).  Saving model ...
Updating learning rate to 0.0008100000000000001
Epoch: 3 cost time: 11.073910236358643
Epoch: 3, Steps: 66 | Train Loss: 1.3571170 Vali Loss: 0.7275146
Validation loss decreased (0.744247 --> 0.727515).  Saving model ...
Updating learning rate to 0.0007290000000000002
Epoch: 4 cost time: 10.748479843139648
Epoch: 4, Steps: 66 | Train Loss: 1.3414084 Vali Loss: 0.7377121
EarlyStopping counter: 1 out of 3
Updating learning rate to 0.0006561000000000001
Epoch: 5 cost time: 11.057843446731567
Epoch: 5, Steps: 66 | Train Loss: 1.3154188 Vali Loss: 0.7208546
Validation loss decreased (0.727515 --> 0.720855).  Saving model ...
Updating learning rate to 0.00059049
Epoch: 6 cost time: 11.170803785324097
Epoch: 6, Steps: 66 | Train Loss: 1.2966801 Vali Loss: 0.7341819
EarlyStopping counter: 1 out of 3
Updating learning rate to 0.000531441
Epoch: 7 cost time: 11.107937335968018
Epoch: 7, Steps: 66 | Train Loss: 1.2755222 Vali Loss: 0.7447917
EarlyStopping counter: 2 out of 3
Updating learning rate to 0.0004782969000000001
Epoch: 8 cost time: 11.144047498703003
Epoch: 8, Steps: 66 | Train Loss: 1.2591773 Vali Loss: 0.7541832
EarlyStopping counter: 3 out of 3
Early stopping
>>>>>>>testing : weather_96_720_iTransformer_custom_M_ft96_sl48_ll720_pl512_dm8_nh2_el1_dl512_df1_fctimeF_ebTrue_dtExp_projection_trk4_tsk2_0<<<<<<<<<<<<<<<<<<<<<<<<<<<<<<<<<
test 9100
test shape: (9100, 1, 1440, 21) (9100, 1, 1440, 21)
test shape: (9100, 1440, 21) (9100, 1440, 21)
prediction length: 720, mse:0.3286941945552826, mae:0.33790650963783264
prediction length: 1440, mse:0.41554614901542664, mae:0.38829606771469116
Use GPU: cuda:0
>>>>>>>start training : weather_96_720_iTransformer_custom_M_ft96_sl48_ll720_pl512_dm8_nh2_el1_dl512_df1_fctimeF_ebTrue_dtExp_projection_trk4_tsk2_1>>>>>>>>>>>>>>>>>>>>>>>>>>
train 33912
val 4551
test 9820
Epoch: 1 cost time: 10.899410724639893
Epoch: 1, Steps: 66 | Train Loss: 1.4809085 Vali Loss: 0.7353956
Validation loss decreased (inf --> 0.735396).  Saving model ...
Updating learning rate to 0.0009000000000000001
Epoch: 2 cost time: 10.777733564376831
Epoch: 2, Steps: 66 | Train Loss: 1.3823399 Vali Loss: 0.7272536
Validation loss decreased (0.735396 --> 0.727254).  Saving model ...
Updating learning rate to 0.0008100000000000001
Epoch: 3 cost time: 10.817755460739136
Epoch: 3, Steps: 66 | Train Loss: 1.3578957 Vali Loss: 0.7384889
EarlyStopping counter: 1 out of 3
Updating learning rate to 0.0007290000000000002
Epoch: 4 cost time: 10.779094934463501
Epoch: 4, Steps: 66 | Train Loss: 1.3351987 Vali Loss: 0.7247030
Validation loss decreased (0.727254 --> 0.724703).  Saving model ...
Updating learning rate to 0.0006561000000000001
Epoch: 5 cost time: 10.854609251022339
Epoch: 5, Steps: 66 | Train Loss: 1.3166750 Vali Loss: 0.7405421
EarlyStopping counter: 1 out of 3
Updating learning rate to 0.00059049
Epoch: 6 cost time: 10.814959287643433
Epoch: 6, Steps: 66 | Train Loss: 1.2959212 Vali Loss: 0.7219386
Validation loss decreased (0.724703 --> 0.721939).  Saving model ...
Updating learning rate to 0.000531441
Epoch: 7 cost time: 10.908035039901733
Epoch: 7, Steps: 66 | Train Loss: 1.2792363 Vali Loss: 0.7396719
EarlyStopping counter: 1 out of 3
Updating learning rate to 0.0004782969000000001
Epoch: 8 cost time: 10.842298984527588
Epoch: 8, Steps: 66 | Train Loss: 1.2598213 Vali Loss: 0.7385848
EarlyStopping counter: 2 out of 3
Updating learning rate to 0.0004304672100000001
Epoch: 9 cost time: 10.835000276565552
Epoch: 9, Steps: 66 | Train Loss: 1.2427838 Vali Loss: 0.7330531
EarlyStopping counter: 3 out of 3
Early stopping
>>>>>>>testing : weather_96_720_iTransformer_custom_M_ft96_sl48_ll720_pl512_dm8_nh2_el1_dl512_df1_fctimeF_ebTrue_dtExp_projection_trk4_tsk2_1<<<<<<<<<<<<<<<<<<<<<<<<<<<<<<<<<
test 9100
test shape: (9100, 1, 1440, 21) (9100, 1, 1440, 21)
test shape: (9100, 1440, 21) (9100, 1440, 21)
prediction length: 720, mse:0.32980701327323914, mae:0.3393997550010681
prediction length: 1440, mse:0.4162769019603729, mae:0.38950446248054504
Use GPU: cuda:0
>>>>>>>start training : weather_96_720_iTransformer_custom_M_ft96_sl48_ll720_pl512_dm8_nh2_el1_dl512_df1_fctimeF_ebTrue_dtExp_projection_trk4_tsk2_2>>>>>>>>>>>>>>>>>>>>>>>>>>
train 33912
val 4551
test 9820
Epoch: 1 cost time: 10.87251091003418
Epoch: 1, Steps: 66 | Train Loss: 1.4732565 Vali Loss: 0.7504326
Validation loss decreased (inf --> 0.750433).  Saving model ...
Updating learning rate to 0.0009000000000000001
Epoch: 2 cost time: 10.814103841781616
Epoch: 2, Steps: 66 | Train Loss: 1.3818670 Vali Loss: 0.7374234
Validation loss decreased (0.750433 --> 0.737423).  Saving model ...
Updating learning rate to 0.0008100000000000001
Epoch: 3 cost time: 10.821919679641724
Epoch: 3, Steps: 66 | Train Loss: 1.3571327 Vali Loss: 0.7334797
Validation loss decreased (0.737423 --> 0.733480).  Saving model ...
Updating learning rate to 0.0007290000000000002
Epoch: 4 cost time: 10.826419830322266
Epoch: 4, Steps: 66 | Train Loss: 1.3311309 Vali Loss: 0.7319263
Validation loss decreased (0.733480 --> 0.731926).  Saving model ...
Updating learning rate to 0.0006561000000000001
Epoch: 5 cost time: 10.931103229522705
Epoch: 5, Steps: 66 | Train Loss: 1.3102335 Vali Loss: 0.7336789
EarlyStopping counter: 1 out of 3
Updating learning rate to 0.00059049
Epoch: 6 cost time: 10.838546514511108
Epoch: 6, Steps: 66 | Train Loss: 1.2902585 Vali Loss: 0.7327297
EarlyStopping counter: 2 out of 3
Updating learning rate to 0.000531441
Epoch: 7 cost time: 10.839887380599976
Epoch: 7, Steps: 66 | Train Loss: 1.2683493 Vali Loss: 0.7460847
EarlyStopping counter: 3 out of 3
Early stopping
>>>>>>>testing : weather_96_720_iTransformer_custom_M_ft96_sl48_ll720_pl512_dm8_nh2_el1_dl512_df1_fctimeF_ebTrue_dtExp_projection_trk4_tsk2_2<<<<<<<<<<<<<<<<<<<<<<<<<<<<<<<<<
test 9100
test shape: (9100, 1, 1440, 21) (9100, 1, 1440, 21)
test shape: (9100, 1440, 21) (9100, 1440, 21)
prediction length: 720, mse:0.3316188156604767, mae:0.3385096788406372
prediction length: 1440, mse:0.4170076251029968, mae:0.3880879580974579
Use GPU: cuda:0
>>>>>>>start training : weather_96_720_iTransformer_custom_M_ft96_sl48_ll720_pl512_dm8_nh2_el1_dl512_df1_fctimeF_ebTrue_dtExp_projection_trk4_tsk2_3>>>>>>>>>>>>>>>>>>>>>>>>>>
train 33912
val 4551
test 9820
Epoch: 1 cost time: 10.851400375366211
Epoch: 1, Steps: 66 | Train Loss: 1.4725504 Vali Loss: 0.7516557
Validation loss decreased (inf --> 0.751656).  Saving model ...
Updating learning rate to 0.0009000000000000001
Epoch: 2 cost time: 10.809709548950195
Epoch: 2, Steps: 66 | Train Loss: 1.3819369 Vali Loss: 0.7495019
Validation loss decreased (0.751656 --> 0.749502).  Saving model ...
Updating learning rate to 0.0008100000000000001
Epoch: 3 cost time: 10.942789793014526
Epoch: 3, Steps: 66 | Train Loss: 1.3573570 Vali Loss: 0.7472134
Validation loss decreased (0.749502 --> 0.747213).  Saving model ...
Updating learning rate to 0.0007290000000000002
Epoch: 4 cost time: 11.062297105789185
Epoch: 4, Steps: 66 | Train Loss: 1.3345289 Vali Loss: 0.7368480
Validation loss decreased (0.747213 --> 0.736848).  Saving model ...
Updating learning rate to 0.0006561000000000001
Epoch: 5 cost time: 10.926317691802979
Epoch: 5, Steps: 66 | Train Loss: 1.3191836 Vali Loss: 0.7364032
Validation loss decreased (0.736848 --> 0.736403).  Saving model ...
Updating learning rate to 0.00059049
Epoch: 6 cost time: 10.922034740447998
Epoch: 6, Steps: 66 | Train Loss: 1.2999494 Vali Loss: 0.7440254
EarlyStopping counter: 1 out of 3
Updating learning rate to 0.000531441
Epoch: 7 cost time: 10.88820195198059
Epoch: 7, Steps: 66 | Train Loss: 1.2786932 Vali Loss: 0.7366259
EarlyStopping counter: 2 out of 3
Updating learning rate to 0.0004782969000000001
Epoch: 8 cost time: 10.94213342666626
Epoch: 8, Steps: 66 | Train Loss: 1.2693449 Vali Loss: 0.7464142
EarlyStopping counter: 3 out of 3
Early stopping
>>>>>>>testing : weather_96_720_iTransformer_custom_M_ft96_sl48_ll720_pl512_dm8_nh2_el1_dl512_df1_fctimeF_ebTrue_dtExp_projection_trk4_tsk2_3<<<<<<<<<<<<<<<<<<<<<<<<<<<<<<<<<
test 9100
test shape: (9100, 1, 1440, 21) (9100, 1, 1440, 21)
test shape: (9100, 1440, 21) (9100, 1440, 21)
prediction length: 720, mse:0.3304821848869324, mae:0.33888381719589233
prediction length: 1440, mse:0.41672858595848083, mae:0.3888860046863556
Use GPU: cuda:0
>>>>>>>start training : weather_96_720_iTransformer_custom_M_ft96_sl48_ll720_pl512_dm8_nh2_el1_dl512_df1_fctimeF_ebTrue_dtExp_projection_trk4_tsk2_4>>>>>>>>>>>>>>>>>>>>>>>>>>
train 33912
val 4551
test 9820
Epoch: 1 cost time: 10.890937089920044
Epoch: 1, Steps: 66 | Train Loss: 1.4719112 Vali Loss: 0.7587053
Validation loss decreased (inf --> 0.758705).  Saving model ...
Updating learning rate to 0.0009000000000000001
Epoch: 2 cost time: 10.81330132484436
Epoch: 2, Steps: 66 | Train Loss: 1.3824638 Vali Loss: 0.7339600
Validation loss decreased (0.758705 --> 0.733960).  Saving model ...
Updating learning rate to 0.0008100000000000001
Epoch: 3 cost time: 10.81002402305603
Epoch: 3, Steps: 66 | Train Loss: 1.3556245 Vali Loss: 0.7307540
Validation loss decreased (0.733960 --> 0.730754).  Saving model ...
Updating learning rate to 0.0007290000000000002
Epoch: 4 cost time: 10.849000930786133
Epoch: 4, Steps: 66 | Train Loss: 1.3338545 Vali Loss: 0.7175935
Validation loss decreased (0.730754 --> 0.717593).  Saving model ...
Updating learning rate to 0.0006561000000000001
Epoch: 5 cost time: 10.911924362182617
Epoch: 5, Steps: 66 | Train Loss: 1.3108878 Vali Loss: 0.7250025
EarlyStopping counter: 1 out of 3
Updating learning rate to 0.00059049
Epoch: 6 cost time: 10.82365608215332
Epoch: 6, Steps: 66 | Train Loss: 1.2938869 Vali Loss: 0.7285943
EarlyStopping counter: 2 out of 3
Updating learning rate to 0.000531441
Epoch: 7 cost time: 10.817034244537354
Epoch: 7, Steps: 66 | Train Loss: 1.2746694 Vali Loss: 0.7380356
EarlyStopping counter: 3 out of 3
Early stopping
>>>>>>>testing : weather_96_720_iTransformer_custom_M_ft96_sl48_ll720_pl512_dm8_nh2_el1_dl512_df1_fctimeF_ebTrue_dtExp_projection_trk4_tsk2_4<<<<<<<<<<<<<<<<<<<<<<<<<<<<<<<<<
test 9100
test shape: (9100, 1, 1440, 21) (9100, 1, 1440, 21)
test shape: (9100, 1440, 21) (9100, 1440, 21)
prediction length: 720, mse:0.3275614380836487, mae:0.33669787645339966
prediction length: 1440, mse:0.41316157579421997, mae:0.38609442114830017
Args in experiment:
Namespace(is_training=1, model_id='weather_96_720', model='iInformer', data='custom', root_path='./dataset/weather/', data_path='weather.csv', features='M', target='OT', freq='h', checkpoints='./checkpoints/', seq_len=96, label_len=48, pred_len=720, training_k=4, test_k=2, beta=0.1, gamma=0.5, enc_in=21, dec_in=21, c_out=21, d_model=512, n_heads=8, e_layers=2, d_layers=1, d_ff=2048, moving_avg=25, factor=1, distil=True, dropout=0.1, embed='timeF', activation='gelu', output_attention=False, do_predict=False, num_workers=10, itr=1, train_epochs=30, batch_size=512, patience=3, learning_rate=0.001, des='Exp', loss='MSE', lradj='type1', use_amp=False, use_gpu=True, gpu=0, use_multi_gpu=False, devices='0,1,2,3', exp_name='MTSF', channel_independence=False, inverse=False, class_strategy='projection', target_root_path='./data/electricity/', target_data_path='electricity.csv', efficient_training=False, use_norm=True, partial_start_index=0)
Use GPU: cuda:0
>>>>>>>start training : weather_96_720_iInformer_custom_M_ft96_sl48_ll720_pl512_dm8_nh2_el1_dl2048_df1_fctimeF_ebTrue_dtExp_projection_trk4_tsk2_0>>>>>>>>>>>>>>>>>>>>>>>>>>
train 33912
val 4551
test 9820
Epoch: 1 cost time: 17.06302571296692
Epoch: 1, Steps: 66 | Train Loss: 1.4075586 Vali Loss: 0.7324089
Validation loss decreased (inf --> 0.732409).  Saving model ...
Updating learning rate to 0.0009000000000000001
Epoch: 2 cost time: 16.722067832946777
Epoch: 2, Steps: 66 | Train Loss: 1.3200182 Vali Loss: 0.7124071
Validation loss decreased (0.732409 --> 0.712407).  Saving model ...
Updating learning rate to 0.0008100000000000001
Epoch: 3 cost time: 16.807666301727295
Epoch: 3, Steps: 66 | Train Loss: 1.2876067 Vali Loss: 0.7108545
Validation loss decreased (0.712407 --> 0.710854).  Saving model ...
Updating learning rate to 0.0007290000000000002
Epoch: 4 cost time: 16.80124306678772
Epoch: 4, Steps: 66 | Train Loss: 1.2588992 Vali Loss: 0.7012345
Validation loss decreased (0.710854 --> 0.701234).  Saving model ...
Updating learning rate to 0.0006561000000000001
Epoch: 5 cost time: 16.836591482162476
Epoch: 5, Steps: 66 | Train Loss: 1.2313042 Vali Loss: 0.7103195
EarlyStopping counter: 1 out of 3
Updating learning rate to 0.00059049
Epoch: 6 cost time: 16.894372701644897
Epoch: 6, Steps: 66 | Train Loss: 1.2027994 Vali Loss: 0.6964310
Validation loss decreased (0.701234 --> 0.696431).  Saving model ...
Updating learning rate to 0.000531441
Epoch: 7 cost time: 16.923852920532227
Epoch: 7, Steps: 66 | Train Loss: 1.1753897 Vali Loss: 0.7217804
EarlyStopping counter: 1 out of 3
Updating learning rate to 0.0004782969000000001
Epoch: 8 cost time: 16.861061811447144
Epoch: 8, Steps: 66 | Train Loss: 1.1502799 Vali Loss: 0.7265342
EarlyStopping counter: 2 out of 3
Updating learning rate to 0.0004304672100000001
Epoch: 9 cost time: 16.900487899780273
Epoch: 9, Steps: 66 | Train Loss: 1.1253905 Vali Loss: 0.7305264
EarlyStopping counter: 3 out of 3
Early stopping
>>>>>>>testing : weather_96_720_iInformer_custom_M_ft96_sl48_ll720_pl512_dm8_nh2_el1_dl2048_df1_fctimeF_ebTrue_dtExp_projection_trk4_tsk2_0<<<<<<<<<<<<<<<<<<<<<<<<<<<<<<<<<
test 9100
test shape: (9100, 1, 1440, 21) (9100, 1, 1440, 21)
test shape: (9100, 1440, 21) (9100, 1440, 21)
prediction length: 720, mse:0.3227695822715759, mae:0.33519411087036133
prediction length: 1440, mse:0.4027901887893677, mae:0.3817501664161682
Args in experiment:
Namespace(is_training=1, model_id='weather_96_720', model='iInformer', data='custom', root_path='./dataset/weather/', data_path='weather.csv', features='M', target='OT', freq='h', checkpoints='./checkpoints/', seq_len=96, label_len=48, pred_len=720, training_k=4, test_k=2, beta=0.1, gamma=0.5, enc_in=21, dec_in=21, c_out=21, d_model=512, n_heads=8, e_layers=2, d_layers=1, d_ff=2048, moving_avg=25, factor=1, distil=True, dropout=0.1, embed='timeF', activation='gelu', output_attention=False, do_predict=False, num_workers=10, itr=2, train_epochs=30, batch_size=512, patience=3, learning_rate=0.001, des='Exp', loss='MSE', lradj='type1', use_amp=False, use_gpu=True, gpu=0, use_multi_gpu=False, devices='0,1,2,3', exp_name='MTSF', channel_independence=False, inverse=False, class_strategy='projection', target_root_path='./data/electricity/', target_data_path='electricity.csv', efficient_training=False, use_norm=True, partial_start_index=0)
Use GPU: cuda:0
>>>>>>>start training : weather_96_720_iInformer_custom_M_ft96_sl48_ll720_pl512_dm8_nh2_el1_dl2048_df1_fctimeF_ebTrue_dtExp_projection_trk4_tsk2_0>>>>>>>>>>>>>>>>>>>>>>>>>>
train 33912
val 4551
test 9820
Epoch: 1 cost time: 17.018542766571045
Epoch: 1, Steps: 66 | Train Loss: 1.4042305 Vali Loss: 0.7359447
Validation loss decreased (inf --> 0.735945).  Saving model ...
Updating learning rate to 0.0009000000000000001
Epoch: 2 cost time: 16.704058170318604
Epoch: 2, Steps: 66 | Train Loss: 1.3115834 Vali Loss: 0.7113465
Validation loss decreased (0.735945 --> 0.711347).  Saving model ...
Updating learning rate to 0.0008100000000000001
Epoch: 3 cost time: 16.811192274093628
Epoch: 3, Steps: 66 | Train Loss: 1.2798382 Vali Loss: 0.7169893
EarlyStopping counter: 1 out of 3
Updating learning rate to 0.0007290000000000002
Epoch: 4 cost time: 16.62932515144348
Epoch: 4, Steps: 66 | Train Loss: 1.2486663 Vali Loss: 0.7055820
Validation loss decreased (0.711347 --> 0.705582).  Saving model ...
Updating learning rate to 0.0006561000000000001
Epoch: 5 cost time: 16.963812112808228
Epoch: 5, Steps: 66 | Train Loss: 1.2174616 Vali Loss: 0.7076945
EarlyStopping counter: 1 out of 3
Updating learning rate to 0.00059049
Epoch: 6 cost time: 16.861163854599
Epoch: 6, Steps: 66 | Train Loss: 1.1908487 Vali Loss: 0.7132756
EarlyStopping counter: 2 out of 3
Updating learning rate to 0.000531441
Epoch: 7 cost time: 16.88332986831665
Epoch: 7, Steps: 66 | Train Loss: 1.1686568 Vali Loss: 0.7210999
EarlyStopping counter: 3 out of 3
Early stopping
>>>>>>>testing : weather_96_720_iInformer_custom_M_ft96_sl48_ll720_pl512_dm8_nh2_el1_dl2048_df1_fctimeF_ebTrue_dtExp_projection_trk4_tsk2_0<<<<<<<<<<<<<<<<<<<<<<<<<<<<<<<<<
test 9100
test shape: (9100, 1, 1440, 21) (9100, 1, 1440, 21)
test shape: (9100, 1440, 21) (9100, 1440, 21)
prediction length: 720, mse:0.3272683322429657, mae:0.33928483724594116
prediction length: 1440, mse:0.40699145197868347, mae:0.3852553963661194
Use GPU: cuda:0
>>>>>>>start training : weather_96_720_iInformer_custom_M_ft96_sl48_ll720_pl512_dm8_nh2_el1_dl2048_df1_fctimeF_ebTrue_dtExp_projection_trk4_tsk2_1>>>>>>>>>>>>>>>>>>>>>>>>>>
train 33912
val 4551
test 9820
Epoch: 1 cost time: 16.2968327999115
Epoch: 1, Steps: 66 | Train Loss: 1.3994953 Vali Loss: 0.7237591
Validation loss decreased (inf --> 0.723759).  Saving model ...
Updating learning rate to 0.0009000000000000001
Epoch: 2 cost time: 16.33450484275818
Epoch: 2, Steps: 66 | Train Loss: 1.3188806 Vali Loss: 0.7125852
Validation loss decreased (0.723759 --> 0.712585).  Saving model ...
Updating learning rate to 0.0008100000000000001
Epoch: 3 cost time: 16.451648712158203
Epoch: 3, Steps: 66 | Train Loss: 1.2856802 Vali Loss: 0.7108535
Validation loss decreased (0.712585 --> 0.710853).  Saving model ...
Updating learning rate to 0.0007290000000000002
Epoch: 4 cost time: 16.518791675567627
Epoch: 4, Steps: 66 | Train Loss: 1.2559810 Vali Loss: 0.7091967
Validation loss decreased (0.710853 --> 0.709197).  Saving model ...
Updating learning rate to 0.0006561000000000001
Epoch: 5 cost time: 16.510719299316406
Epoch: 5, Steps: 66 | Train Loss: 1.2282795 Vali Loss: 0.7050167
Validation loss decreased (0.709197 --> 0.705017).  Saving model ...
Updating learning rate to 0.00059049
Epoch: 6 cost time: 16.51285719871521
Epoch: 6, Steps: 66 | Train Loss: 1.2017469 Vali Loss: 0.7256598
EarlyStopping counter: 1 out of 3
Updating learning rate to 0.000531441
Epoch: 7 cost time: 16.512443780899048
Epoch: 7, Steps: 66 | Train Loss: 1.1733978 Vali Loss: 0.7341238
EarlyStopping counter: 2 out of 3
Updating learning rate to 0.0004782969000000001
Epoch: 8 cost time: 16.509326934814453
Epoch: 8, Steps: 66 | Train Loss: 1.1502948 Vali Loss: 0.7311793
EarlyStopping counter: 3 out of 3
Early stopping
>>>>>>>testing : weather_96_720_iInformer_custom_M_ft96_sl48_ll720_pl512_dm8_nh2_el1_dl2048_df1_fctimeF_ebTrue_dtExp_projection_trk4_tsk2_1<<<<<<<<<<<<<<<<<<<<<<<<<<<<<<<<<
test 9100
test shape: (9100, 1, 1440, 21) (9100, 1, 1440, 21)
test shape: (9100, 1440, 21) (9100, 1440, 21)
prediction length: 720, mse:0.32792896032333374, mae:0.33915239572525024
prediction length: 1440, mse:0.40750956535339355, mae:0.3846149146556854
Args in experiment:
Namespace(is_training=1, model_id='weather_96_720', model='iInformer', data='custom', root_path='./dataset/weather/', data_path='weather.csv', features='M', target='OT', freq='h', checkpoints='./checkpoints/', seq_len=96, label_len=48, pred_len=720, training_k=4, test_k=2, beta=0.1, gamma=0.5, enc_in=21, dec_in=21, c_out=21, d_model=512, n_heads=8, e_layers=2, d_layers=1, d_ff=2048, moving_avg=25, factor=1, distil=True, dropout=0.1, embed='timeF', activation='gelu', output_attention=False, do_predict=False, num_workers=10, itr=3, train_epochs=30, batch_size=512, patience=3, learning_rate=0.001, des='Exp', loss='MSE', lradj='type1', use_amp=False, use_gpu=True, gpu=0, use_multi_gpu=False, devices='0,1,2,3', exp_name='MTSF', channel_independence=False, inverse=False, class_strategy='projection', target_root_path='./data/electricity/', target_data_path='electricity.csv', efficient_training=False, use_norm=True, partial_start_index=0)
Use GPU: cuda:0
>>>>>>>start training : weather_96_720_iInformer_custom_M_ft96_sl48_ll720_pl512_dm8_nh2_el1_dl2048_df1_fctimeF_ebTrue_dtExp_projection_trk4_tsk2_0>>>>>>>>>>>>>>>>>>>>>>>>>>
train 33912
val 4551
test 9820
Epoch: 1 cost time: 16.84860134124756
Epoch: 1, Steps: 66 | Train Loss: 1.4062892 Vali Loss: 0.7317712
Validation loss decreased (inf --> 0.731771).  Saving model ...
Updating learning rate to 0.0009000000000000001
Epoch: 2 cost time: 16.56947922706604
Epoch: 2, Steps: 66 | Train Loss: 1.3190553 Vali Loss: 0.7127931
Validation loss decreased (0.731771 --> 0.712793).  Saving model ...
Updating learning rate to 0.0008100000000000001
Epoch: 3 cost time: 16.821499347686768
Epoch: 3, Steps: 66 | Train Loss: 1.2821108 Vali Loss: 0.7060984
Validation loss decreased (0.712793 --> 0.706098).  Saving model ...
Updating learning rate to 0.0007290000000000002
Epoch: 4 cost time: 16.77155828475952
Epoch: 4, Steps: 66 | Train Loss: 1.2550476 Vali Loss: 0.7132182
EarlyStopping counter: 1 out of 3
Updating learning rate to 0.0006561000000000001
Epoch: 5 cost time: 16.709992170333862
Epoch: 5, Steps: 66 | Train Loss: 1.2266812 Vali Loss: 0.7154320
EarlyStopping counter: 2 out of 3
Updating learning rate to 0.00059049
Epoch: 6 cost time: 16.939117670059204
Epoch: 6, Steps: 66 | Train Loss: 1.1985382 Vali Loss: 0.7166643
EarlyStopping counter: 3 out of 3
Early stopping
>>>>>>>testing : weather_96_720_iInformer_custom_M_ft96_sl48_ll720_pl512_dm8_nh2_el1_dl2048_df1_fctimeF_ebTrue_dtExp_projection_trk4_tsk2_0<<<<<<<<<<<<<<<<<<<<<<<<<<<<<<<<<
test 9100
test shape: (9100, 1, 1440, 21) (9100, 1, 1440, 21)
test shape: (9100, 1440, 21) (9100, 1440, 21)
prediction length: 720, mse:0.32472842931747437, mae:0.3362330496311188
prediction length: 1440, mse:0.40722131729125977, mae:0.38349777460098267
Use GPU: cuda:0
>>>>>>>start training : weather_96_720_iInformer_custom_M_ft96_sl48_ll720_pl512_dm8_nh2_el1_dl2048_df1_fctimeF_ebTrue_dtExp_projection_trk4_tsk2_1>>>>>>>>>>>>>>>>>>>>>>>>>>
train 33912
val 4551
test 9820
Epoch: 1 cost time: 16.346434116363525
Epoch: 1, Steps: 66 | Train Loss: 1.4025049 Vali Loss: 0.7341344
Validation loss decreased (inf --> 0.734134).  Saving model ...
Updating learning rate to 0.0009000000000000001
Epoch: 2 cost time: 16.244199514389038
Epoch: 2, Steps: 66 | Train Loss: 1.3181422 Vali Loss: 0.7235295
Validation loss decreased (0.734134 --> 0.723530).  Saving model ...
Updating learning rate to 0.0008100000000000001
Epoch: 3 cost time: 16.411139726638794
Epoch: 3, Steps: 66 | Train Loss: 1.2818481 Vali Loss: 0.7124375
Validation loss decreased (0.723530 --> 0.712438).  Saving model ...
Updating learning rate to 0.0007290000000000002
Epoch: 4 cost time: 16.476438760757446
Epoch: 4, Steps: 66 | Train Loss: 1.2520028 Vali Loss: 0.7252935
EarlyStopping counter: 1 out of 3
Updating learning rate to 0.0006561000000000001
Epoch: 5 cost time: 16.440813302993774
Epoch: 5, Steps: 66 | Train Loss: 1.2242820 Vali Loss: 0.7187395
EarlyStopping counter: 2 out of 3
Updating learning rate to 0.00059049
Epoch: 6 cost time: 16.512901067733765
Epoch: 6, Steps: 66 | Train Loss: 1.1948498 Vali Loss: 0.7310106
EarlyStopping counter: 3 out of 3
Early stopping
>>>>>>>testing : weather_96_720_iInformer_custom_M_ft96_sl48_ll720_pl512_dm8_nh2_el1_dl2048_df1_fctimeF_ebTrue_dtExp_projection_trk4_tsk2_1<<<<<<<<<<<<<<<<<<<<<<<<<<<<<<<<<
test 9100
test shape: (9100, 1, 1440, 21) (9100, 1, 1440, 21)
test shape: (9100, 1440, 21) (9100, 1440, 21)
prediction length: 720, mse:0.32506513595581055, mae:0.3383386433124542
prediction length: 1440, mse:0.40721002221107483, mae:0.38605204224586487
Use GPU: cuda:0
>>>>>>>start training : weather_96_720_iInformer_custom_M_ft96_sl48_ll720_pl512_dm8_nh2_el1_dl2048_df1_fctimeF_ebTrue_dtExp_projection_trk4_tsk2_2>>>>>>>>>>>>>>>>>>>>>>>>>>
train 33912
val 4551
test 9820
Epoch: 1 cost time: 16.21360468864441
Epoch: 1, Steps: 66 | Train Loss: 1.4030165 Vali Loss: 0.7295851
Validation loss decreased (inf --> 0.729585).  Saving model ...
Updating learning rate to 0.0009000000000000001
Epoch: 2 cost time: 16.384811878204346
Epoch: 2, Steps: 66 | Train Loss: 1.3187614 Vali Loss: 0.7119558
Validation loss decreased (0.729585 --> 0.711956).  Saving model ...
Updating learning rate to 0.0008100000000000001
Epoch: 3 cost time: 16.42056441307068
Epoch: 3, Steps: 66 | Train Loss: 1.2822655 Vali Loss: 0.7043917
Validation loss decreased (0.711956 --> 0.704392).  Saving model ...
Updating learning rate to 0.0007290000000000002
Epoch: 4 cost time: 16.49387001991272
Epoch: 4, Steps: 66 | Train Loss: 1.2533446 Vali Loss: 0.7073081
EarlyStopping counter: 1 out of 3
Updating learning rate to 0.0006561000000000001
Epoch: 5 cost time: 16.456705808639526
Epoch: 5, Steps: 66 | Train Loss: 1.2244532 Vali Loss: 0.7219434
EarlyStopping counter: 2 out of 3
Updating learning rate to 0.00059049
Epoch: 6 cost time: 16.442917585372925
Epoch: 6, Steps: 66 | Train Loss: 1.1969860 Vali Loss: 0.7219898
EarlyStopping counter: 3 out of 3
Early stopping
>>>>>>>testing : weather_96_720_iInformer_custom_M_ft96_sl48_ll720_pl512_dm8_nh2_el1_dl2048_df1_fctimeF_ebTrue_dtExp_projection_trk4_tsk2_2<<<<<<<<<<<<<<<<<<<<<<<<<<<<<<<<<
test 9100
test shape: (9100, 1, 1440, 21) (9100, 1, 1440, 21)
test shape: (9100, 1440, 21) (9100, 1440, 21)
prediction length: 720, mse:0.3240342140197754, mae:0.33589255809783936
prediction length: 1440, mse:0.40681469440460205, mae:0.38308092951774597
Args in experiment:
Namespace(is_training=1, model_id='weather_96_720', model='iInformer', data='custom', root_path='./dataset/weather/', data_path='weather.csv', features='M', target='OT', freq='h', checkpoints='./checkpoints/', seq_len=96, label_len=48, pred_len=720, training_k=4, test_k=2, beta=0.1, gamma=0.5, enc_in=21, dec_in=21, c_out=21, d_model=512, n_heads=8, e_layers=2, d_layers=1, d_ff=2048, moving_avg=25, factor=1, distil=True, dropout=0.1, embed='timeF', activation='gelu', output_attention=False, do_predict=False, num_workers=10, itr=4, train_epochs=30, batch_size=512, patience=3, learning_rate=0.001, des='Exp', loss='MSE', lradj='type1', use_amp=False, use_gpu=True, gpu=0, use_multi_gpu=False, devices='0,1,2,3', exp_name='MTSF', channel_independence=False, inverse=False, class_strategy='projection', target_root_path='./data/electricity/', target_data_path='electricity.csv', efficient_training=False, use_norm=True, partial_start_index=0)
Use GPU: cuda:0
>>>>>>>start training : weather_96_720_iInformer_custom_M_ft96_sl48_ll720_pl512_dm8_nh2_el1_dl2048_df1_fctimeF_ebTrue_dtExp_projection_trk4_tsk2_0>>>>>>>>>>>>>>>>>>>>>>>>>>
train 33912
val 4551
test 9820
Epoch: 1 cost time: 16.985445022583008
Epoch: 1, Steps: 66 | Train Loss: 1.4053378 Vali Loss: 0.7429497
Validation loss decreased (inf --> 0.742950).  Saving model ...
Updating learning rate to 0.0009000000000000001
Epoch: 2 cost time: 16.57039785385132
Epoch: 2, Steps: 66 | Train Loss: 1.3163911 Vali Loss: 0.7242292
Validation loss decreased (0.742950 --> 0.724229).  Saving model ...
Updating learning rate to 0.0008100000000000001
Epoch: 3 cost time: 16.79953384399414
Epoch: 3, Steps: 66 | Train Loss: 1.2831366 Vali Loss: 0.7163143
Validation loss decreased (0.724229 --> 0.716314).  Saving model ...
Updating learning rate to 0.0007290000000000002
Epoch: 4 cost time: 16.940019607543945
Epoch: 4, Steps: 66 | Train Loss: 1.2582312 Vali Loss: 0.7077825
Validation loss decreased (0.716314 --> 0.707783).  Saving model ...
Updating learning rate to 0.0006561000000000001
Epoch: 5 cost time: 16.884278774261475
Epoch: 5, Steps: 66 | Train Loss: 1.2265955 Vali Loss: 0.7117945
EarlyStopping counter: 1 out of 3
Updating learning rate to 0.00059049
Epoch: 6 cost time: 16.865890741348267
Epoch: 6, Steps: 66 | Train Loss: 1.2035191 Vali Loss: 0.7099750
EarlyStopping counter: 2 out of 3
Updating learning rate to 0.000531441
Epoch: 7 cost time: 16.802523851394653
Epoch: 7, Steps: 66 | Train Loss: 1.1737609 Vali Loss: 0.7081786
EarlyStopping counter: 3 out of 3
Early stopping
>>>>>>>testing : weather_96_720_iInformer_custom_M_ft96_sl48_ll720_pl512_dm8_nh2_el1_dl2048_df1_fctimeF_ebTrue_dtExp_projection_trk4_tsk2_0<<<<<<<<<<<<<<<<<<<<<<<<<<<<<<<<<
test 9100
test shape: (9100, 1, 1440, 21) (9100, 1, 1440, 21)
test shape: (9100, 1440, 21) (9100, 1440, 21)
prediction length: 720, mse:0.3235217034816742, mae:0.33739781379699707
prediction length: 1440, mse:0.4037909209728241, mae:0.38350340723991394
Use GPU: cuda:0
>>>>>>>start training : weather_96_720_iInformer_custom_M_ft96_sl48_ll720_pl512_dm8_nh2_el1_dl2048_df1_fctimeF_ebTrue_dtExp_projection_trk4_tsk2_1>>>>>>>>>>>>>>>>>>>>>>>>>>
train 33912
val 4551
test 9820
Epoch: 1 cost time: 16.400383710861206
Epoch: 1, Steps: 66 | Train Loss: 1.4082449 Vali Loss: 0.7201390
Validation loss decreased (inf --> 0.720139).  Saving model ...
Updating learning rate to 0.0009000000000000001
Epoch: 2 cost time: 16.376595973968506
Epoch: 2, Steps: 66 | Train Loss: 1.3198880 Vali Loss: 0.7194414
Validation loss decreased (0.720139 --> 0.719441).  Saving model ...
Updating learning rate to 0.0008100000000000001
Epoch: 3 cost time: 16.401402235031128
Epoch: 3, Steps: 66 | Train Loss: 1.2853598 Vali Loss: 0.7144691
Validation loss decreased (0.719441 --> 0.714469).  Saving model ...
Updating learning rate to 0.0007290000000000002
Epoch: 4 cost time: 16.46468234062195
Epoch: 4, Steps: 66 | Train Loss: 1.2557344 Vali Loss: 0.7172698
EarlyStopping counter: 1 out of 3
Updating learning rate to 0.0006561000000000001
Epoch: 5 cost time: 16.461442708969116
Epoch: 5, Steps: 66 | Train Loss: 1.2280026 Vali Loss: 0.7099501
Validation loss decreased (0.714469 --> 0.709950).  Saving model ...
Updating learning rate to 0.00059049
Epoch: 6 cost time: 16.49178981781006
Epoch: 6, Steps: 66 | Train Loss: 1.1998458 Vali Loss: 0.7110014
EarlyStopping counter: 1 out of 3
Updating learning rate to 0.000531441
Epoch: 7 cost time: 16.415854692459106
Epoch: 7, Steps: 66 | Train Loss: 1.1776953 Vali Loss: 0.7248254
EarlyStopping counter: 2 out of 3
Updating learning rate to 0.0004782969000000001
Epoch: 8 cost time: 16.45903253555298
Epoch: 8, Steps: 66 | Train Loss: 1.1504702 Vali Loss: 0.7160028
EarlyStopping counter: 3 out of 3
Early stopping
>>>>>>>testing : weather_96_720_iInformer_custom_M_ft96_sl48_ll720_pl512_dm8_nh2_el1_dl2048_df1_fctimeF_ebTrue_dtExp_projection_trk4_tsk2_1<<<<<<<<<<<<<<<<<<<<<<<<<<<<<<<<<
test 9100
test shape: (9100, 1, 1440, 21) (9100, 1, 1440, 21)
test shape: (9100, 1440, 21) (9100, 1440, 21)
prediction length: 720, mse:0.3308910131454468, mae:0.3407061994075775
prediction length: 1440, mse:0.4104457199573517, mae:0.38605207204818726
Use GPU: cuda:0
>>>>>>>start training : weather_96_720_iInformer_custom_M_ft96_sl48_ll720_pl512_dm8_nh2_el1_dl2048_df1_fctimeF_ebTrue_dtExp_projection_trk4_tsk2_2>>>>>>>>>>>>>>>>>>>>>>>>>>
train 33912
val 4551
test 9820
Epoch: 1 cost time: 16.38695192337036
Epoch: 1, Steps: 66 | Train Loss: 1.4061468 Vali Loss: 0.7366648
Validation loss decreased (inf --> 0.736665).  Saving model ...
Updating learning rate to 0.0009000000000000001
Epoch: 2 cost time: 16.353955507278442
Epoch: 2, Steps: 66 | Train Loss: 1.3137683 Vali Loss: 0.7145679
Validation loss decreased (0.736665 --> 0.714568).  Saving model ...
Updating learning rate to 0.0008100000000000001
Epoch: 3 cost time: 16.399333477020264
Epoch: 3, Steps: 66 | Train Loss: 1.2855664 Vali Loss: 0.7072625
Validation loss decreased (0.714568 --> 0.707262).  Saving model ...
Updating learning rate to 0.0007290000000000002
Epoch: 4 cost time: 16.428894519805908
Epoch: 4, Steps: 66 | Train Loss: 1.2517448 Vali Loss: 0.7094207
EarlyStopping counter: 1 out of 3
Updating learning rate to 0.0006561000000000001
Epoch: 5 cost time: 16.478772163391113
Epoch: 5, Steps: 66 | Train Loss: 1.2233539 Vali Loss: 0.7330863
EarlyStopping counter: 2 out of 3
Updating learning rate to 0.00059049
Epoch: 6 cost time: 16.422410488128662
Epoch: 6, Steps: 66 | Train Loss: 1.2036000 Vali Loss: 0.7150908
EarlyStopping counter: 3 out of 3
Early stopping
>>>>>>>testing : weather_96_720_iInformer_custom_M_ft96_sl48_ll720_pl512_dm8_nh2_el1_dl2048_df1_fctimeF_ebTrue_dtExp_projection_trk4_tsk2_2<<<<<<<<<<<<<<<<<<<<<<<<<<<<<<<<<
test 9100
test shape: (9100, 1, 1440, 21) (9100, 1, 1440, 21)
test shape: (9100, 1440, 21) (9100, 1440, 21)
prediction length: 720, mse:0.3243875205516815, mae:0.3362042009830475
prediction length: 1440, mse:0.40662524104118347, mae:0.3838205337524414
Use GPU: cuda:0
>>>>>>>start training : weather_96_720_iInformer_custom_M_ft96_sl48_ll720_pl512_dm8_nh2_el1_dl2048_df1_fctimeF_ebTrue_dtExp_projection_trk4_tsk2_3>>>>>>>>>>>>>>>>>>>>>>>>>>
train 33912
val 4551
test 9820
Epoch: 1 cost time: 16.35144877433777
Epoch: 1, Steps: 66 | Train Loss: 1.4055909 Vali Loss: 0.7368568
Validation loss decreased (inf --> 0.736857).  Saving model ...
Updating learning rate to 0.0009000000000000001
Epoch: 2 cost time: 16.42378807067871
Epoch: 2, Steps: 66 | Train Loss: 1.3173621 Vali Loss: 0.7076498
Validation loss decreased (0.736857 --> 0.707650).  Saving model ...
Updating learning rate to 0.0008100000000000001
Epoch: 3 cost time: 16.365474939346313
Epoch: 3, Steps: 66 | Train Loss: 1.2842554 Vali Loss: 0.7164756
EarlyStopping counter: 1 out of 3
Updating learning rate to 0.0007290000000000002
Epoch: 4 cost time: 16.475844621658325
Epoch: 4, Steps: 66 | Train Loss: 1.2583802 Vali Loss: 0.7193688
EarlyStopping counter: 2 out of 3
Updating learning rate to 0.0006561000000000001
Epoch: 5 cost time: 16.565181493759155
Epoch: 5, Steps: 66 | Train Loss: 1.2260356 Vali Loss: 0.7122926
EarlyStopping counter: 3 out of 3
Early stopping
>>>>>>>testing : weather_96_720_iInformer_custom_M_ft96_sl48_ll720_pl512_dm8_nh2_el1_dl2048_df1_fctimeF_ebTrue_dtExp_projection_trk4_tsk2_3<<<<<<<<<<<<<<<<<<<<<<<<<<<<<<<<<
test 9100
test shape: (9100, 1, 1440, 21) (9100, 1, 1440, 21)
test shape: (9100, 1440, 21) (9100, 1440, 21)
prediction length: 720, mse:0.32504045963287354, mae:0.3357451260089874
prediction length: 1440, mse:0.4097692370414734, mae:0.38494396209716797
Args in experiment:
Namespace(is_training=1, model_id='weather_96_720', model='iInformer', data='custom', root_path='./dataset/weather/', data_path='weather.csv', features='M', target='OT', freq='h', checkpoints='./checkpoints/', seq_len=96, label_len=48, pred_len=720, training_k=4, test_k=2, beta=0.1, gamma=0.5, enc_in=21, dec_in=21, c_out=21, d_model=512, n_heads=8, e_layers=2, d_layers=1, d_ff=2048, moving_avg=25, factor=1, distil=True, dropout=0.1, embed='timeF', activation='gelu', output_attention=False, do_predict=False, num_workers=10, itr=5, train_epochs=30, batch_size=512, patience=3, learning_rate=0.001, des='Exp', loss='MSE', lradj='type1', use_amp=False, use_gpu=True, gpu=0, use_multi_gpu=False, devices='0,1,2,3', exp_name='MTSF', channel_independence=False, inverse=False, class_strategy='projection', target_root_path='./data/electricity/', target_data_path='electricity.csv', efficient_training=False, use_norm=True, partial_start_index=0)
Use GPU: cuda:0
>>>>>>>start training : weather_96_720_iInformer_custom_M_ft96_sl48_ll720_pl512_dm8_nh2_el1_dl2048_df1_fctimeF_ebTrue_dtExp_projection_trk4_tsk2_0>>>>>>>>>>>>>>>>>>>>>>>>>>
train 33912
val 4551
test 9820
Epoch: 1 cost time: 16.889314889907837
Epoch: 1, Steps: 66 | Train Loss: 1.4075810 Vali Loss: 0.7253043
Validation loss decreased (inf --> 0.725304).  Saving model ...
Updating learning rate to 0.0009000000000000001
Epoch: 2 cost time: 16.82594347000122
Epoch: 2, Steps: 66 | Train Loss: 1.3176587 Vali Loss: 0.7216638
Validation loss decreased (0.725304 --> 0.721664).  Saving model ...
Updating learning rate to 0.0008100000000000001
Epoch: 3 cost time: 16.804156064987183
Epoch: 3, Steps: 66 | Train Loss: 1.2844761 Vali Loss: 0.7121649
Validation loss decreased (0.721664 --> 0.712165).  Saving model ...
Updating learning rate to 0.0007290000000000002
Epoch: 4 cost time: 16.923617124557495
Epoch: 4, Steps: 66 | Train Loss: 1.2576793 Vali Loss: 0.7161540
EarlyStopping counter: 1 out of 3
Updating learning rate to 0.0006561000000000001
Epoch: 5 cost time: 16.930152654647827
Epoch: 5, Steps: 66 | Train Loss: 1.2278879 Vali Loss: 0.7107322
Validation loss decreased (0.712165 --> 0.710732).  Saving model ...
Updating learning rate to 0.00059049
Epoch: 6 cost time: 16.879892349243164
Epoch: 6, Steps: 66 | Train Loss: 1.1979636 Vali Loss: 0.7226239
EarlyStopping counter: 1 out of 3
Updating learning rate to 0.000531441
Epoch: 7 cost time: 16.8696608543396
Epoch: 7, Steps: 66 | Train Loss: 1.1762628 Vali Loss: 0.7149293
EarlyStopping counter: 2 out of 3
Updating learning rate to 0.0004782969000000001
Epoch: 8 cost time: 16.640320539474487
Epoch: 8, Steps: 66 | Train Loss: 1.1524076 Vali Loss: 0.7340837
EarlyStopping counter: 3 out of 3
Early stopping
>>>>>>>testing : weather_96_720_iInformer_custom_M_ft96_sl48_ll720_pl512_dm8_nh2_el1_dl2048_df1_fctimeF_ebTrue_dtExp_projection_trk4_tsk2_0<<<<<<<<<<<<<<<<<<<<<<<<<<<<<<<<<
test 9100
test shape: (9100, 1, 1440, 21) (9100, 1, 1440, 21)
test shape: (9100, 1440, 21) (9100, 1440, 21)
prediction length: 720, mse:0.33110493421554565, mae:0.34220337867736816
prediction length: 1440, mse:0.4101598262786865, mae:0.38747334480285645
Use GPU: cuda:0
>>>>>>>start training : weather_96_720_iInformer_custom_M_ft96_sl48_ll720_pl512_dm8_nh2_el1_dl2048_df1_fctimeF_ebTrue_dtExp_projection_trk4_tsk2_1>>>>>>>>>>>>>>>>>>>>>>>>>>
train 33912
val 4551
test 9820
Epoch: 1 cost time: 16.28062343597412
Epoch: 1, Steps: 66 | Train Loss: 1.4023028 Vali Loss: 0.7356293
Validation loss decreased (inf --> 0.735629).  Saving model ...
Updating learning rate to 0.0009000000000000001
Epoch: 2 cost time: 16.437203407287598
Epoch: 2, Steps: 66 | Train Loss: 1.3159381 Vali Loss: 0.7091306
Validation loss decreased (0.735629 --> 0.709131).  Saving model ...
Updating learning rate to 0.0008100000000000001
Epoch: 3 cost time: 16.506561756134033
Epoch: 3, Steps: 66 | Train Loss: 1.2846773 Vali Loss: 0.7229710
EarlyStopping counter: 1 out of 3
Updating learning rate to 0.0007290000000000002
Epoch: 4 cost time: 16.430939435958862
Epoch: 4, Steps: 66 | Train Loss: 1.2676867 Vali Loss: 0.7059966
Validation loss decreased (0.709131 --> 0.705997).  Saving model ...
Updating learning rate to 0.0006561000000000001
Epoch: 5 cost time: 16.569629430770874
Epoch: 5, Steps: 66 | Train Loss: 1.2306416 Vali Loss: 0.7118016
EarlyStopping counter: 1 out of 3
Updating learning rate to 0.00059049
Epoch: 6 cost time: 16.487481832504272
Epoch: 6, Steps: 66 | Train Loss: 1.2049586 Vali Loss: 0.7195181
EarlyStopping counter: 2 out of 3
Updating learning rate to 0.000531441
Epoch: 7 cost time: 16.52078413963318
Epoch: 7, Steps: 66 | Train Loss: 1.1806188 Vali Loss: 0.7227055
EarlyStopping counter: 3 out of 3
Early stopping
>>>>>>>testing : weather_96_720_iInformer_custom_M_ft96_sl48_ll720_pl512_dm8_nh2_el1_dl2048_df1_fctimeF_ebTrue_dtExp_projection_trk4_tsk2_1<<<<<<<<<<<<<<<<<<<<<<<<<<<<<<<<<
test 9100
test shape: (9100, 1, 1440, 21) (9100, 1, 1440, 21)
test shape: (9100, 1440, 21) (9100, 1440, 21)
prediction length: 720, mse:0.3244630992412567, mae:0.33705615997314453
prediction length: 1440, mse:0.4059172570705414, mae:0.38422054052352905
Use GPU: cuda:0
>>>>>>>start training : weather_96_720_iInformer_custom_M_ft96_sl48_ll720_pl512_dm8_nh2_el1_dl2048_df1_fctimeF_ebTrue_dtExp_projection_trk4_tsk2_2>>>>>>>>>>>>>>>>>>>>>>>>>>
train 33912
val 4551
test 9820
Epoch: 1 cost time: 16.3672935962677
Epoch: 1, Steps: 66 | Train Loss: 1.4039957 Vali Loss: 0.7361529
Validation loss decreased (inf --> 0.736153).  Saving model ...
Updating learning rate to 0.0009000000000000001
Epoch: 2 cost time: 16.256530284881592
Epoch: 2, Steps: 66 | Train Loss: 1.3187699 Vali Loss: 0.7109596
Validation loss decreased (0.736153 --> 0.710960).  Saving model ...
Updating learning rate to 0.0008100000000000001
Epoch: 3 cost time: 16.378365516662598
Epoch: 3, Steps: 66 | Train Loss: 1.2853718 Vali Loss: 0.7111269
EarlyStopping counter: 1 out of 3
Updating learning rate to 0.0007290000000000002
Epoch: 4 cost time: 16.354295253753662
Epoch: 4, Steps: 66 | Train Loss: 1.2543927 Vali Loss: 0.7109370
Validation loss decreased (0.710960 --> 0.710937).  Saving model ...
Updating learning rate to 0.0006561000000000001
Epoch: 5 cost time: 16.50069284439087
Epoch: 5, Steps: 66 | Train Loss: 1.2260408 Vali Loss: 0.7092546
Validation loss decreased (0.710937 --> 0.709255).  Saving model ...
Updating learning rate to 0.00059049
Epoch: 6 cost time: 16.410674810409546
Epoch: 6, Steps: 66 | Train Loss: 1.2011945 Vali Loss: 0.7200371
EarlyStopping counter: 1 out of 3
Updating learning rate to 0.000531441
Epoch: 7 cost time: 16.470906734466553
Epoch: 7, Steps: 66 | Train Loss: 1.1744617 Vali Loss: 0.7227027
EarlyStopping counter: 2 out of 3
Updating learning rate to 0.0004782969000000001
Epoch: 8 cost time: 16.463783740997314
Epoch: 8, Steps: 66 | Train Loss: 1.1495565 Vali Loss: 0.7361503
EarlyStopping counter: 3 out of 3
Early stopping
>>>>>>>testing : weather_96_720_iInformer_custom_M_ft96_sl48_ll720_pl512_dm8_nh2_el1_dl2048_df1_fctimeF_ebTrue_dtExp_projection_trk4_tsk2_2<<<<<<<<<<<<<<<<<<<<<<<<<<<<<<<<<
test 9100
test shape: (9100, 1, 1440, 21) (9100, 1, 1440, 21)
test shape: (9100, 1440, 21) (9100, 1440, 21)
prediction length: 720, mse:0.3218967914581299, mae:0.3357701599597931
prediction length: 1440, mse:0.4009362459182739, mae:0.38115447759628296
Use GPU: cuda:0
>>>>>>>start training : weather_96_720_iInformer_custom_M_ft96_sl48_ll720_pl512_dm8_nh2_el1_dl2048_df1_fctimeF_ebTrue_dtExp_projection_trk4_tsk2_3>>>>>>>>>>>>>>>>>>>>>>>>>>
train 33912
val 4551
test 9820
Epoch: 1 cost time: 16.185025930404663
Epoch: 1, Steps: 66 | Train Loss: 1.4013647 Vali Loss: 0.7297373
Validation loss decreased (inf --> 0.729737).  Saving model ...
Updating learning rate to 0.0009000000000000001
Epoch: 2 cost time: 16.47239112854004
Epoch: 2, Steps: 66 | Train Loss: 1.3153218 Vali Loss: 0.7138116
Validation loss decreased (0.729737 --> 0.713812).  Saving model ...
Updating learning rate to 0.0008100000000000001
Epoch: 3 cost time: 16.458696365356445
Epoch: 3, Steps: 66 | Train Loss: 1.2810148 Vali Loss: 0.7088165
Validation loss decreased (0.713812 --> 0.708817).  Saving model ...
Updating learning rate to 0.0007290000000000002
Epoch: 4 cost time: 16.535168170928955
Epoch: 4, Steps: 66 | Train Loss: 1.2536105 Vali Loss: 0.7122713
EarlyStopping counter: 1 out of 3
Updating learning rate to 0.0006561000000000001
Epoch: 5 cost time: 16.55372953414917
Epoch: 5, Steps: 66 | Train Loss: 1.2399054 Vali Loss: 0.7048422
Validation loss decreased (0.708817 --> 0.704842).  Saving model ...
Updating learning rate to 0.00059049
Epoch: 6 cost time: 16.49428677558899
Epoch: 6, Steps: 66 | Train Loss: 1.2281928 Vali Loss: 0.7099916
EarlyStopping counter: 1 out of 3
Updating learning rate to 0.000531441
Epoch: 7 cost time: 16.486117839813232
Epoch: 7, Steps: 66 | Train Loss: 1.1926873 Vali Loss: 0.7111158
EarlyStopping counter: 2 out of 3
Updating learning rate to 0.0004782969000000001
Epoch: 8 cost time: 16.476035356521606
Epoch: 8, Steps: 66 | Train Loss: 1.1640836 Vali Loss: 0.7151924
EarlyStopping counter: 3 out of 3
Early stopping
>>>>>>>testing : weather_96_720_iInformer_custom_M_ft96_sl48_ll720_pl512_dm8_nh2_el1_dl2048_df1_fctimeF_ebTrue_dtExp_projection_trk4_tsk2_3<<<<<<<<<<<<<<<<<<<<<<<<<<<<<<<<<
test 9100
test shape: (9100, 1, 1440, 21) (9100, 1, 1440, 21)
test shape: (9100, 1440, 21) (9100, 1440, 21)
prediction length: 720, mse:0.32675424218177795, mae:0.33855435252189636
prediction length: 1440, mse:0.4082305431365967, mae:0.3855743110179901
Use GPU: cuda:0
>>>>>>>start training : weather_96_720_iInformer_custom_M_ft96_sl48_ll720_pl512_dm8_nh2_el1_dl2048_df1_fctimeF_ebTrue_dtExp_projection_trk4_tsk2_4>>>>>>>>>>>>>>>>>>>>>>>>>>
train 33912
val 4551
test 9820
Epoch: 1 cost time: 16.311793565750122
Epoch: 1, Steps: 66 | Train Loss: 1.4037277 Vali Loss: 0.7386241
Validation loss decreased (inf --> 0.738624).  Saving model ...
Updating learning rate to 0.0009000000000000001
Epoch: 2 cost time: 16.40912365913391
Epoch: 2, Steps: 66 | Train Loss: 1.3147406 Vali Loss: 0.7059877
Validation loss decreased (0.738624 --> 0.705988).  Saving model ...
Updating learning rate to 0.0008100000000000001
Epoch: 3 cost time: 16.48832941055298
Epoch: 3, Steps: 66 | Train Loss: 1.2822341 Vali Loss: 0.7053357
Validation loss decreased (0.705988 --> 0.705336).  Saving model ...
Updating learning rate to 0.0007290000000000002
Epoch: 4 cost time: 16.47219967842102
Epoch: 4, Steps: 66 | Train Loss: 1.2551657 Vali Loss: 0.7126792
EarlyStopping counter: 1 out of 3
Updating learning rate to 0.0006561000000000001
Epoch: 5 cost time: 16.37943720817566
Epoch: 5, Steps: 66 | Train Loss: 1.2297641 Vali Loss: 0.7263812
EarlyStopping counter: 2 out of 3
Updating learning rate to 0.00059049
Epoch: 6 cost time: 16.460496425628662
Epoch: 6, Steps: 66 | Train Loss: 1.2010828 Vali Loss: 0.7120482
EarlyStopping counter: 3 out of 3
Early stopping
>>>>>>>testing : weather_96_720_iInformer_custom_M_ft96_sl48_ll720_pl512_dm8_nh2_el1_dl2048_df1_fctimeF_ebTrue_dtExp_projection_trk4_tsk2_4<<<<<<<<<<<<<<<<<<<<<<<<<<<<<<<<<
test 9100
test shape: (9100, 1, 1440, 21) (9100, 1, 1440, 21)
test shape: (9100, 1440, 21) (9100, 1440, 21)
prediction length: 720, mse:0.3199765682220459, mae:0.3333292603492737
prediction length: 1440, mse:0.4019112288951874, mae:0.3808210492134094
Args in experiment:
Namespace(is_training=1, model_id='weather_96_720', model='iFlowformer', data='custom', root_path='./dataset/weather/', data_path='weather.csv', features='M', target='OT', freq='h', checkpoints='./checkpoints/', seq_len=96, label_len=48, pred_len=720, training_k=4, test_k=2, beta=0.1, gamma=0.5, enc_in=21, dec_in=21, c_out=21, d_model=512, n_heads=8, e_layers=2, d_layers=1, d_ff=2048, moving_avg=25, factor=1, distil=True, dropout=0.1, embed='timeF', activation='gelu', output_attention=False, do_predict=False, num_workers=10, itr=1, train_epochs=30, batch_size=512, patience=3, learning_rate=0.001, des='Exp', loss='MSE', lradj='type1', use_amp=False, use_gpu=True, gpu=0, use_multi_gpu=False, devices='0,1,2,3', exp_name='MTSF', channel_independence=False, inverse=False, class_strategy='projection', target_root_path='./data/electricity/', target_data_path='electricity.csv', efficient_training=False, use_norm=True, partial_start_index=0)
Use GPU: cuda:0
>>>>>>>start training : weather_96_720_iFlowformer_custom_M_ft96_sl48_ll720_pl512_dm8_nh2_el1_dl2048_df1_fctimeF_ebTrue_dtExp_projection_trk4_tsk2_0>>>>>>>>>>>>>>>>>>>>>>>>>>
train 33912
val 4551
test 9820
Epoch: 1 cost time: 17.404566526412964
Epoch: 1, Steps: 66 | Train Loss: 1.4783619 Vali Loss: 0.7641533
Validation loss decreased (inf --> 0.764153).  Saving model ...
Updating learning rate to 0.0009000000000000001
Epoch: 2 cost time: 17.243754863739014
Epoch: 2, Steps: 66 | Train Loss: 1.3885439 Vali Loss: 0.7485780
Validation loss decreased (0.764153 --> 0.748578).  Saving model ...
Updating learning rate to 0.0008100000000000001
Epoch: 3 cost time: 17.385415077209473
Epoch: 3, Steps: 66 | Train Loss: 1.3617524 Vali Loss: 0.7372707
Validation loss decreased (0.748578 --> 0.737271).  Saving model ...
Updating learning rate to 0.0007290000000000002
Epoch: 4 cost time: 17.268936157226562
Epoch: 4, Steps: 66 | Train Loss: 1.3338840 Vali Loss: 0.7245530
Validation loss decreased (0.737271 --> 0.724553).  Saving model ...
Updating learning rate to 0.0006561000000000001
Epoch: 5 cost time: 17.414204597473145
Epoch: 5, Steps: 66 | Train Loss: 1.3107134 Vali Loss: 0.7388666
EarlyStopping counter: 1 out of 3
Updating learning rate to 0.00059049
Epoch: 6 cost time: 17.4116370677948
Epoch: 6, Steps: 66 | Train Loss: 1.2839199 Vali Loss: 0.7385303
EarlyStopping counter: 2 out of 3
Updating learning rate to 0.000531441
Epoch: 7 cost time: 17.45157551765442
Epoch: 7, Steps: 66 | Train Loss: 1.2587102 Vali Loss: 0.7262151
EarlyStopping counter: 3 out of 3
Early stopping
>>>>>>>testing : weather_96_720_iFlowformer_custom_M_ft96_sl48_ll720_pl512_dm8_nh2_el1_dl2048_df1_fctimeF_ebTrue_dtExp_projection_trk4_tsk2_0<<<<<<<<<<<<<<<<<<<<<<<<<<<<<<<<<
test 9100
test shape: (9100, 1, 1440, 21) (9100, 1, 1440, 21)
test shape: (9100, 1440, 21) (9100, 1440, 21)
prediction length: 720, mse:0.3258340060710907, mae:0.33578166365623474
prediction length: 1440, mse:0.41197144985198975, mae:0.38570621609687805
Args in experiment:
Namespace(is_training=1, model_id='weather_96_720', model='iFlowformer', data='custom', root_path='./dataset/weather/', data_path='weather.csv', features='M', target='OT', freq='h', checkpoints='./checkpoints/', seq_len=96, label_len=48, pred_len=720, training_k=4, test_k=2, beta=0.1, gamma=0.5, enc_in=21, dec_in=21, c_out=21, d_model=512, n_heads=8, e_layers=2, d_layers=1, d_ff=2048, moving_avg=25, factor=1, distil=True, dropout=0.1, embed='timeF', activation='gelu', output_attention=False, do_predict=False, num_workers=10, itr=2, train_epochs=30, batch_size=512, patience=3, learning_rate=0.001, des='Exp', loss='MSE', lradj='type1', use_amp=False, use_gpu=True, gpu=0, use_multi_gpu=False, devices='0,1,2,3', exp_name='MTSF', channel_independence=False, inverse=False, class_strategy='projection', target_root_path='./data/electricity/', target_data_path='electricity.csv', efficient_training=False, use_norm=True, partial_start_index=0)
Use GPU: cuda:0
>>>>>>>start training : weather_96_720_iFlowformer_custom_M_ft96_sl48_ll720_pl512_dm8_nh2_el1_dl2048_df1_fctimeF_ebTrue_dtExp_projection_trk4_tsk2_0>>>>>>>>>>>>>>>>>>>>>>>>>>
train 33912
val 4551
test 9820
Epoch: 1 cost time: 17.400846242904663
Epoch: 1, Steps: 66 | Train Loss: 1.4750001 Vali Loss: 0.7630315
Validation loss decreased (inf --> 0.763031).  Saving model ...
Updating learning rate to 0.0009000000000000001
Epoch: 2 cost time: 17.049314737319946
Epoch: 2, Steps: 66 | Train Loss: 1.3887237 Vali Loss: 0.7316164
Validation loss decreased (0.763031 --> 0.731616).  Saving model ...
Updating learning rate to 0.0008100000000000001
Epoch: 3 cost time: 17.332470417022705
Epoch: 3, Steps: 66 | Train Loss: 1.3575961 Vali Loss: 0.7339317
EarlyStopping counter: 1 out of 3
Updating learning rate to 0.0007290000000000002
Epoch: 4 cost time: 17.384164094924927
Epoch: 4, Steps: 66 | Train Loss: 1.3323912 Vali Loss: 0.7255418
Validation loss decreased (0.731616 --> 0.725542).  Saving model ...
Updating learning rate to 0.0006561000000000001
Epoch: 5 cost time: 17.399868726730347
Epoch: 5, Steps: 66 | Train Loss: 1.3087387 Vali Loss: 0.7172219
Validation loss decreased (0.725542 --> 0.717222).  Saving model ...
Updating learning rate to 0.00059049
Epoch: 6 cost time: 17.23052406311035
Epoch: 6, Steps: 66 | Train Loss: 1.2864962 Vali Loss: 0.7270235
EarlyStopping counter: 1 out of 3
Updating learning rate to 0.000531441
Epoch: 7 cost time: 17.314420223236084
Epoch: 7, Steps: 66 | Train Loss: 1.2571619 Vali Loss: 0.7328281
EarlyStopping counter: 2 out of 3
Updating learning rate to 0.0004782969000000001
Epoch: 8 cost time: 17.422401189804077
Epoch: 8, Steps: 66 | Train Loss: 1.2354158 Vali Loss: 0.7392139
EarlyStopping counter: 3 out of 3
Early stopping
>>>>>>>testing : weather_96_720_iFlowformer_custom_M_ft96_sl48_ll720_pl512_dm8_nh2_el1_dl2048_df1_fctimeF_ebTrue_dtExp_projection_trk4_tsk2_0<<<<<<<<<<<<<<<<<<<<<<<<<<<<<<<<<
test 9100
test shape: (9100, 1, 1440, 21) (9100, 1, 1440, 21)
test shape: (9100, 1440, 21) (9100, 1440, 21)
prediction length: 720, mse:0.3273850083351135, mae:0.33811965584754944
prediction length: 1440, mse:0.41286447644233704, mae:0.3875467777252197
Use GPU: cuda:0
>>>>>>>start training : weather_96_720_iFlowformer_custom_M_ft96_sl48_ll720_pl512_dm8_nh2_el1_dl2048_df1_fctimeF_ebTrue_dtExp_projection_trk4_tsk2_1>>>>>>>>>>>>>>>>>>>>>>>>>>
train 33912
val 4551
test 9820
Epoch: 1 cost time: 16.95881414413452
Epoch: 1, Steps: 66 | Train Loss: 1.4705396 Vali Loss: 0.7473204
Validation loss decreased (inf --> 0.747320).  Saving model ...
Updating learning rate to 0.0009000000000000001
Epoch: 2 cost time: 17.063299417495728
Epoch: 2, Steps: 66 | Train Loss: 1.3840384 Vali Loss: 0.7388093
Validation loss decreased (0.747320 --> 0.738809).  Saving model ...
Updating learning rate to 0.0008100000000000001
Epoch: 3 cost time: 17.14557957649231
Epoch: 3, Steps: 66 | Train Loss: 1.3556231 Vali Loss: 0.7446652
EarlyStopping counter: 1 out of 3
Updating learning rate to 0.0007290000000000002
Epoch: 4 cost time: 17.13972568511963
Epoch: 4, Steps: 66 | Train Loss: 1.3365212 Vali Loss: 0.7236220
Validation loss decreased (0.738809 --> 0.723622).  Saving model ...
Updating learning rate to 0.0006561000000000001
Epoch: 5 cost time: 17.187996864318848
Epoch: 5, Steps: 66 | Train Loss: 1.3094339 Vali Loss: 0.7265031
EarlyStopping counter: 1 out of 3
Updating learning rate to 0.00059049
Epoch: 6 cost time: 17.245147943496704
Epoch: 6, Steps: 66 | Train Loss: 1.2862373 Vali Loss: 0.7267601
EarlyStopping counter: 2 out of 3
Updating learning rate to 0.000531441
Epoch: 7 cost time: 17.229218244552612
Epoch: 7, Steps: 66 | Train Loss: 1.2611181 Vali Loss: 0.7377379
EarlyStopping counter: 3 out of 3
Early stopping
>>>>>>>testing : weather_96_720_iFlowformer_custom_M_ft96_sl48_ll720_pl512_dm8_nh2_el1_dl2048_df1_fctimeF_ebTrue_dtExp_projection_trk4_tsk2_1<<<<<<<<<<<<<<<<<<<<<<<<<<<<<<<<<
test 9100
test shape: (9100, 1, 1440, 21) (9100, 1, 1440, 21)
test shape: (9100, 1440, 21) (9100, 1440, 21)
prediction length: 720, mse:0.32499054074287415, mae:0.33656010031700134
prediction length: 1440, mse:0.4120490252971649, mae:0.38710832595825195
Args in experiment:
Namespace(is_training=1, model_id='weather_96_720', model='iFlowformer', data='custom', root_path='./dataset/weather/', data_path='weather.csv', features='M', target='OT', freq='h', checkpoints='./checkpoints/', seq_len=96, label_len=48, pred_len=720, training_k=4, test_k=2, beta=0.1, gamma=0.5, enc_in=21, dec_in=21, c_out=21, d_model=512, n_heads=8, e_layers=2, d_layers=1, d_ff=2048, moving_avg=25, factor=1, distil=True, dropout=0.1, embed='timeF', activation='gelu', output_attention=False, do_predict=False, num_workers=10, itr=3, train_epochs=30, batch_size=512, patience=3, learning_rate=0.001, des='Exp', loss='MSE', lradj='type1', use_amp=False, use_gpu=True, gpu=0, use_multi_gpu=False, devices='0,1,2,3', exp_name='MTSF', channel_independence=False, inverse=False, class_strategy='projection', target_root_path='./data/electricity/', target_data_path='electricity.csv', efficient_training=False, use_norm=True, partial_start_index=0)
Use GPU: cuda:0
>>>>>>>start training : weather_96_720_iFlowformer_custom_M_ft96_sl48_ll720_pl512_dm8_nh2_el1_dl2048_df1_fctimeF_ebTrue_dtExp_projection_trk4_tsk2_0>>>>>>>>>>>>>>>>>>>>>>>>>>
train 33912
val 4551
test 9820
Epoch: 1 cost time: 17.385751724243164
Epoch: 1, Steps: 66 | Train Loss: 1.4689422 Vali Loss: 0.7790984
Validation loss decreased (inf --> 0.779098).  Saving model ...
Updating learning rate to 0.0009000000000000001
Epoch: 2 cost time: 17.190518140792847
Epoch: 2, Steps: 66 | Train Loss: 1.3843678 Vali Loss: 0.7796921
EarlyStopping counter: 1 out of 3
Updating learning rate to 0.0008100000000000001
Epoch: 3 cost time: 17.344507694244385
Epoch: 3, Steps: 66 | Train Loss: 1.3588551 Vali Loss: 0.7386541
Validation loss decreased (0.779098 --> 0.738654).  Saving model ...
Updating learning rate to 0.0007290000000000002
Epoch: 4 cost time: 17.42691397666931
Epoch: 4, Steps: 66 | Train Loss: 1.3331828 Vali Loss: 0.7384868
Validation loss decreased (0.738654 --> 0.738487).  Saving model ...
Updating learning rate to 0.0006561000000000001
Epoch: 5 cost time: 17.45641303062439
Epoch: 5, Steps: 66 | Train Loss: 1.3083684 Vali Loss: 0.7282331
Validation loss decreased (0.738487 --> 0.728233).  Saving model ...
Updating learning rate to 0.00059049
Epoch: 6 cost time: 17.478585243225098
Epoch: 6, Steps: 66 | Train Loss: 1.2820380 Vali Loss: 0.7262443
Validation loss decreased (0.728233 --> 0.726244).  Saving model ...
Updating learning rate to 0.000531441
Epoch: 7 cost time: 17.42772364616394
Epoch: 7, Steps: 66 | Train Loss: 1.2572482 Vali Loss: 0.7449786
EarlyStopping counter: 1 out of 3
Updating learning rate to 0.0004782969000000001
Epoch: 8 cost time: 17.25180721282959
Epoch: 8, Steps: 66 | Train Loss: 1.2313453 Vali Loss: 0.7486253
EarlyStopping counter: 2 out of 3
Updating learning rate to 0.0004304672100000001
Epoch: 9 cost time: 17.433778285980225
Epoch: 9, Steps: 66 | Train Loss: 1.2100443 Vali Loss: 0.7514173
EarlyStopping counter: 3 out of 3
Early stopping
>>>>>>>testing : weather_96_720_iFlowformer_custom_M_ft96_sl48_ll720_pl512_dm8_nh2_el1_dl2048_df1_fctimeF_ebTrue_dtExp_projection_trk4_tsk2_0<<<<<<<<<<<<<<<<<<<<<<<<<<<<<<<<<
test 9100
test shape: (9100, 1, 1440, 21) (9100, 1, 1440, 21)
test shape: (9100, 1440, 21) (9100, 1440, 21)
prediction length: 720, mse:0.3325013518333435, mae:0.3412224054336548
prediction length: 1440, mse:0.4172429144382477, mae:0.39032065868377686
Use GPU: cuda:0
>>>>>>>start training : weather_96_720_iFlowformer_custom_M_ft96_sl48_ll720_pl512_dm8_nh2_el1_dl2048_df1_fctimeF_ebTrue_dtExp_projection_trk4_tsk2_1>>>>>>>>>>>>>>>>>>>>>>>>>>
train 33912
val 4551
test 9820
Epoch: 1 cost time: 16.99016761779785
Epoch: 1, Steps: 66 | Train Loss: 1.4695657 Vali Loss: 0.7635264
Validation loss decreased (inf --> 0.763526).  Saving model ...
Updating learning rate to 0.0009000000000000001
Epoch: 2 cost time: 17.02981472015381
Epoch: 2, Steps: 66 | Train Loss: 1.3820781 Vali Loss: 0.7431467
Validation loss decreased (0.763526 --> 0.743147).  Saving model ...
Updating learning rate to 0.0008100000000000001
Epoch: 3 cost time: 17.0774245262146
Epoch: 3, Steps: 66 | Train Loss: 1.3547444 Vali Loss: 0.7371870
Validation loss decreased (0.743147 --> 0.737187).  Saving model ...
Updating learning rate to 0.0007290000000000002
Epoch: 4 cost time: 17.100928783416748
Epoch: 4, Steps: 66 | Train Loss: 1.3303976 Vali Loss: 0.7398996
EarlyStopping counter: 1 out of 3
Updating learning rate to 0.0006561000000000001
Epoch: 5 cost time: 17.079131603240967
Epoch: 5, Steps: 66 | Train Loss: 1.3082989 Vali Loss: 0.7139030
Validation loss decreased (0.737187 --> 0.713903).  Saving model ...
Updating learning rate to 0.00059049
Epoch: 6 cost time: 17.196444749832153
Epoch: 6, Steps: 66 | Train Loss: 1.2827068 Vali Loss: 0.7253144
EarlyStopping counter: 1 out of 3
Updating learning rate to 0.000531441
Epoch: 7 cost time: 17.237345457077026
Epoch: 7, Steps: 66 | Train Loss: 1.2574709 Vali Loss: 0.7195345
EarlyStopping counter: 2 out of 3
Updating learning rate to 0.0004782969000000001
Epoch: 8 cost time: 17.15549063682556
Epoch: 8, Steps: 66 | Train Loss: 1.2367152 Vali Loss: 0.7313181
EarlyStopping counter: 3 out of 3
Early stopping
>>>>>>>testing : weather_96_720_iFlowformer_custom_M_ft96_sl48_ll720_pl512_dm8_nh2_el1_dl2048_df1_fctimeF_ebTrue_dtExp_projection_trk4_tsk2_1<<<<<<<<<<<<<<<<<<<<<<<<<<<<<<<<<
test 9100
test shape: (9100, 1, 1440, 21) (9100, 1, 1440, 21)
test shape: (9100, 1440, 21) (9100, 1440, 21)
prediction length: 720, mse:0.3278307318687439, mae:0.33861425518989563
prediction length: 1440, mse:0.41357260942459106, mae:0.3882899582386017
Use GPU: cuda:0
>>>>>>>start training : weather_96_720_iFlowformer_custom_M_ft96_sl48_ll720_pl512_dm8_nh2_el1_dl2048_df1_fctimeF_ebTrue_dtExp_projection_trk4_tsk2_2>>>>>>>>>>>>>>>>>>>>>>>>>>
train 33912
val 4551
test 9820
Epoch: 1 cost time: 16.98965620994568
Epoch: 1, Steps: 66 | Train Loss: 1.4615233 Vali Loss: 0.7628163
Validation loss decreased (inf --> 0.762816).  Saving model ...
Updating learning rate to 0.0009000000000000001
Epoch: 2 cost time: 16.969027280807495
Epoch: 2, Steps: 66 | Train Loss: 1.3849820 Vali Loss: 0.7337230
Validation loss decreased (0.762816 --> 0.733723).  Saving model ...
Updating learning rate to 0.0008100000000000001
Epoch: 3 cost time: 17.094589471817017
Epoch: 3, Steps: 66 | Train Loss: 1.3555841 Vali Loss: 0.7173594
Validation loss decreased (0.733723 --> 0.717359).  Saving model ...
Updating learning rate to 0.0007290000000000002
Epoch: 4 cost time: 17.167929887771606
Epoch: 4, Steps: 66 | Train Loss: 1.3339476 Vali Loss: 0.7219495
EarlyStopping counter: 1 out of 3
Updating learning rate to 0.0006561000000000001
Epoch: 5 cost time: 17.148449420928955
Epoch: 5, Steps: 66 | Train Loss: 1.3106191 Vali Loss: 0.7257706
EarlyStopping counter: 2 out of 3
Updating learning rate to 0.00059049
Epoch: 6 cost time: 17.15264654159546
Epoch: 6, Steps: 66 | Train Loss: 1.2874216 Vali Loss: 0.7211949
EarlyStopping counter: 3 out of 3
Early stopping
>>>>>>>testing : weather_96_720_iFlowformer_custom_M_ft96_sl48_ll720_pl512_dm8_nh2_el1_dl2048_df1_fctimeF_ebTrue_dtExp_projection_trk4_tsk2_2<<<<<<<<<<<<<<<<<<<<<<<<<<<<<<<<<
test 9100
test shape: (9100, 1, 1440, 21) (9100, 1, 1440, 21)
test shape: (9100, 1440, 21) (9100, 1440, 21)
prediction length: 720, mse:0.3271495997905731, mae:0.3357420265674591
prediction length: 1440, mse:0.4145262837409973, mae:0.38658636808395386
Args in experiment:
Namespace(is_training=1, model_id='weather_96_720', model='iFlowformer', data='custom', root_path='./dataset/weather/', data_path='weather.csv', features='M', target='OT', freq='h', checkpoints='./checkpoints/', seq_len=96, label_len=48, pred_len=720, training_k=4, test_k=2, beta=0.1, gamma=0.5, enc_in=21, dec_in=21, c_out=21, d_model=512, n_heads=8, e_layers=2, d_layers=1, d_ff=2048, moving_avg=25, factor=1, distil=True, dropout=0.1, embed='timeF', activation='gelu', output_attention=False, do_predict=False, num_workers=10, itr=4, train_epochs=30, batch_size=512, patience=3, learning_rate=0.001, des='Exp', loss='MSE', lradj='type1', use_amp=False, use_gpu=True, gpu=0, use_multi_gpu=False, devices='0,1,2,3', exp_name='MTSF', channel_independence=False, inverse=False, class_strategy='projection', target_root_path='./data/electricity/', target_data_path='electricity.csv', efficient_training=False, use_norm=True, partial_start_index=0)
Use GPU: cuda:0
>>>>>>>start training : weather_96_720_iFlowformer_custom_M_ft96_sl48_ll720_pl512_dm8_nh2_el1_dl2048_df1_fctimeF_ebTrue_dtExp_projection_trk4_tsk2_0>>>>>>>>>>>>>>>>>>>>>>>>>>
train 33912
val 4551
test 9820
Epoch: 1 cost time: 17.44074034690857
Epoch: 1, Steps: 66 | Train Loss: 1.4656619 Vali Loss: 0.7511891
Validation loss decreased (inf --> 0.751189).  Saving model ...
Updating learning rate to 0.0009000000000000001
Epoch: 2 cost time: 17.231507301330566
Epoch: 2, Steps: 66 | Train Loss: 1.3827527 Vali Loss: 0.7390838
Validation loss decreased (0.751189 --> 0.739084).  Saving model ...
Updating learning rate to 0.0008100000000000001
Epoch: 3 cost time: 17.40385890007019
Epoch: 3, Steps: 66 | Train Loss: 1.3537531 Vali Loss: 0.7256178
Validation loss decreased (0.739084 --> 0.725618).  Saving model ...
Updating learning rate to 0.0007290000000000002
Epoch: 4 cost time: 17.2135112285614
Epoch: 4, Steps: 66 | Train Loss: 1.3264648 Vali Loss: 0.7184170
Validation loss decreased (0.725618 --> 0.718417).  Saving model ...
Updating learning rate to 0.0006561000000000001
Epoch: 5 cost time: 17.45649766921997
Epoch: 5, Steps: 66 | Train Loss: 1.3009131 Vali Loss: 0.7187454
EarlyStopping counter: 1 out of 3
Updating learning rate to 0.00059049
Epoch: 6 cost time: 17.481751918792725
Epoch: 6, Steps: 66 | Train Loss: 1.2740788 Vali Loss: 0.7180566
Validation loss decreased (0.718417 --> 0.718057).  Saving model ...
Updating learning rate to 0.000531441
Epoch: 7 cost time: 17.34539556503296
Epoch: 7, Steps: 66 | Train Loss: 1.2473764 Vali Loss: 0.7333074
EarlyStopping counter: 1 out of 3
Updating learning rate to 0.0004782969000000001
Epoch: 8 cost time: 17.401976346969604
Epoch: 8, Steps: 66 | Train Loss: 1.2241225 Vali Loss: 0.7348310
EarlyStopping counter: 2 out of 3
Updating learning rate to 0.0004304672100000001
Epoch: 9 cost time: 17.40214705467224
Epoch: 9, Steps: 66 | Train Loss: 1.1988838 Vali Loss: 0.7436734
EarlyStopping counter: 3 out of 3
Early stopping
>>>>>>>testing : weather_96_720_iFlowformer_custom_M_ft96_sl48_ll720_pl512_dm8_nh2_el1_dl2048_df1_fctimeF_ebTrue_dtExp_projection_trk4_tsk2_0<<<<<<<<<<<<<<<<<<<<<<<<<<<<<<<<<
test 9100
test shape: (9100, 1, 1440, 21) (9100, 1, 1440, 21)
test shape: (9100, 1440, 21) (9100, 1440, 21)
prediction length: 720, mse:0.3267873227596283, mae:0.3379039466381073
prediction length: 1440, mse:0.41053199768066406, mae:0.3859724998474121
Use GPU: cuda:0
>>>>>>>start training : weather_96_720_iFlowformer_custom_M_ft96_sl48_ll720_pl512_dm8_nh2_el1_dl2048_df1_fctimeF_ebTrue_dtExp_projection_trk4_tsk2_1>>>>>>>>>>>>>>>>>>>>>>>>>>
train 33912
val 4551
test 9820
Epoch: 1 cost time: 16.951963424682617
Epoch: 1, Steps: 66 | Train Loss: 1.4658056 Vali Loss: 0.7559679
Validation loss decreased (inf --> 0.755968).  Saving model ...
Updating learning rate to 0.0009000000000000001
Epoch: 2 cost time: 17.04119300842285
Epoch: 2, Steps: 66 | Train Loss: 1.3878956 Vali Loss: 0.7482609
Validation loss decreased (0.755968 --> 0.748261).  Saving model ...
Updating learning rate to 0.0008100000000000001
Epoch: 3 cost time: 17.13669228553772
Epoch: 3, Steps: 66 | Train Loss: 1.3606238 Vali Loss: 0.7440317
Validation loss decreased (0.748261 --> 0.744032).  Saving model ...
Updating learning rate to 0.0007290000000000002
Epoch: 4 cost time: 17.197571992874146
Epoch: 4, Steps: 66 | Train Loss: 1.3345021 Vali Loss: 0.7122386
Validation loss decreased (0.744032 --> 0.712239).  Saving model ...
Updating learning rate to 0.0006561000000000001
Epoch: 5 cost time: 17.174922943115234
Epoch: 5, Steps: 66 | Train Loss: 1.3087898 Vali Loss: 0.7219776
EarlyStopping counter: 1 out of 3
Updating learning rate to 0.00059049
Epoch: 6 cost time: 17.125587463378906
Epoch: 6, Steps: 66 | Train Loss: 1.2836214 Vali Loss: 0.7209353
EarlyStopping counter: 2 out of 3
Updating learning rate to 0.000531441
Epoch: 7 cost time: 17.18117070198059
Epoch: 7, Steps: 66 | Train Loss: 1.2593529 Vali Loss: 0.7350501
EarlyStopping counter: 3 out of 3
Early stopping
>>>>>>>testing : weather_96_720_iFlowformer_custom_M_ft96_sl48_ll720_pl512_dm8_nh2_el1_dl2048_df1_fctimeF_ebTrue_dtExp_projection_trk4_tsk2_1<<<<<<<<<<<<<<<<<<<<<<<<<<<<<<<<<
test 9100
test shape: (9100, 1, 1440, 21) (9100, 1, 1440, 21)
test shape: (9100, 1440, 21) (9100, 1440, 21)
prediction length: 720, mse:0.32670724391937256, mae:0.3360940217971802
prediction length: 1440, mse:0.41297638416290283, mae:0.3859080374240875
Use GPU: cuda:0
>>>>>>>start training : weather_96_720_iFlowformer_custom_M_ft96_sl48_ll720_pl512_dm8_nh2_el1_dl2048_df1_fctimeF_ebTrue_dtExp_projection_trk4_tsk2_2>>>>>>>>>>>>>>>>>>>>>>>>>>
train 33912
val 4551
test 9820
Epoch: 1 cost time: 17.059999227523804
Epoch: 1, Steps: 66 | Train Loss: 1.4665565 Vali Loss: 0.7468782
Validation loss decreased (inf --> 0.746878).  Saving model ...
Updating learning rate to 0.0009000000000000001
Epoch: 2 cost time: 17.001922845840454
Epoch: 2, Steps: 66 | Train Loss: 1.3821300 Vali Loss: 0.7442060
Validation loss decreased (0.746878 --> 0.744206).  Saving model ...
Updating learning rate to 0.0008100000000000001
Epoch: 3 cost time: 17.118590593338013
Epoch: 3, Steps: 66 | Train Loss: 1.3590352 Vali Loss: 0.7309935
Validation loss decreased (0.744206 --> 0.730994).  Saving model ...
Updating learning rate to 0.0007290000000000002
Epoch: 4 cost time: 17.153651237487793
Epoch: 4, Steps: 66 | Train Loss: 1.3303770 Vali Loss: 0.7205473
Validation loss decreased (0.730994 --> 0.720547).  Saving model ...
Updating learning rate to 0.0006561000000000001
Epoch: 5 cost time: 17.106438875198364
Epoch: 5, Steps: 66 | Train Loss: 1.3075302 Vali Loss: 0.7322927
EarlyStopping counter: 1 out of 3
Updating learning rate to 0.00059049
Epoch: 6 cost time: 17.13775372505188
Epoch: 6, Steps: 66 | Train Loss: 1.2812534 Vali Loss: 0.7280203
EarlyStopping counter: 2 out of 3
Updating learning rate to 0.000531441
Epoch: 7 cost time: 17.14500117301941
Epoch: 7, Steps: 66 | Train Loss: 1.2585262 Vali Loss: 0.7294807
EarlyStopping counter: 3 out of 3
Early stopping
>>>>>>>testing : weather_96_720_iFlowformer_custom_M_ft96_sl48_ll720_pl512_dm8_nh2_el1_dl2048_df1_fctimeF_ebTrue_dtExp_projection_trk4_tsk2_2<<<<<<<<<<<<<<<<<<<<<<<<<<<<<<<<<
test 9100
test shape: (9100, 1, 1440, 21) (9100, 1, 1440, 21)
test shape: (9100, 1440, 21) (9100, 1440, 21)
prediction length: 720, mse:0.32564207911491394, mae:0.33621442317962646
prediction length: 1440, mse:0.4109841287136078, mae:0.3856469988822937
Use GPU: cuda:0
>>>>>>>start training : weather_96_720_iFlowformer_custom_M_ft96_sl48_ll720_pl512_dm8_nh2_el1_dl2048_df1_fctimeF_ebTrue_dtExp_projection_trk4_tsk2_3>>>>>>>>>>>>>>>>>>>>>>>>>>
train 33912
val 4551
test 9820
Epoch: 1 cost time: 16.970745086669922
Epoch: 1, Steps: 66 | Train Loss: 1.4725581 Vali Loss: 0.7623475
Validation loss decreased (inf --> 0.762347).  Saving model ...
Updating learning rate to 0.0009000000000000001
Epoch: 2 cost time: 16.97850465774536
Epoch: 2, Steps: 66 | Train Loss: 1.3896305 Vali Loss: 0.7436016
Validation loss decreased (0.762347 --> 0.743602).  Saving model ...
Updating learning rate to 0.0008100000000000001
Epoch: 3 cost time: 17.050982236862183
Epoch: 3, Steps: 66 | Train Loss: 1.3593979 Vali Loss: 0.7331753
Validation loss decreased (0.743602 --> 0.733175).  Saving model ...
Updating learning rate to 0.0007290000000000002
Epoch: 4 cost time: 17.245100736618042
Epoch: 4, Steps: 66 | Train Loss: 1.3353555 Vali Loss: 0.7206960
Validation loss decreased (0.733175 --> 0.720696).  Saving model ...
Updating learning rate to 0.0006561000000000001
Epoch: 5 cost time: 17.15233039855957
Epoch: 5, Steps: 66 | Train Loss: 1.3140782 Vali Loss: 0.7096322
Validation loss decreased (0.720696 --> 0.709632).  Saving model ...
Updating learning rate to 0.00059049
Epoch: 6 cost time: 17.211952209472656
Epoch: 6, Steps: 66 | Train Loss: 1.2870991 Vali Loss: 0.7247858
EarlyStopping counter: 1 out of 3
Updating learning rate to 0.000531441
Epoch: 7 cost time: 17.144161701202393
Epoch: 7, Steps: 66 | Train Loss: 1.2632833 Vali Loss: 0.7352583
EarlyStopping counter: 2 out of 3
Updating learning rate to 0.0004782969000000001
Epoch: 8 cost time: 17.1385817527771
Epoch: 8, Steps: 66 | Train Loss: 1.2396308 Vali Loss: 0.7287668
EarlyStopping counter: 3 out of 3
Early stopping
>>>>>>>testing : weather_96_720_iFlowformer_custom_M_ft96_sl48_ll720_pl512_dm8_nh2_el1_dl2048_df1_fctimeF_ebTrue_dtExp_projection_trk4_tsk2_3<<<<<<<<<<<<<<<<<<<<<<<<<<<<<<<<<
test 9100
test shape: (9100, 1, 1440, 21) (9100, 1, 1440, 21)
test shape: (9100, 1440, 21) (9100, 1440, 21)
prediction length: 720, mse:0.32609784603118896, mae:0.3365650773048401
prediction length: 1440, mse:0.41076868772506714, mae:0.3851684033870697
Args in experiment:
Namespace(is_training=1, model_id='weather_96_720', model='iFlowformer', data='custom', root_path='./dataset/weather/', data_path='weather.csv', features='M', target='OT', freq='h', checkpoints='./checkpoints/', seq_len=96, label_len=48, pred_len=720, training_k=4, test_k=2, beta=0.1, gamma=0.5, enc_in=21, dec_in=21, c_out=21, d_model=512, n_heads=8, e_layers=2, d_layers=1, d_ff=2048, moving_avg=25, factor=1, distil=True, dropout=0.1, embed='timeF', activation='gelu', output_attention=False, do_predict=False, num_workers=10, itr=5, train_epochs=30, batch_size=512, patience=3, learning_rate=0.001, des='Exp', loss='MSE', lradj='type1', use_amp=False, use_gpu=True, gpu=0, use_multi_gpu=False, devices='0,1,2,3', exp_name='MTSF', channel_independence=False, inverse=False, class_strategy='projection', target_root_path='./data/electricity/', target_data_path='electricity.csv', efficient_training=False, use_norm=True, partial_start_index=0)
Use GPU: cuda:0
>>>>>>>start training : weather_96_720_iFlowformer_custom_M_ft96_sl48_ll720_pl512_dm8_nh2_el1_dl2048_df1_fctimeF_ebTrue_dtExp_projection_trk4_tsk2_0>>>>>>>>>>>>>>>>>>>>>>>>>>
train 33912
val 4551
test 9820
Epoch: 1 cost time: 17.403127908706665
Epoch: 1, Steps: 66 | Train Loss: 1.4640959 Vali Loss: 0.7801970
Validation loss decreased (inf --> 0.780197).  Saving model ...
Updating learning rate to 0.0009000000000000001
Epoch: 2 cost time: 17.239885807037354
Epoch: 2, Steps: 66 | Train Loss: 1.3862029 Vali Loss: 0.7325721
Validation loss decreased (0.780197 --> 0.732572).  Saving model ...
Updating learning rate to 0.0008100000000000001
Epoch: 3 cost time: 17.412435293197632
Epoch: 3, Steps: 66 | Train Loss: 1.3567053 Vali Loss: 0.7329170
EarlyStopping counter: 1 out of 3
Updating learning rate to 0.0007290000000000002
Epoch: 4 cost time: 17.454258680343628
Epoch: 4, Steps: 66 | Train Loss: 1.3326041 Vali Loss: 0.7191453
Validation loss decreased (0.732572 --> 0.719145).  Saving model ...
Updating learning rate to 0.0006561000000000001
Epoch: 5 cost time: 17.424815893173218
Epoch: 5, Steps: 66 | Train Loss: 1.3085872 Vali Loss: 0.7233245
EarlyStopping counter: 1 out of 3
Updating learning rate to 0.00059049
Epoch: 6 cost time: 17.495911359786987
Epoch: 6, Steps: 66 | Train Loss: 1.2845377 Vali Loss: 0.7224051
EarlyStopping counter: 2 out of 3
Updating learning rate to 0.000531441
Epoch: 7 cost time: 17.37438416481018
Epoch: 7, Steps: 66 | Train Loss: 1.2598557 Vali Loss: 0.7215268
EarlyStopping counter: 3 out of 3
Early stopping
>>>>>>>testing : weather_96_720_iFlowformer_custom_M_ft96_sl48_ll720_pl512_dm8_nh2_el1_dl2048_df1_fctimeF_ebTrue_dtExp_projection_trk4_tsk2_0<<<<<<<<<<<<<<<<<<<<<<<<<<<<<<<<<
test 9100
test shape: (9100, 1, 1440, 21) (9100, 1, 1440, 21)
test shape: (9100, 1440, 21) (9100, 1440, 21)
prediction length: 720, mse:0.3255803883075714, mae:0.3355627655982971
prediction length: 1440, mse:0.4123360812664032, mae:0.386104553937912
Use GPU: cuda:0
>>>>>>>start training : weather_96_720_iFlowformer_custom_M_ft96_sl48_ll720_pl512_dm8_nh2_el1_dl2048_df1_fctimeF_ebTrue_dtExp_projection_trk4_tsk2_1>>>>>>>>>>>>>>>>>>>>>>>>>>
train 33912
val 4551
test 9820
Epoch: 1 cost time: 16.911022424697876
Epoch: 1, Steps: 66 | Train Loss: 1.4615777 Vali Loss: 0.7629951
Validation loss decreased (inf --> 0.762995).  Saving model ...
Updating learning rate to 0.0009000000000000001
Epoch: 2 cost time: 17.02910590171814
Epoch: 2, Steps: 66 | Train Loss: 1.3858112 Vali Loss: 0.7481577
Validation loss decreased (0.762995 --> 0.748158).  Saving model ...
Updating learning rate to 0.0008100000000000001
Epoch: 3 cost time: 17.1139018535614
Epoch: 3, Steps: 66 | Train Loss: 1.3560763 Vali Loss: 0.7348533
Validation loss decreased (0.748158 --> 0.734853).  Saving model ...
Updating learning rate to 0.0007290000000000002
Epoch: 4 cost time: 17.14594531059265
Epoch: 4, Steps: 66 | Train Loss: 1.3368188 Vali Loss: 0.7162563
Validation loss decreased (0.734853 --> 0.716256).  Saving model ...
Updating learning rate to 0.0006561000000000001
Epoch: 5 cost time: 17.232576608657837
Epoch: 5, Steps: 66 | Train Loss: 1.3093039 Vali Loss: 0.7290840
EarlyStopping counter: 1 out of 3
Updating learning rate to 0.00059049
Epoch: 6 cost time: 17.220539569854736
Epoch: 6, Steps: 66 | Train Loss: 1.2862451 Vali Loss: 0.7174662
EarlyStopping counter: 2 out of 3
Updating learning rate to 0.000531441
Epoch: 7 cost time: 17.25723648071289
Epoch: 7, Steps: 66 | Train Loss: 1.2621013 Vali Loss: 0.7375684
EarlyStopping counter: 3 out of 3
Early stopping
>>>>>>>testing : weather_96_720_iFlowformer_custom_M_ft96_sl48_ll720_pl512_dm8_nh2_el1_dl2048_df1_fctimeF_ebTrue_dtExp_projection_trk4_tsk2_1<<<<<<<<<<<<<<<<<<<<<<<<<<<<<<<<<
test 9100
test shape: (9100, 1, 1440, 21) (9100, 1, 1440, 21)
test shape: (9100, 1440, 21) (9100, 1440, 21)
prediction length: 720, mse:0.32610756158828735, mae:0.33633187413215637
prediction length: 1440, mse:0.41241735219955444, mae:0.3865636885166168
Use GPU: cuda:0
>>>>>>>start training : weather_96_720_iFlowformer_custom_M_ft96_sl48_ll720_pl512_dm8_nh2_el1_dl2048_df1_fctimeF_ebTrue_dtExp_projection_trk4_tsk2_2>>>>>>>>>>>>>>>>>>>>>>>>>>
train 33912
val 4551
test 9820
Epoch: 1 cost time: 17.090245723724365
Epoch: 1, Steps: 66 | Train Loss: 1.4699695 Vali Loss: 0.7539874
Validation loss decreased (inf --> 0.753987).  Saving model ...
Updating learning rate to 0.0009000000000000001
Epoch: 2 cost time: 17.073116540908813
Epoch: 2, Steps: 66 | Train Loss: 1.3845154 Vali Loss: 0.7492237
Validation loss decreased (0.753987 --> 0.749224).  Saving model ...
Updating learning rate to 0.0008100000000000001
Epoch: 3 cost time: 17.130429983139038
Epoch: 3, Steps: 66 | Train Loss: 1.3559819 Vali Loss: 0.7288443
Validation loss decreased (0.749224 --> 0.728844).  Saving model ...
Updating learning rate to 0.0007290000000000002
Epoch: 4 cost time: 17.25297737121582
Epoch: 4, Steps: 66 | Train Loss: 1.3316056 Vali Loss: 0.7204823
Validation loss decreased (0.728844 --> 0.720482).  Saving model ...
Updating learning rate to 0.0006561000000000001
Epoch: 5 cost time: 17.223287105560303
Epoch: 5, Steps: 66 | Train Loss: 1.3086464 Vali Loss: 0.7242557
EarlyStopping counter: 1 out of 3
Updating learning rate to 0.00059049
Epoch: 6 cost time: 17.158878803253174
Epoch: 6, Steps: 66 | Train Loss: 1.2800073 Vali Loss: 0.7250538
EarlyStopping counter: 2 out of 3
Updating learning rate to 0.000531441
Epoch: 7 cost time: 17.185943126678467
Epoch: 7, Steps: 66 | Train Loss: 1.2560900 Vali Loss: 0.7254210
EarlyStopping counter: 3 out of 3
Early stopping
>>>>>>>testing : weather_96_720_iFlowformer_custom_M_ft96_sl48_ll720_pl512_dm8_nh2_el1_dl2048_df1_fctimeF_ebTrue_dtExp_projection_trk4_tsk2_2<<<<<<<<<<<<<<<<<<<<<<<<<<<<<<<<<
test 9100
test shape: (9100, 1, 1440, 21) (9100, 1, 1440, 21)
test shape: (9100, 1440, 21) (9100, 1440, 21)
prediction length: 720, mse:0.3268566131591797, mae:0.33621931076049805
prediction length: 1440, mse:0.4129152297973633, mae:0.3859254717826843
Use GPU: cuda:0
>>>>>>>start training : weather_96_720_iFlowformer_custom_M_ft96_sl48_ll720_pl512_dm8_nh2_el1_dl2048_df1_fctimeF_ebTrue_dtExp_projection_trk4_tsk2_3>>>>>>>>>>>>>>>>>>>>>>>>>>
train 33912
val 4551
test 9820
Epoch: 1 cost time: 16.994170904159546
Epoch: 1, Steps: 66 | Train Loss: 1.4791385 Vali Loss: 0.7652728
Validation loss decreased (inf --> 0.765273).  Saving model ...
Updating learning rate to 0.0009000000000000001
Epoch: 2 cost time: 17.052204847335815
Epoch: 2, Steps: 66 | Train Loss: 1.3908249 Vali Loss: 0.7645521
Validation loss decreased (0.765273 --> 0.764552).  Saving model ...
Updating learning rate to 0.0008100000000000001
Epoch: 3 cost time: 17.178240299224854
Epoch: 3, Steps: 66 | Train Loss: 1.3600651 Vali Loss: 0.7246989
Validation loss decreased (0.764552 --> 0.724699).  Saving model ...
Updating learning rate to 0.0007290000000000002
Epoch: 4 cost time: 17.277544021606445
Epoch: 4, Steps: 66 | Train Loss: 1.3388312 Vali Loss: 0.7197577
Validation loss decreased (0.724699 --> 0.719758).  Saving model ...
Updating learning rate to 0.0006561000000000001
Epoch: 5 cost time: 17.132396697998047
Epoch: 5, Steps: 66 | Train Loss: 1.3154452 Vali Loss: 0.7163731
Validation loss decreased (0.719758 --> 0.716373).  Saving model ...
Updating learning rate to 0.00059049
Epoch: 6 cost time: 17.211811542510986
Epoch: 6, Steps: 66 | Train Loss: 1.2884305 Vali Loss: 0.7240853
EarlyStopping counter: 1 out of 3
Updating learning rate to 0.000531441
Epoch: 7 cost time: 17.25961947441101
Epoch: 7, Steps: 66 | Train Loss: 1.2656024 Vali Loss: 0.7208027
EarlyStopping counter: 2 out of 3
Updating learning rate to 0.0004782969000000001
Epoch: 8 cost time: 17.22742009162903
Epoch: 8, Steps: 66 | Train Loss: 1.2425165 Vali Loss: 0.7306705
EarlyStopping counter: 3 out of 3
Early stopping
>>>>>>>testing : weather_96_720_iFlowformer_custom_M_ft96_sl48_ll720_pl512_dm8_nh2_el1_dl2048_df1_fctimeF_ebTrue_dtExp_projection_trk4_tsk2_3<<<<<<<<<<<<<<<<<<<<<<<<<<<<<<<<<
test 9100
test shape: (9100, 1, 1440, 21) (9100, 1, 1440, 21)
test shape: (9100, 1440, 21) (9100, 1440, 21)
prediction length: 720, mse:0.32635921239852905, mae:0.3369973599910736
prediction length: 1440, mse:0.41152864694595337, mae:0.38614001870155334
Use GPU: cuda:0
>>>>>>>start training : weather_96_720_iFlowformer_custom_M_ft96_sl48_ll720_pl512_dm8_nh2_el1_dl2048_df1_fctimeF_ebTrue_dtExp_projection_trk4_tsk2_4>>>>>>>>>>>>>>>>>>>>>>>>>>
train 33912
val 4551
test 9820
Epoch: 1 cost time: 16.983983039855957
Epoch: 1, Steps: 66 | Train Loss: 1.4820264 Vali Loss: 0.7535703
Validation loss decreased (inf --> 0.753570).  Saving model ...
Updating learning rate to 0.0009000000000000001
Epoch: 2 cost time: 16.998960494995117
Epoch: 2, Steps: 66 | Train Loss: 1.3864476 Vali Loss: 0.7424040
Validation loss decreased (0.753570 --> 0.742404).  Saving model ...
Updating learning rate to 0.0008100000000000001
Epoch: 3 cost time: 17.140008211135864
Epoch: 3, Steps: 66 | Train Loss: 1.3568138 Vali Loss: 0.7420339
Validation loss decreased (0.742404 --> 0.742034).  Saving model ...
Updating learning rate to 0.0007290000000000002
Epoch: 4 cost time: 17.222228050231934
Epoch: 4, Steps: 66 | Train Loss: 1.3343454 Vali Loss: 0.7163584
Validation loss decreased (0.742034 --> 0.716358).  Saving model ...
Updating learning rate to 0.0006561000000000001
Epoch: 5 cost time: 17.159152507781982
Epoch: 5, Steps: 66 | Train Loss: 1.3094475 Vali Loss: 0.7293776
EarlyStopping counter: 1 out of 3
Updating learning rate to 0.00059049
Epoch: 6 cost time: 17.16612458229065
Epoch: 6, Steps: 66 | Train Loss: 1.2828642 Vali Loss: 0.7340388
EarlyStopping counter: 2 out of 3
Updating learning rate to 0.000531441
Epoch: 7 cost time: 17.17456340789795
Epoch: 7, Steps: 66 | Train Loss: 1.2631852 Vali Loss: 0.7276271
EarlyStopping counter: 3 out of 3
Early stopping
>>>>>>>testing : weather_96_720_iFlowformer_custom_M_ft96_sl48_ll720_pl512_dm8_nh2_el1_dl2048_df1_fctimeF_ebTrue_dtExp_projection_trk4_tsk2_4<<<<<<<<<<<<<<<<<<<<<<<<<<<<<<<<<
test 9100
test shape: (9100, 1, 1440, 21) (9100, 1, 1440, 21)
test shape: (9100, 1440, 21) (9100, 1440, 21)
prediction length: 720, mse:0.3259124755859375, mae:0.3360317647457123
prediction length: 1440, mse:0.41226255893707275, mae:0.3858943581581116
Args in experiment:
Namespace(is_training=1, model_id='weather_96_720', model='iFlashformer', data='custom', root_path='./dataset/weather/', data_path='weather.csv', features='M', target='OT', freq='h', checkpoints='./checkpoints/', seq_len=96, label_len=48, pred_len=720, training_k=4, test_k=2, beta=0.1, gamma=0.5, enc_in=21, dec_in=21, c_out=21, d_model=512, n_heads=8, e_layers=2, d_layers=1, d_ff=2048, moving_avg=25, factor=3, distil=True, dropout=0.1, embed='timeF', activation='gelu', output_attention=False, do_predict=False, num_workers=10, itr=1, train_epochs=30, batch_size=512, patience=3, learning_rate=0.001, des='Exp', loss='MSE', lradj='type1', use_amp=False, use_gpu=True, gpu=0, use_multi_gpu=False, devices='0,1,2,3', exp_name='MTSF', channel_independence=False, inverse=False, class_strategy='projection', target_root_path='./data/electricity/', target_data_path='electricity.csv', efficient_training=False, use_norm=True, partial_start_index=0)
Use GPU: cuda:0
>>>>>>>start training : weather_96_720_iFlashformer_custom_M_ft96_sl48_ll720_pl512_dm8_nh2_el1_dl2048_df3_fctimeF_ebTrue_dtExp_projection_trk4_tsk2_0>>>>>>>>>>>>>>>>>>>>>>>>>>
train 33912
val 4551
test 9820
Epoch: 1 cost time: 16.125662326812744
Epoch: 1, Steps: 66 | Train Loss: 1.4688612 Vali Loss: 0.7600632
Validation loss decreased (inf --> 0.760063).  Saving model ...
Updating learning rate to 0.0009000000000000001
Epoch: 2 cost time: 16.00442337989807
Epoch: 2, Steps: 66 | Train Loss: 1.3804640 Vali Loss: 0.7363458
Validation loss decreased (0.760063 --> 0.736346).  Saving model ...
Updating learning rate to 0.0008100000000000001
Epoch: 3 cost time: 16.122095108032227
Epoch: 3, Steps: 66 | Train Loss: 1.3508161 Vali Loss: 0.7246207
Validation loss decreased (0.736346 --> 0.724621).  Saving model ...
Updating learning rate to 0.0007290000000000002
Epoch: 4 cost time: 16.132777214050293
Epoch: 4, Steps: 66 | Train Loss: 1.3261778 Vali Loss: 0.7322600
EarlyStopping counter: 1 out of 3
Updating learning rate to 0.0006561000000000001
Epoch: 5 cost time: 16.11572575569153
Epoch: 5, Steps: 66 | Train Loss: 1.2990673 Vali Loss: 0.7269760
EarlyStopping counter: 2 out of 3
Updating learning rate to 0.00059049
Epoch: 6 cost time: 16.12715172767639
Epoch: 6, Steps: 66 | Train Loss: 1.2745306 Vali Loss: 0.7260715
EarlyStopping counter: 3 out of 3
Early stopping
>>>>>>>testing : weather_96_720_iFlashformer_custom_M_ft96_sl48_ll720_pl512_dm8_nh2_el1_dl2048_df3_fctimeF_ebTrue_dtExp_projection_trk4_tsk2_0<<<<<<<<<<<<<<<<<<<<<<<<<<<<<<<<<
test 9100
test shape: (9100, 1, 1440, 21) (9100, 1, 1440, 21)
test shape: (9100, 1440, 21) (9100, 1440, 21)
prediction length: 720, mse:0.3269977569580078, mae:0.33537566661834717
prediction length: 1440, mse:0.41439008712768555, mae:0.38600069284439087
Args in experiment:
Namespace(is_training=1, model_id='weather_96_720', model='iFlashformer', data='custom', root_path='./dataset/weather/', data_path='weather.csv', features='M', target='OT', freq='h', checkpoints='./checkpoints/', seq_len=96, label_len=48, pred_len=720, training_k=4, test_k=2, beta=0.1, gamma=0.5, enc_in=21, dec_in=21, c_out=21, d_model=512, n_heads=8, e_layers=2, d_layers=1, d_ff=2048, moving_avg=25, factor=3, distil=True, dropout=0.1, embed='timeF', activation='gelu', output_attention=False, do_predict=False, num_workers=10, itr=2, train_epochs=30, batch_size=512, patience=3, learning_rate=0.001, des='Exp', loss='MSE', lradj='type1', use_amp=False, use_gpu=True, gpu=0, use_multi_gpu=False, devices='0,1,2,3', exp_name='MTSF', channel_independence=False, inverse=False, class_strategy='projection', target_root_path='./data/electricity/', target_data_path='electricity.csv', efficient_training=False, use_norm=True, partial_start_index=0)
Use GPU: cuda:0
>>>>>>>start training : weather_96_720_iFlashformer_custom_M_ft96_sl48_ll720_pl512_dm8_nh2_el1_dl2048_df3_fctimeF_ebTrue_dtExp_projection_trk4_tsk2_0>>>>>>>>>>>>>>>>>>>>>>>>>>
train 33912
val 4551
test 9820
Epoch: 1 cost time: 16.176453351974487
Epoch: 1, Steps: 66 | Train Loss: 1.4620921 Vali Loss: 0.7644000
Validation loss decreased (inf --> 0.764400).  Saving model ...
Updating learning rate to 0.0009000000000000001
Epoch: 2 cost time: 15.934514045715332
Epoch: 2, Steps: 66 | Train Loss: 1.3786690 Vali Loss: 0.7501686
Validation loss decreased (0.764400 --> 0.750169).  Saving model ...
Updating learning rate to 0.0008100000000000001
Epoch: 3 cost time: 15.983696460723877
Epoch: 3, Steps: 66 | Train Loss: 1.3473188 Vali Loss: 0.7222211
Validation loss decreased (0.750169 --> 0.722221).  Saving model ...
Updating learning rate to 0.0007290000000000002
Epoch: 4 cost time: 16.132810354232788
Epoch: 4, Steps: 66 | Train Loss: 1.3242154 Vali Loss: 0.7348591
EarlyStopping counter: 1 out of 3
Updating learning rate to 0.0006561000000000001
Epoch: 5 cost time: 16.146684646606445
Epoch: 5, Steps: 66 | Train Loss: 1.3011229 Vali Loss: 0.7362087
EarlyStopping counter: 2 out of 3
Updating learning rate to 0.00059049
Epoch: 6 cost time: 16.130693197250366
Epoch: 6, Steps: 66 | Train Loss: 1.2744470 Vali Loss: 0.7399462
EarlyStopping counter: 3 out of 3
Early stopping
>>>>>>>testing : weather_96_720_iFlashformer_custom_M_ft96_sl48_ll720_pl512_dm8_nh2_el1_dl2048_df3_fctimeF_ebTrue_dtExp_projection_trk4_tsk2_0<<<<<<<<<<<<<<<<<<<<<<<<<<<<<<<<<
test 9100
test shape: (9100, 1, 1440, 21) (9100, 1, 1440, 21)
test shape: (9100, 1440, 21) (9100, 1440, 21)
prediction length: 720, mse:0.32697924971580505, mae:0.33496373891830444
prediction length: 1440, mse:0.41311800479888916, mae:0.3849683701992035
Use GPU: cuda:0
>>>>>>>start training : weather_96_720_iFlashformer_custom_M_ft96_sl48_ll720_pl512_dm8_nh2_el1_dl2048_df3_fctimeF_ebTrue_dtExp_projection_trk4_tsk2_1>>>>>>>>>>>>>>>>>>>>>>>>>>
train 33912
val 4551
test 9820
Epoch: 1 cost time: 15.726494073867798
Epoch: 1, Steps: 66 | Train Loss: 1.4664970 Vali Loss: 0.7514118
Validation loss decreased (inf --> 0.751412).  Saving model ...
Updating learning rate to 0.0009000000000000001
Epoch: 2 cost time: 15.740330457687378
Epoch: 2, Steps: 66 | Train Loss: 1.3792228 Vali Loss: 0.7404144
Validation loss decreased (0.751412 --> 0.740414).  Saving model ...
Updating learning rate to 0.0008100000000000001
Epoch: 3 cost time: 15.784180164337158
Epoch: 3, Steps: 66 | Train Loss: 1.3472201 Vali Loss: 0.7329463
Validation loss decreased (0.740414 --> 0.732946).  Saving model ...
Updating learning rate to 0.0007290000000000002
Epoch: 4 cost time: 15.835571527481079
Epoch: 4, Steps: 66 | Train Loss: 1.3189472 Vali Loss: 0.7193751
Validation loss decreased (0.732946 --> 0.719375).  Saving model ...
Updating learning rate to 0.0006561000000000001
Epoch: 5 cost time: 15.914564609527588
Epoch: 5, Steps: 66 | Train Loss: 1.2927279 Vali Loss: 0.7350087
EarlyStopping counter: 1 out of 3
Updating learning rate to 0.00059049
Epoch: 6 cost time: 15.85724425315857
Epoch: 6, Steps: 66 | Train Loss: 1.2798795 Vali Loss: 0.7421455
EarlyStopping counter: 2 out of 3
Updating learning rate to 0.000531441
Epoch: 7 cost time: 15.902015209197998
Epoch: 7, Steps: 66 | Train Loss: 1.2470573 Vali Loss: 0.7437760
EarlyStopping counter: 3 out of 3
Early stopping
>>>>>>>testing : weather_96_720_iFlashformer_custom_M_ft96_sl48_ll720_pl512_dm8_nh2_el1_dl2048_df3_fctimeF_ebTrue_dtExp_projection_trk4_tsk2_1<<<<<<<<<<<<<<<<<<<<<<<<<<<<<<<<<
test 9100
test shape: (9100, 1, 1440, 21) (9100, 1, 1440, 21)
test shape: (9100, 1440, 21) (9100, 1440, 21)
prediction length: 720, mse:0.32718411087989807, mae:0.3372402489185333
prediction length: 1440, mse:0.4119669198989868, mae:0.38628706336021423
Args in experiment:
Namespace(is_training=1, model_id='weather_96_720', model='iFlashformer', data='custom', root_path='./dataset/weather/', data_path='weather.csv', features='M', target='OT', freq='h', checkpoints='./checkpoints/', seq_len=96, label_len=48, pred_len=720, training_k=4, test_k=2, beta=0.1, gamma=0.5, enc_in=21, dec_in=21, c_out=21, d_model=512, n_heads=8, e_layers=2, d_layers=1, d_ff=2048, moving_avg=25, factor=3, distil=True, dropout=0.1, embed='timeF', activation='gelu', output_attention=False, do_predict=False, num_workers=10, itr=3, train_epochs=30, batch_size=512, patience=3, learning_rate=0.001, des='Exp', loss='MSE', lradj='type1', use_amp=False, use_gpu=True, gpu=0, use_multi_gpu=False, devices='0,1,2,3', exp_name='MTSF', channel_independence=False, inverse=False, class_strategy='projection', target_root_path='./data/electricity/', target_data_path='electricity.csv', efficient_training=False, use_norm=True, partial_start_index=0)
Use GPU: cuda:0
>>>>>>>start training : weather_96_720_iFlashformer_custom_M_ft96_sl48_ll720_pl512_dm8_nh2_el1_dl2048_df3_fctimeF_ebTrue_dtExp_projection_trk4_tsk2_0>>>>>>>>>>>>>>>>>>>>>>>>>>
train 33912
val 4551
test 9820
Epoch: 1 cost time: 16.171966314315796
Epoch: 1, Steps: 66 | Train Loss: 1.4611868 Vali Loss: 0.7583812
Validation loss decreased (inf --> 0.758381).  Saving model ...
Updating learning rate to 0.0009000000000000001
Epoch: 2 cost time: 15.989738941192627
Epoch: 2, Steps: 66 | Train Loss: 1.3729829 Vali Loss: 0.7457567
Validation loss decreased (0.758381 --> 0.745757).  Saving model ...
Updating learning rate to 0.0008100000000000001
Epoch: 3 cost time: 16.051197290420532
Epoch: 3, Steps: 66 | Train Loss: 1.3551988 Vali Loss: 0.7385404
Validation loss decreased (0.745757 --> 0.738540).  Saving model ...
Updating learning rate to 0.0007290000000000002
Epoch: 4 cost time: 15.489826202392578
Epoch: 4, Steps: 66 | Train Loss: 1.3256127 Vali Loss: 0.7360235
Validation loss decreased (0.738540 --> 0.736023).  Saving model ...
Updating learning rate to 0.0006561000000000001
Epoch: 5 cost time: 16.09998393058777
Epoch: 5, Steps: 66 | Train Loss: 1.2945255 Vali Loss: 0.7338691
Validation loss decreased (0.736023 --> 0.733869).  Saving model ...
Updating learning rate to 0.00059049
Epoch: 6 cost time: 16.2022705078125
Epoch: 6, Steps: 66 | Train Loss: 1.2696717 Vali Loss: 0.7445146
EarlyStopping counter: 1 out of 3
Updating learning rate to 0.000531441
Epoch: 7 cost time: 16.15432906150818
Epoch: 7, Steps: 66 | Train Loss: 1.2396736 Vali Loss: 0.7545627
EarlyStopping counter: 2 out of 3
Updating learning rate to 0.0004782969000000001
Epoch: 8 cost time: 16.202982187271118
Epoch: 8, Steps: 66 | Train Loss: 1.2133012 Vali Loss: 0.7567347
EarlyStopping counter: 3 out of 3
Early stopping
>>>>>>>testing : weather_96_720_iFlashformer_custom_M_ft96_sl48_ll720_pl512_dm8_nh2_el1_dl2048_df3_fctimeF_ebTrue_dtExp_projection_trk4_tsk2_0<<<<<<<<<<<<<<<<<<<<<<<<<<<<<<<<<
test 9100
test shape: (9100, 1, 1440, 21) (9100, 1, 1440, 21)
test shape: (9100, 1440, 21) (9100, 1440, 21)
prediction length: 720, mse:0.32691553235054016, mae:0.33595168590545654
prediction length: 1440, mse:0.41350245475769043, mae:0.38613900542259216
Use GPU: cuda:0
>>>>>>>start training : weather_96_720_iFlashformer_custom_M_ft96_sl48_ll720_pl512_dm8_nh2_el1_dl2048_df3_fctimeF_ebTrue_dtExp_projection_trk4_tsk2_1>>>>>>>>>>>>>>>>>>>>>>>>>>
train 33912
val 4551
test 9820
Epoch: 1 cost time: 15.719578504562378
Epoch: 1, Steps: 66 | Train Loss: 1.4692870 Vali Loss: 0.7525883
Validation loss decreased (inf --> 0.752588).  Saving model ...
Updating learning rate to 0.0009000000000000001
Epoch: 2 cost time: 15.728008508682251
Epoch: 2, Steps: 66 | Train Loss: 1.3800165 Vali Loss: 0.7419590
Validation loss decreased (0.752588 --> 0.741959).  Saving model ...
Updating learning rate to 0.0008100000000000001
Epoch: 3 cost time: 15.799015998840332
Epoch: 3, Steps: 66 | Train Loss: 1.3492774 Vali Loss: 0.7632944
EarlyStopping counter: 1 out of 3
Updating learning rate to 0.0007290000000000002
Epoch: 4 cost time: 15.813680171966553
Epoch: 4, Steps: 66 | Train Loss: 1.3288515 Vali Loss: 0.7425470
EarlyStopping counter: 2 out of 3
Updating learning rate to 0.0006561000000000001
Epoch: 5 cost time: 15.85033917427063
Epoch: 5, Steps: 66 | Train Loss: 1.3003079 Vali Loss: 0.7421089
EarlyStopping counter: 3 out of 3
Early stopping
>>>>>>>testing : weather_96_720_iFlashformer_custom_M_ft96_sl48_ll720_pl512_dm8_nh2_el1_dl2048_df3_fctimeF_ebTrue_dtExp_projection_trk4_tsk2_1<<<<<<<<<<<<<<<<<<<<<<<<<<<<<<<<<
test 9100
test shape: (9100, 1, 1440, 21) (9100, 1, 1440, 21)
test shape: (9100, 1440, 21) (9100, 1440, 21)
prediction length: 720, mse:0.32921352982521057, mae:0.33723676204681396
prediction length: 1440, mse:0.41639381647109985, mae:0.388045072555542
Use GPU: cuda:0
>>>>>>>start training : weather_96_720_iFlashformer_custom_M_ft96_sl48_ll720_pl512_dm8_nh2_el1_dl2048_df3_fctimeF_ebTrue_dtExp_projection_trk4_tsk2_2>>>>>>>>>>>>>>>>>>>>>>>>>>
train 33912
val 4551
test 9820
Epoch: 1 cost time: 15.738231182098389
Epoch: 1, Steps: 66 | Train Loss: 1.4672830 Vali Loss: 0.7470540
Validation loss decreased (inf --> 0.747054).  Saving model ...
Updating learning rate to 0.0009000000000000001
Epoch: 2 cost time: 15.784169435501099
Epoch: 2, Steps: 66 | Train Loss: 1.3746337 Vali Loss: 0.7292207
Validation loss decreased (0.747054 --> 0.729221).  Saving model ...
Updating learning rate to 0.0008100000000000001
Epoch: 3 cost time: 15.780439615249634
Epoch: 3, Steps: 66 | Train Loss: 1.3450450 Vali Loss: 0.7244203
Validation loss decreased (0.729221 --> 0.724420).  Saving model ...
Updating learning rate to 0.0007290000000000002
Epoch: 4 cost time: 15.866627931594849
Epoch: 4, Steps: 66 | Train Loss: 1.3146844 Vali Loss: 0.7382047
EarlyStopping counter: 1 out of 3
Updating learning rate to 0.0006561000000000001
Epoch: 5 cost time: 15.842888355255127
Epoch: 5, Steps: 66 | Train Loss: 1.2934297 Vali Loss: 0.7302043
EarlyStopping counter: 2 out of 3
Updating learning rate to 0.00059049
Epoch: 6 cost time: 15.851797580718994
Epoch: 6, Steps: 66 | Train Loss: 1.2660557 Vali Loss: 0.7402426
EarlyStopping counter: 3 out of 3
Early stopping
>>>>>>>testing : weather_96_720_iFlashformer_custom_M_ft96_sl48_ll720_pl512_dm8_nh2_el1_dl2048_df3_fctimeF_ebTrue_dtExp_projection_trk4_tsk2_2<<<<<<<<<<<<<<<<<<<<<<<<<<<<<<<<<
test 9100
test shape: (9100, 1, 1440, 21) (9100, 1, 1440, 21)
test shape: (9100, 1440, 21) (9100, 1440, 21)
prediction length: 720, mse:0.3282516896724701, mae:0.33706212043762207
prediction length: 1440, mse:0.41560864448547363, mae:0.38795560598373413
Args in experiment:
Namespace(is_training=1, model_id='weather_96_720', model='iFlashformer', data='custom', root_path='./dataset/weather/', data_path='weather.csv', features='M', target='OT', freq='h', checkpoints='./checkpoints/', seq_len=96, label_len=48, pred_len=720, training_k=4, test_k=2, beta=0.1, gamma=0.5, enc_in=21, dec_in=21, c_out=21, d_model=512, n_heads=8, e_layers=2, d_layers=1, d_ff=2048, moving_avg=25, factor=3, distil=True, dropout=0.1, embed='timeF', activation='gelu', output_attention=False, do_predict=False, num_workers=10, itr=4, train_epochs=30, batch_size=512, patience=3, learning_rate=0.001, des='Exp', loss='MSE', lradj='type1', use_amp=False, use_gpu=True, gpu=0, use_multi_gpu=False, devices='0,1,2,3', exp_name='MTSF', channel_independence=False, inverse=False, class_strategy='projection', target_root_path='./data/electricity/', target_data_path='electricity.csv', efficient_training=False, use_norm=True, partial_start_index=0)
Use GPU: cuda:0
>>>>>>>start training : weather_96_720_iFlashformer_custom_M_ft96_sl48_ll720_pl512_dm8_nh2_el1_dl2048_df3_fctimeF_ebTrue_dtExp_projection_trk4_tsk2_0>>>>>>>>>>>>>>>>>>>>>>>>>>
train 33912
val 4551
test 9820
Epoch: 1 cost time: 16.203805685043335
Epoch: 1, Steps: 66 | Train Loss: 1.4722774 Vali Loss: 0.7673450
Validation loss decreased (inf --> 0.767345).  Saving model ...
Updating learning rate to 0.0009000000000000001
Epoch: 2 cost time: 15.987676858901978
Epoch: 2, Steps: 66 | Train Loss: 1.3841389 Vali Loss: 0.7362533
Validation loss decreased (0.767345 --> 0.736253).  Saving model ...
Updating learning rate to 0.0008100000000000001
Epoch: 3 cost time: 16.087596654891968
Epoch: 3, Steps: 66 | Train Loss: 1.3563901 Vali Loss: 0.7536901
EarlyStopping counter: 1 out of 3
Updating learning rate to 0.0007290000000000002
Epoch: 4 cost time: 16.10961675643921
Epoch: 4, Steps: 66 | Train Loss: 1.3308622 Vali Loss: 0.7373602
EarlyStopping counter: 2 out of 3
Updating learning rate to 0.0006561000000000001
Epoch: 5 cost time: 16.115715265274048
Epoch: 5, Steps: 66 | Train Loss: 1.3017053 Vali Loss: 0.7236469
Validation loss decreased (0.736253 --> 0.723647).  Saving model ...
Updating learning rate to 0.00059049
Epoch: 6 cost time: 16.220961570739746
Epoch: 6, Steps: 66 | Train Loss: 1.2718795 Vali Loss: 0.7371329
EarlyStopping counter: 1 out of 3
Updating learning rate to 0.000531441
Epoch: 7 cost time: 16.04112982749939
Epoch: 7, Steps: 66 | Train Loss: 1.2438573 Vali Loss: 0.7427089
EarlyStopping counter: 2 out of 3
Updating learning rate to 0.0004782969000000001
Epoch: 8 cost time: 16.04255509376526
Epoch: 8, Steps: 66 | Train Loss: 1.2214950 Vali Loss: 0.7570747
EarlyStopping counter: 3 out of 3
Early stopping
>>>>>>>testing : weather_96_720_iFlashformer_custom_M_ft96_sl48_ll720_pl512_dm8_nh2_el1_dl2048_df3_fctimeF_ebTrue_dtExp_projection_trk4_tsk2_0<<<<<<<<<<<<<<<<<<<<<<<<<<<<<<<<<
test 9100
test shape: (9100, 1, 1440, 21) (9100, 1, 1440, 21)
test shape: (9100, 1440, 21) (9100, 1440, 21)
prediction length: 720, mse:0.3300013840198517, mae:0.3395267128944397
prediction length: 1440, mse:0.41608214378356934, mae:0.3890613913536072
Use GPU: cuda:0
>>>>>>>start training : weather_96_720_iFlashformer_custom_M_ft96_sl48_ll720_pl512_dm8_nh2_el1_dl2048_df3_fctimeF_ebTrue_dtExp_projection_trk4_tsk2_1>>>>>>>>>>>>>>>>>>>>>>>>>>
train 33912
val 4551
test 9820
Epoch: 1 cost time: 15.642578363418579
Epoch: 1, Steps: 66 | Train Loss: 1.4650888 Vali Loss: 0.7588903
Validation loss decreased (inf --> 0.758890).  Saving model ...
Updating learning rate to 0.0009000000000000001
Epoch: 2 cost time: 15.764900922775269
Epoch: 2, Steps: 66 | Train Loss: 1.3842447 Vali Loss: 0.7447950
Validation loss decreased (0.758890 --> 0.744795).  Saving model ...
Updating learning rate to 0.0008100000000000001
Epoch: 3 cost time: 15.769236326217651
Epoch: 3, Steps: 66 | Train Loss: 1.3491781 Vali Loss: 0.7455015
EarlyStopping counter: 1 out of 3
Updating learning rate to 0.0007290000000000002
Epoch: 4 cost time: 15.807194471359253
Epoch: 4, Steps: 66 | Train Loss: 1.3246604 Vali Loss: 0.7419502
Validation loss decreased (0.744795 --> 0.741950).  Saving model ...
Updating learning rate to 0.0006561000000000001
Epoch: 5 cost time: 15.88929533958435
Epoch: 5, Steps: 66 | Train Loss: 1.2995963 Vali Loss: 0.7298728
Validation loss decreased (0.741950 --> 0.729873).  Saving model ...
Updating learning rate to 0.00059049
Epoch: 6 cost time: 15.888674259185791
Epoch: 6, Steps: 66 | Train Loss: 1.2725763 Vali Loss: 0.7362286
EarlyStopping counter: 1 out of 3
Updating learning rate to 0.000531441
Epoch: 7 cost time: 15.858029842376709
Epoch: 7, Steps: 66 | Train Loss: 1.2482790 Vali Loss: 0.7421520
EarlyStopping counter: 2 out of 3
Updating learning rate to 0.0004782969000000001
Epoch: 8 cost time: 15.90329098701477
Epoch: 8, Steps: 66 | Train Loss: 1.2212872 Vali Loss: 0.7354947
EarlyStopping counter: 3 out of 3
Early stopping
>>>>>>>testing : weather_96_720_iFlashformer_custom_M_ft96_sl48_ll720_pl512_dm8_nh2_el1_dl2048_df3_fctimeF_ebTrue_dtExp_projection_trk4_tsk2_1<<<<<<<<<<<<<<<<<<<<<<<<<<<<<<<<<
test 9100
test shape: (9100, 1, 1440, 21) (9100, 1, 1440, 21)
test shape: (9100, 1440, 21) (9100, 1440, 21)
prediction length: 720, mse:0.3296917974948883, mae:0.3392944037914276
prediction length: 1440, mse:0.41627565026283264, mae:0.38910168409347534
Use GPU: cuda:0
>>>>>>>start training : weather_96_720_iFlashformer_custom_M_ft96_sl48_ll720_pl512_dm8_nh2_el1_dl2048_df3_fctimeF_ebTrue_dtExp_projection_trk4_tsk2_2>>>>>>>>>>>>>>>>>>>>>>>>>>
train 33912
val 4551
test 9820
Epoch: 1 cost time: 15.748972654342651
Epoch: 1, Steps: 66 | Train Loss: 1.4649373 Vali Loss: 0.7444190
Validation loss decreased (inf --> 0.744419).  Saving model ...
Updating learning rate to 0.0009000000000000001
Epoch: 2 cost time: 15.796589612960815
Epoch: 2, Steps: 66 | Train Loss: 1.3851198 Vali Loss: 0.7301642
Validation loss decreased (0.744419 --> 0.730164).  Saving model ...
Updating learning rate to 0.0008100000000000001
Epoch: 3 cost time: 15.79562520980835
Epoch: 3, Steps: 66 | Train Loss: 1.3597936 Vali Loss: 0.7414855
EarlyStopping counter: 1 out of 3
Updating learning rate to 0.0007290000000000002
Epoch: 4 cost time: 15.829265117645264
Epoch: 4, Steps: 66 | Train Loss: 1.3336525 Vali Loss: 0.7189652
Validation loss decreased (0.730164 --> 0.718965).  Saving model ...
Updating learning rate to 0.0006561000000000001
Epoch: 5 cost time: 15.896945476531982
Epoch: 5, Steps: 66 | Train Loss: 1.3068939 Vali Loss: 0.7419856
EarlyStopping counter: 1 out of 3
Updating learning rate to 0.00059049
Epoch: 6 cost time: 15.89565896987915
Epoch: 6, Steps: 66 | Train Loss: 1.2838211 Vali Loss: 0.7335879
EarlyStopping counter: 2 out of 3
Updating learning rate to 0.000531441
Epoch: 7 cost time: 15.924787759780884
Epoch: 7, Steps: 66 | Train Loss: 1.2614759 Vali Loss: 0.7376913
EarlyStopping counter: 3 out of 3
Early stopping
>>>>>>>testing : weather_96_720_iFlashformer_custom_M_ft96_sl48_ll720_pl512_dm8_nh2_el1_dl2048_df3_fctimeF_ebTrue_dtExp_projection_trk4_tsk2_2<<<<<<<<<<<<<<<<<<<<<<<<<<<<<<<<<
test 9100
test shape: (9100, 1, 1440, 21) (9100, 1, 1440, 21)
test shape: (9100, 1440, 21) (9100, 1440, 21)
prediction length: 720, mse:0.32779982686042786, mae:0.33611175417900085
prediction length: 1440, mse:0.4151335656642914, mae:0.3869921863079071
Use GPU: cuda:0
>>>>>>>start training : weather_96_720_iFlashformer_custom_M_ft96_sl48_ll720_pl512_dm8_nh2_el1_dl2048_df3_fctimeF_ebTrue_dtExp_projection_trk4_tsk2_3>>>>>>>>>>>>>>>>>>>>>>>>>>
train 33912
val 4551
test 9820
Epoch: 1 cost time: 15.714426279067993
Epoch: 1, Steps: 66 | Train Loss: 1.4590703 Vali Loss: 0.7519270
Validation loss decreased (inf --> 0.751927).  Saving model ...
Updating learning rate to 0.0009000000000000001
Epoch: 2 cost time: 15.789282083511353
Epoch: 2, Steps: 66 | Train Loss: 1.3769462 Vali Loss: 0.7364570
Validation loss decreased (0.751927 --> 0.736457).  Saving model ...
Updating learning rate to 0.0008100000000000001
Epoch: 3 cost time: 15.926745414733887
Epoch: 3, Steps: 66 | Train Loss: 1.3446083 Vali Loss: 0.7357420
Validation loss decreased (0.736457 --> 0.735742).  Saving model ...
Updating learning rate to 0.0007290000000000002
Epoch: 4 cost time: 15.843563795089722
Epoch: 4, Steps: 66 | Train Loss: 1.3154073 Vali Loss: 0.7349152
Validation loss decreased (0.735742 --> 0.734915).  Saving model ...
Updating learning rate to 0.0006561000000000001
Epoch: 5 cost time: 16.02429723739624
Epoch: 5, Steps: 66 | Train Loss: 1.2878391 Vali Loss: 0.7399325
EarlyStopping counter: 1 out of 3
Updating learning rate to 0.00059049
Epoch: 6 cost time: 15.849692821502686
Epoch: 6, Steps: 66 | Train Loss: 1.2644671 Vali Loss: 0.7565686
EarlyStopping counter: 2 out of 3
Updating learning rate to 0.000531441
Epoch: 7 cost time: 15.899888515472412
Epoch: 7, Steps: 66 | Train Loss: 1.2312531 Vali Loss: 0.7751199
EarlyStopping counter: 3 out of 3
Early stopping
>>>>>>>testing : weather_96_720_iFlashformer_custom_M_ft96_sl48_ll720_pl512_dm8_nh2_el1_dl2048_df3_fctimeF_ebTrue_dtExp_projection_trk4_tsk2_3<<<<<<<<<<<<<<<<<<<<<<<<<<<<<<<<<
test 9100
test shape: (9100, 1, 1440, 21) (9100, 1, 1440, 21)
test shape: (9100, 1440, 21) (9100, 1440, 21)
prediction length: 720, mse:0.3298526704311371, mae:0.3381294310092926
prediction length: 1440, mse:0.4181921184062958, mae:0.3896755874156952
Args in experiment:
Namespace(is_training=1, model_id='weather_96_720', model='iFlashformer', data='custom', root_path='./dataset/weather/', data_path='weather.csv', features='M', target='OT', freq='h', checkpoints='./checkpoints/', seq_len=96, label_len=48, pred_len=720, training_k=4, test_k=2, beta=0.1, gamma=0.5, enc_in=21, dec_in=21, c_out=21, d_model=512, n_heads=8, e_layers=2, d_layers=1, d_ff=2048, moving_avg=25, factor=3, distil=True, dropout=0.1, embed='timeF', activation='gelu', output_attention=False, do_predict=False, num_workers=10, itr=5, train_epochs=30, batch_size=512, patience=3, learning_rate=0.001, des='Exp', loss='MSE', lradj='type1', use_amp=False, use_gpu=True, gpu=0, use_multi_gpu=False, devices='0,1,2,3', exp_name='MTSF', channel_independence=False, inverse=False, class_strategy='projection', target_root_path='./data/electricity/', target_data_path='electricity.csv', efficient_training=False, use_norm=True, partial_start_index=0)
Use GPU: cuda:0
>>>>>>>start training : weather_96_720_iFlashformer_custom_M_ft96_sl48_ll720_pl512_dm8_nh2_el1_dl2048_df3_fctimeF_ebTrue_dtExp_projection_trk4_tsk2_0>>>>>>>>>>>>>>>>>>>>>>>>>>
train 33912
val 4551
test 9820
Epoch: 1 cost time: 16.18492603302002
Epoch: 1, Steps: 66 | Train Loss: 1.4719554 Vali Loss: 0.7594199
Validation loss decreased (inf --> 0.759420).  Saving model ...
Updating learning rate to 0.0009000000000000001
Epoch: 2 cost time: 16.059370279312134
Epoch: 2, Steps: 66 | Train Loss: 1.3811366 Vali Loss: 0.7603980
EarlyStopping counter: 1 out of 3
Updating learning rate to 0.0008100000000000001
Epoch: 3 cost time: 16.1406409740448
Epoch: 3, Steps: 66 | Train Loss: 1.3554844 Vali Loss: 0.7344371
Validation loss decreased (0.759420 --> 0.734437).  Saving model ...
Updating learning rate to 0.0007290000000000002
Epoch: 4 cost time: 15.988463163375854
Epoch: 4, Steps: 66 | Train Loss: 1.3282779 Vali Loss: 0.7302963
Validation loss decreased (0.734437 --> 0.730296).  Saving model ...
Updating learning rate to 0.0006561000000000001
Epoch: 5 cost time: 16.176450729370117
Epoch: 5, Steps: 66 | Train Loss: 1.3006212 Vali Loss: 0.7386614
EarlyStopping counter: 1 out of 3
Updating learning rate to 0.00059049
Epoch: 6 cost time: 16.157199144363403
Epoch: 6, Steps: 66 | Train Loss: 1.2745689 Vali Loss: 0.7493700
EarlyStopping counter: 2 out of 3
Updating learning rate to 0.000531441
Epoch: 7 cost time: 16.1925368309021
Epoch: 7, Steps: 66 | Train Loss: 1.2488658 Vali Loss: 0.7548205
EarlyStopping counter: 3 out of 3
Early stopping
>>>>>>>testing : weather_96_720_iFlashformer_custom_M_ft96_sl48_ll720_pl512_dm8_nh2_el1_dl2048_df3_fctimeF_ebTrue_dtExp_projection_trk4_tsk2_0<<<<<<<<<<<<<<<<<<<<<<<<<<<<<<<<<
test 9100
test shape: (9100, 1, 1440, 21) (9100, 1, 1440, 21)
test shape: (9100, 1440, 21) (9100, 1440, 21)
prediction length: 720, mse:0.329754114151001, mae:0.3390491008758545
prediction length: 1440, mse:0.4160648286342621, mae:0.38938581943511963
Use GPU: cuda:0
>>>>>>>start training : weather_96_720_iFlashformer_custom_M_ft96_sl48_ll720_pl512_dm8_nh2_el1_dl2048_df3_fctimeF_ebTrue_dtExp_projection_trk4_tsk2_1>>>>>>>>>>>>>>>>>>>>>>>>>>
train 33912
val 4551
test 9820
Epoch: 1 cost time: 15.715868473052979
Epoch: 1, Steps: 66 | Train Loss: 1.4671135 Vali Loss: 0.7490613
Validation loss decreased (inf --> 0.749061).  Saving model ...
Updating learning rate to 0.0009000000000000001
Epoch: 2 cost time: 15.681358337402344
Epoch: 2, Steps: 66 | Train Loss: 1.3810887 Vali Loss: 0.7444383
Validation loss decreased (0.749061 --> 0.744438).  Saving model ...
Updating learning rate to 0.0008100000000000001
Epoch: 3 cost time: 15.807289123535156
Epoch: 3, Steps: 66 | Train Loss: 1.3492000 Vali Loss: 0.7364578
Validation loss decreased (0.744438 --> 0.736458).  Saving model ...
Updating learning rate to 0.0007290000000000002
Epoch: 4 cost time: 15.82481050491333
Epoch: 4, Steps: 66 | Train Loss: 1.3243469 Vali Loss: 0.7308284
Validation loss decreased (0.736458 --> 0.730828).  Saving model ...
Updating learning rate to 0.0006561000000000001
Epoch: 5 cost time: 15.90661072731018
Epoch: 5, Steps: 66 | Train Loss: 1.2997548 Vali Loss: 0.7359837
EarlyStopping counter: 1 out of 3
Updating learning rate to 0.00059049
Epoch: 6 cost time: 15.906625986099243
Epoch: 6, Steps: 66 | Train Loss: 1.2719396 Vali Loss: 0.7459028
EarlyStopping counter: 2 out of 3
Updating learning rate to 0.000531441
Epoch: 7 cost time: 15.820584535598755
Epoch: 7, Steps: 66 | Train Loss: 1.2432711 Vali Loss: 0.7474209
EarlyStopping counter: 3 out of 3
Early stopping
>>>>>>>testing : weather_96_720_iFlashformer_custom_M_ft96_sl48_ll720_pl512_dm8_nh2_el1_dl2048_df3_fctimeF_ebTrue_dtExp_projection_trk4_tsk2_1<<<<<<<<<<<<<<<<<<<<<<<<<<<<<<<<<
test 9100
test shape: (9100, 1, 1440, 21) (9100, 1, 1440, 21)
test shape: (9100, 1440, 21) (9100, 1440, 21)
prediction length: 720, mse:0.327619343996048, mae:0.3368525207042694
prediction length: 1440, mse:0.4136919677257538, mae:0.3862819969654083
Use GPU: cuda:0
>>>>>>>start training : weather_96_720_iFlashformer_custom_M_ft96_sl48_ll720_pl512_dm8_nh2_el1_dl2048_df3_fctimeF_ebTrue_dtExp_projection_trk4_tsk2_2>>>>>>>>>>>>>>>>>>>>>>>>>>
train 33912
val 4551
test 9820
Epoch: 1 cost time: 15.644804954528809
Epoch: 1, Steps: 66 | Train Loss: 1.4607306 Vali Loss: 0.7512228
Validation loss decreased (inf --> 0.751223).  Saving model ...
Updating learning rate to 0.0009000000000000001
Epoch: 2 cost time: 15.770368576049805
Epoch: 2, Steps: 66 | Train Loss: 1.3757641 Vali Loss: 0.7336961
Validation loss decreased (0.751223 --> 0.733696).  Saving model ...
Updating learning rate to 0.0008100000000000001
Epoch: 3 cost time: 15.789620399475098
Epoch: 3, Steps: 66 | Train Loss: 1.3523638 Vali Loss: 0.7336166
Validation loss decreased (0.733696 --> 0.733617).  Saving model ...
Updating learning rate to 0.0007290000000000002
Epoch: 4 cost time: 15.856029987335205
Epoch: 4, Steps: 66 | Train Loss: 1.3245742 Vali Loss: 0.7273946
Validation loss decreased (0.733617 --> 0.727395).  Saving model ...
Updating learning rate to 0.0006561000000000001
Epoch: 5 cost time: 15.864182472229004
Epoch: 5, Steps: 66 | Train Loss: 1.3009370 Vali Loss: 0.7360266
EarlyStopping counter: 1 out of 3
Updating learning rate to 0.00059049
Epoch: 6 cost time: 15.874632596969604
Epoch: 6, Steps: 66 | Train Loss: 1.2752439 Vali Loss: 0.7333313
EarlyStopping counter: 2 out of 3
Updating learning rate to 0.000531441
Epoch: 7 cost time: 15.836230754852295
Epoch: 7, Steps: 66 | Train Loss: 1.2519636 Vali Loss: 0.7506831
EarlyStopping counter: 3 out of 3
Early stopping
>>>>>>>testing : weather_96_720_iFlashformer_custom_M_ft96_sl48_ll720_pl512_dm8_nh2_el1_dl2048_df3_fctimeF_ebTrue_dtExp_projection_trk4_tsk2_2<<<<<<<<<<<<<<<<<<<<<<<<<<<<<<<<<
test 9100
test shape: (9100, 1, 1440, 21) (9100, 1, 1440, 21)
test shape: (9100, 1440, 21) (9100, 1440, 21)
prediction length: 720, mse:0.32723069190979004, mae:0.33772343397140503
prediction length: 1440, mse:0.4143083393573761, mae:0.38833263516426086
Use GPU: cuda:0
>>>>>>>start training : weather_96_720_iFlashformer_custom_M_ft96_sl48_ll720_pl512_dm8_nh2_el1_dl2048_df3_fctimeF_ebTrue_dtExp_projection_trk4_tsk2_3>>>>>>>>>>>>>>>>>>>>>>>>>>
train 33912
val 4551
test 9820
Epoch: 1 cost time: 15.694063901901245
Epoch: 1, Steps: 66 | Train Loss: 1.4695394 Vali Loss: 0.7516862
Validation loss decreased (inf --> 0.751686).  Saving model ...
Updating learning rate to 0.0009000000000000001
Epoch: 2 cost time: 15.709969282150269
Epoch: 2, Steps: 66 | Train Loss: 1.3805363 Vali Loss: 0.7377080
Validation loss decreased (0.751686 --> 0.737708).  Saving model ...
Updating learning rate to 0.0008100000000000001
Epoch: 3 cost time: 15.756471633911133
Epoch: 3, Steps: 66 | Train Loss: 1.3491616 Vali Loss: 0.7325329
Validation loss decreased (0.737708 --> 0.732533).  Saving model ...
Updating learning rate to 0.0007290000000000002
Epoch: 4 cost time: 15.809138059616089
Epoch: 4, Steps: 66 | Train Loss: 1.3266285 Vali Loss: 0.7316922
Validation loss decreased (0.732533 --> 0.731692).  Saving model ...
Updating learning rate to 0.0006561000000000001
Epoch: 5 cost time: 15.810831785202026
Epoch: 5, Steps: 66 | Train Loss: 1.2977515 Vali Loss: 0.7281871
Validation loss decreased (0.731692 --> 0.728187).  Saving model ...
Updating learning rate to 0.00059049
Epoch: 6 cost time: 15.852817058563232
Epoch: 6, Steps: 66 | Train Loss: 1.2726021 Vali Loss: 0.7442150
EarlyStopping counter: 1 out of 3
Updating learning rate to 0.000531441
Epoch: 7 cost time: 15.806555271148682
Epoch: 7, Steps: 66 | Train Loss: 1.2428625 Vali Loss: 0.7476370
EarlyStopping counter: 2 out of 3
Updating learning rate to 0.0004782969000000001
Epoch: 8 cost time: 15.819611549377441
Epoch: 8, Steps: 66 | Train Loss: 1.2155226 Vali Loss: 0.7609101
EarlyStopping counter: 3 out of 3
Early stopping
>>>>>>>testing : weather_96_720_iFlashformer_custom_M_ft96_sl48_ll720_pl512_dm8_nh2_el1_dl2048_df3_fctimeF_ebTrue_dtExp_projection_trk4_tsk2_3<<<<<<<<<<<<<<<<<<<<<<<<<<<<<<<<<
test 9100
test shape: (9100, 1, 1440, 21) (9100, 1, 1440, 21)
test shape: (9100, 1440, 21) (9100, 1440, 21)
prediction length: 720, mse:0.32909247279167175, mae:0.33875155448913574
prediction length: 1440, mse:0.415033221244812, mae:0.3883436918258667
Use GPU: cuda:0
>>>>>>>start training : weather_96_720_iFlashformer_custom_M_ft96_sl48_ll720_pl512_dm8_nh2_el1_dl2048_df3_fctimeF_ebTrue_dtExp_projection_trk4_tsk2_4>>>>>>>>>>>>>>>>>>>>>>>>>>
train 33912
val 4551
test 9820
Epoch: 1 cost time: 15.79008960723877
Epoch: 1, Steps: 66 | Train Loss: 1.4625527 Vali Loss: 0.7524886
Validation loss decreased (inf --> 0.752489).  Saving model ...
Updating learning rate to 0.0009000000000000001
Epoch: 2 cost time: 15.702507019042969
Epoch: 2, Steps: 66 | Train Loss: 1.3783119 Vali Loss: 0.7421966
Validation loss decreased (0.752489 --> 0.742197).  Saving model ...
Updating learning rate to 0.0008100000000000001
Epoch: 3 cost time: 15.781477212905884
Epoch: 3, Steps: 66 | Train Loss: 1.3509640 Vali Loss: 0.7408569
Validation loss decreased (0.742197 --> 0.740857).  Saving model ...
Updating learning rate to 0.0007290000000000002
Epoch: 4 cost time: 15.898054122924805
Epoch: 4, Steps: 66 | Train Loss: 1.3270266 Vali Loss: 0.7271733
Validation loss decreased (0.740857 --> 0.727173).  Saving model ...
Updating learning rate to 0.0006561000000000001
Epoch: 5 cost time: 15.89902663230896
Epoch: 5, Steps: 66 | Train Loss: 1.3006056 Vali Loss: 0.7422808
EarlyStopping counter: 1 out of 3
Updating learning rate to 0.00059049
Epoch: 6 cost time: 15.831032752990723
Epoch: 6, Steps: 66 | Train Loss: 1.2749450 Vali Loss: 0.7367553
EarlyStopping counter: 2 out of 3
Updating learning rate to 0.000531441
Epoch: 7 cost time: 15.890932083129883
Epoch: 7, Steps: 66 | Train Loss: 1.2469521 Vali Loss: 0.7478754
EarlyStopping counter: 3 out of 3
Early stopping
>>>>>>>testing : weather_96_720_iFlashformer_custom_M_ft96_sl48_ll720_pl512_dm8_nh2_el1_dl2048_df3_fctimeF_ebTrue_dtExp_projection_trk4_tsk2_4<<<<<<<<<<<<<<<<<<<<<<<<<<<<<<<<<
test 9100
test shape: (9100, 1, 1440, 21) (9100, 1, 1440, 21)
test shape: (9100, 1440, 21) (9100, 1440, 21)
prediction length: 720, mse:0.3279343843460083, mae:0.33660537004470825
prediction length: 1440, mse:0.41374486684799194, mae:0.3864142596721649
random_seed_results.sh: line 100: rs: command not found
random_seed_results.sh: line 108: syntax error near unexpected token `done'
random_seed_results.sh: line 108: `    done'
